product_id,product_title,product_description,review_text,image_paths,label
prod_03,"Cetaphil Gentle Skin Cleanser 59ml (For Sensitive Skin, Non-Drying Facial Wash, And Paraben Free)","Our best-selling gentle skin cleanser is clinically proven to actively hydrate while cleansing the skin, and defends against the five signs of skin sensitivity including dryness, irritation, roughness, toughness, and a weakened skin barrier
Our best-seller and fan favorite - a mild, non-irritating and soap-free formula that soothes skin as it cleanses. This award-winning cleanser is clinically proven to hydrate while cleansing, and helps to strengthen the skin&#39;s moisture barrier. It can be specifically used for everyday cleansing, and defends against the five signs of skin sensitivity - dryness, irritation, roughness, toughness, and weakened skin barrier. Non-comodogenic, fragrance-free, pH balanced, and dermatologically tested.
Cetaphil is the most prescribed skincare brand by dermatologists.
- Gentle, soap-free, non-irritating cleanser actively hydrates while cleansing
- Defends against the five signs of skin sensitivity, including dryness, irritation, roughness, tightness and weakened skin barrier
- Non-foaming cleanser can be used with or without water
- Suitable for all skin types, including dry and sensitive skin
- Dermatologist tested and clinically proven to be gentle on sensitive skin
- Fragrance free, hypoallergenic and non-comedogenic, so it won&#39;t irritate skin or clog pores
INGREDIENTS:
Aqua, Glycerin, Cetearyl Alcohol, Panthenol, Niacinamide, Pantolactone, Xanthan Gum, Sodium Cocoyl Isethionate, Sodium Benzoate, Citric Acid
Directions for Use:
With water: 
Apply cleanser and gentle massage into skin. Rinse.
Without water:
Apply a liberal amount of cleanser and gently massage into skin.
About the Brand:
Cetaphil is a gentle skincare brand that has been recommended by dermatologists for over 70 years, and is today used by millions of people with sensitive skin from all around the world. It offers a complete range of cleansers, moisturizers and sun protection ideal for face and body, providing gentle yet effective skincare formula to strengthen and protect even the most sensitive skin.
MOST PRESCRIBED SKINCARE BRAND
Cetaphil is the original sensitive cleanser recommended by dermatologists for over 70 years
CLINICALLY TESTED FOR SENSITIVE SKIN
Our soap-free, skin nourishing products will treat your skin without irritation and is hypoallergenic
DEFENDS AGAINST 5 SIGNS OF SENSITIVITY
Clinically proven to soothe, hydrate, and nourish sensitive skin","Edited: I've been using this for 2 days, and I got a tiny bumb on my forehead ☹️☹️☹️ the packaging was good but maybe this product is not suitable for me😟",ph-11134103-7qukw-lj19spw8dwxy47.jpg,0
prod_06,Baseus H19 Wired Earphones 6D Stereo Bass Headphone In-Ear 3.5mm Headset with MIC,"Hey~ Welcome to Baseus Flagship Official Store!!! Please read the product description clearly,choose u need.Most items have ready stocks! Enjoy~
 ❥Package:
1*H19 3.5mm wired earphone
❥Specifications:
Brand: Baseus
Length:1.2m
❥Feature:
1. Inclined in the ear design, comfortable to wear all day.
2. Φ 14 mm moving coil + PU composite diaphragm, 6 d sound quality,
3. Thin wire control design, sensitive keys, durable
4. Built-in HD microphone, high restoration degree,
5. TPE pattern wire, soft and anti-winding
6. Support all devices with 3.5mm interface","quality is just fine, very accommodating seller, well packed & item shipped just in time..will order again soon!! thank you after a few weeks nasira na ung earphones 👎👎",ph-11134103-7rasl-m8s0f2hcvwvn23.webp.jpg,0
prod_08,Inplay S500 Wired RGB Gaming Headset With Mic Surround Sound Over Ear Headphone For PC Laptop,"Inplay Official Service Center Guranteed
Variation
Brand: Inplay
Model: S500
Driver Diameter: 50mm
Impedance: 32Ω@1KHZ
Sensitivity: 115-121db at 1KHZ 1mV
Frequency Response: 20hz-20khz
Light Effect: Colorful led light
Cable Length: 1.8m
Product Size:190*170*90mm
Product Weight: 228-248g
Warranty: 6 Months
Microphone Parameters
Sensitivity: -38-42dB@1KHz
Input mode: DC 3.5 plug
Signal to Noise Ratio: ≥60db
Frequency Response: 100Hz-8KHz",Best Feature: rbg lights | Product Quality: its a 6/10 its okay quality | Performance: decent low volume output and | decent headset good for its price,ph-11134103-7r98r-lwx14eb3fqld93.jpg,1
prod_18,POND'S Acne Clear Pore Conditioning Toner with Salicylic Acid and Tea Tree Oil for Anti Pimple 100ml,"Pond’s Acne Clear Pore Conditioning Toner cares for pores to give you clearer skin that is smooth and refined up close. It has Salicylic Acid and Tea Tree Oil that deeply cleans and unclogs pores, helping to reduce pimples for clearer skin. It also has Pore Tightening Essence that conditions pores for smooth and refined skin.",nagleak lang sya ng konti..siguro nagrotate yung takip nya but it's okay kasi konting konti lang naman yung nagleak..thank you seller pakisecure nalang po ng takip sa susunod na pag order ko 🙂,4cdc5af9271b0723fe49aae2fa72fa9e.jpg,1
prod_05,Dermorepubliq 7% Glycolic Acid (AHA) Skin Renewing Toner,"This skin-renewing toner is perfect for improving dull, tired skin, it contains 7% Glycolic Acid, which sloughs off the outermost layer of the dead skin cells, revealing brighter and smoother skin.
Superstar herbs such as Centella Asiatica, Witch Hazel, Papaya, Cucumber, and Aloe Vera Extracts work synergistically for effective acne control and skin-soothing action.
Formulated with sensitive skin in mind, we made sure that this toner does not contain:
• Alcohol
• Sulfates
• Silicones
• Parabens
• Polymers
• Formaldehyde
• Artificial Colorants
• Artificial Scents
Ingredients List
Aqua, 7% Glycolic Acid (AHA), Aloe Barbadensis (Aloe Vera) Leaf Juice, Propylene Glycol, Glycerin, Sodium Hydroxide, Cucumis Sativus (Cucumber) Extract, Centella Asiatica (Gotu Kola) Extract, Carica Papaya (Papaya) Fruit Extract, Hamamelis Virginiana (Witch Hazel) Leaf Extract, Phenoxyethanol, Ethylhexylglycerin
pH 3.5 - 3.7
Dear valued customers,
We are excited to announce that Dermorepubliq is currently transitioning from using plastic shrink wraps to paper boxes as part of our commitment to reducing plastic pollution and protecting the environment. While this transition is underway, some of our products may still arrive with shrink wraps, but we are working hard to make paper boxes the new norm. We appreciate your support as we take this important step toward a more sustainable future.","Fragrance: Subtle chemical smell | Packaging: Straightforward and easy to use | Usage Experience: Haven't tried it yet | Haven't tried it yet, will change the rating once I see results but for now that would be it. Bought it due to the hype on tiktok so, we'll see if it's really effective or not. Hopefully, I'll see better results so I can have my money's worth.",ph-11134103-7r98z-lyayojcx65tq79.jpg,1
prod_11,ICON Webcam 2K/ 1080P/ 720P Full HD Video Call For PC Laptop With Microphone Home USB Video Webcam,"Name: ICON 1080X1920P Webcam 2K
8 million high-definition image sensor, effective resolution 1920*1080
Main control chip: Lingtong GP2247
Camera chip: F37
Camera physical pixels: 800W
Camera angle: 90 degrees
Microphone: built-in noise reduction microphone
Drive type: free drive (plug and play)
Interface type: USB 2.0 (built-in mark)
USB cable length: 140cm
Camera chip size: 1/4'' CMOS
---------------------------------------------------------------------------------------------------------------------------------------------------------
Name: ICON webcam 720P
5 million high-definition image sensor, effective resolution 1280*720
Main control chip: Lingtong GP2247
Camera chip: F37
Camera physical pixels: 500W
Camera angle: 90 degrees
Microphone: built-in noise reduction microphone
Drive type: free drive (plug and play)
Interface type: USB 2.0 (built-in mark)
USB cable length: 140cm
Camera chip size: 1/4'' CMOS
---------------------------------------------------------------------------------------------------------------------------------------------------------
Name: ICON webcam 1080P
5 million high-definition image sensor, effective resolution 1920X1080
Main control chip: Lingtong GP2247
Camera chip: F37
Camera physical pixels: 800W
Camera angle: 90 degrees
Microphone: built-in noise reduction microphone
Drive type: free drive (plug and play)
Interface type: USB 2.0 (built-in mark)
USB cable length: 140cm
Camera chip size: 1/4'' CMOS
warranty service
Replacement within 15 days: Within 15 days after the receipt of the product, if there is a product quality problem that is not artificially damaged, you can contact customer service and we will provide replacement services.
1 year warranty: From the date of receipt of the product, if there is a hardware failure problem under normal use, non-artificial damage, any natural disasters. Free warranty for one year.
Lifetime technical maintenance: After purchasing the product, you can enjoy free lifetime technical consulting services provided by engineers
About shipping: If there is a quality problem within 1 month of purchasing the product, the shipping will be borne by each other.
After one month to one year, the return shipping fee shall be borne by the customer.",Product Quality: average | Value For Money: cheaper | Best Feature: adjustable lens | Medyo d lng malinaw tulad ng review ng iba 2k ang order ko so expected mas malinaw cya sa 1080P..but sadly kahit 2k na kasing linaw lang ng pang 1080 P.nag upgrade ako ng order gusto ko sana mas malinaw sa dati kong gamit na 1080 but still no sifference at all,ph-11134103-81ztf-mgds882xyeq0b3.jpg;ph-11134103-81ztg-mgds882q19fwd2.jpg;ph-11134103-81ztj-mgds882q2o0c29.jpg,2
prod_13,High quality rubber shoes Black school shoes for boy and men's,"No in box
Welcome to the shop, our quality guarantee is cheap
EU  size                   36     37       38    39      40    41    42    43    44    45 
inner length (mm) 225  230   235   240   245   250  255  260  265  270
feet length (mm)  220  225  230  235   240   245    250   255   260  265
       width              8-8.5 /8.5/ 9/ 9-9.5 /9.5-10/10 /10-10.5/10.5/10.5-11/11
 NOTE: If your feet are wide and fat, please choose to place an order in one size larger
This shoe is made of rubber material and may be squeezed or deformed during transportation, but it does not affect wearing. You can soak the shoes in hot water for 5 minutes to restore them to their original shape.
happy shopping for you
✅EARN LOTS OF SHOPEE COINS
✅CASH ON DELIVERY
✅ON HAND AND READY TO SHIP
✅PAY TODAY SHIP TOMORROW
NOTE: WRONG PLACEMENT OF SHIPPING FEE WILL NOT BE PROCESS
DELIVERY PERIOD:
 1-2 days Metro Manila
 3-4 days Provincial
PLEASE READ CAREFULLY BEFORE PLACING AN ORDER/S ️
 ✔️ALL ITEMS ARE AVAILABLE UNLESS MARKED AS ""SOLD OUT""
✔CHOOSE THE CORRECT  IF THE ITEMS HAS DIFFERENT COLORS/PRINTS SO WE CAN AVOID MISTAKES
✔WE ACCEPT RETURNS IF THE ITEM IS NOT YET WORN OR USED. BUYER WILL SHOULDER THE RETURN SHIPPING COST
LIKE & FOLLOW US FOR UPDATES! 
HAPPY SHOPPING!","Colour: Black | Material Quality: Durable | Appearance: Looks good! | 4 stars lang kasi 29 size ng anak ko kaya 30 inorder ko. kaso dumating 30-31, kaya biglang laki naman hindi nag kakasya. sana ganun nalang ang sizing option nila para mas may idea ang customer.",ph-11134103-7r98o-ll1lbksfrktj6c.jpg;ph-11134103-7r98o-ll1lbksfszdz32.jpg;ph-11134103-7r98o-ll1lc9rf6m2od2.jpg;ph-11134103-7r98o-ll1lc9rf80n415.jpg;ph-11134103-7r98o-ll1lcq5b7dwn8c.jpg,2
prod_18,POND'S Acne Clear Pore Conditioning Toner with Salicylic Acid and Tea Tree Oil for Anti Pimple 100ml,"Pond’s Acne Clear Pore Conditioning Toner cares for pores to give you clearer skin that is smooth and refined up close. It has Salicylic Acid and Tea Tree Oil that deeply cleans and unclogs pores, helping to reduce pimples for clearer skin. It also has Pore Tightening Essence that conditions pores for smooth and refined skin.",Watson and Shopee comparison Watson is lighter in color and print/font while Shopee is darker on color and print/font Smell is similar Size is similar except for the fifth bottle. Nag leak kahit naka tape. Parang may halong water nung inaapply ko sya sa face ko 🤦🏻‍♀️😔😬,33c599051269d8e941cb6501ca6887d4.jpg;850f8a93d75c1105a0821c278c7def65.jpg;3743350014dd40c642341cfeaabd1bc1.jpg,1
prod_03,"Cetaphil Gentle Skin Cleanser 59ml (For Sensitive Skin, Non-Drying Facial Wash, And Paraben Free)","Our best-selling gentle skin cleanser is clinically proven to actively hydrate while cleansing the skin, and defends against the five signs of skin sensitivity including dryness, irritation, roughness, toughness, and a weakened skin barrier
Our best-seller and fan favorite - a mild, non-irritating and soap-free formula that soothes skin as it cleanses. This award-winning cleanser is clinically proven to hydrate while cleansing, and helps to strengthen the skin&#39;s moisture barrier. It can be specifically used for everyday cleansing, and defends against the five signs of skin sensitivity - dryness, irritation, roughness, toughness, and weakened skin barrier. Non-comodogenic, fragrance-free, pH balanced, and dermatologically tested.
Cetaphil is the most prescribed skincare brand by dermatologists.
- Gentle, soap-free, non-irritating cleanser actively hydrates while cleansing
- Defends against the five signs of skin sensitivity, including dryness, irritation, roughness, tightness and weakened skin barrier
- Non-foaming cleanser can be used with or without water
- Suitable for all skin types, including dry and sensitive skin
- Dermatologist tested and clinically proven to be gentle on sensitive skin
- Fragrance free, hypoallergenic and non-comedogenic, so it won&#39;t irritate skin or clog pores
INGREDIENTS:
Aqua, Glycerin, Cetearyl Alcohol, Panthenol, Niacinamide, Pantolactone, Xanthan Gum, Sodium Cocoyl Isethionate, Sodium Benzoate, Citric Acid
Directions for Use:
With water: 
Apply cleanser and gentle massage into skin. Rinse.
Without water:
Apply a liberal amount of cleanser and gently massage into skin.
About the Brand:
Cetaphil is a gentle skincare brand that has been recommended by dermatologists for over 70 years, and is today used by millions of people with sensitive skin from all around the world. It offers a complete range of cleansers, moisturizers and sun protection ideal for face and body, providing gentle yet effective skincare formula to strengthen and protect even the most sensitive skin.
MOST PRESCRIBED SKINCARE BRAND
Cetaphil is the original sensitive cleanser recommended by dermatologists for over 70 years
CLINICALLY TESTED FOR SENSITIVE SKIN
Our soap-free, skin nourishing products will treat your skin without irritation and is hypoallergenic
DEFENDS AGAINST 5 SIGNS OF SENSITIVITY
Clinically proven to soothe, hydrate, and nourish sensitive skin",Benefits: olol | Usage Experience: napaka angas | Fragrance: sheesh,ph-11134103-7qul6-lhorhxsbjfux2e.jpg,0
prod_16,URBAN PIPE Fashionable Cargo Pants For Men 6 Pocket Drawstring Pant High Quality Bottoms 42917,"Discover the perfect blend of style and comfort with the URBAN PIPE Cargo Pants for Men. Designed for a modern urban look, these oversized pants feature multiple pockets and a versatile wide-leg design.
Functional Design: Equipped with 6 pockets for ample storage.
Stylish Fit: Oversized hip-hop style with wide-leg straight cut.
Adjustable Comfort: Drawstring waist for a customizable fit.
Add these trendy cargo pants to your wardrobe and elevate your casual outfits effortlessly!","The fit was perfect, pero ang pangit ng mga tahi",ph-11134103-7ras9-m7qf7pc64j8pe0.jpg;ph-11134103-7rask-m7qf7pda2wrt71.jpg;ph-11134103-7rasl-m7qf7pd03bjd5e.jpg,1
prod_18,POND'S Acne Clear Pore Conditioning Toner with Salicylic Acid and Tea Tree Oil for Anti Pimple 100ml,"Pond’s Acne Clear Pore Conditioning Toner cares for pores to give you clearer skin that is smooth and refined up close. It has Salicylic Acid and Tea Tree Oil that deeply cleans and unclogs pores, helping to reduce pimples for clearer skin. It also has Pore Tightening Essence that conditions pores for smooth and refined skin.","Fragrance: mabango | Effectiveness: ewan kopa | Texture: Watery malamang | huhu nung binubuksan kona yung parcel nagtaka ako why matubig, yun pala nag leak na aaaaaaaaaa im actuallt worrieddddd kasi dadalhin koto sa ibang place kasi magbabakasyon ako huhu baka magleak while nasa byaheeeeee AAAAAAAAA MAYBE ILILIPAT KONALANG SYA NG IBANF CONTAINERRR",ph-11134103-7rash-m7c039dbzss21f.jpg,0
prod_15,Infinitee Japanese Inspired Oversized T Shirt For Men Women Oversize Plus Size Tshirt Top Tops Tees,"Premium Quality Cotton T-Shirt
✔ 100% Brand New
✔ Material: Cotton-blend
✔ Fit: Loose Fit
✔ Style: Casual
✔ Fabric Density: 200 gsm
✔ Comfortable and Long-Wearing
✔ Asian Size
📏 Please refer to the Size Chart for accurate measurements.
🧺 Care Instructions:
• Do not bleach
• Do not dry clean
⚠️ Note: Color may appear slightly lighter or darker due to lighting.",Appearance: nice | Material Quality: okay | Colour: correct | Received my order in a timely manner the colors and sizes are right Im really satisfied 4 stars for the meantime I will edit my review once the shirt was washed and the quality stays the same,ph-11134103-7r98y-lo68vnvfx1lme3.jpg;ph-11134103-7r990-lo68vnvfyg6291.jpg,2
prod_01,CCL PH USB Wired Gaming Mouse High Configuration with Backlight for PC & Laptop X1,"💯 High Quality
💯 Brand New
Easy to operate, USB plug and play, no driver needed. Anti-skid and waterproof design. ABS material, laser-etched, non-slip design, splash proof and durable.
Rainbow Color Backlight effects: bringing cool gaming experience, in particular increase gaming keys backlit effect and easy type in the dark.
Quickly control each function, ergonomic design, comfortable to operate.
Button service life: 5 million times
DPI adjustment provides 800/1200/1600 gear shift control for different games.
The smooth 3D roller with anti-skid scale grain ensures you to operate comfortably.
The buttons structure adopt precursor type streamline design provides excellent click sense.
Ergonomic design: perfect size fits naturally in your hand and provides comfortable touch feeling.
Product size: 12.3cm x 6.8cm  x 3.8cm (approx.)
🖌 FREE Shipping
🖌 Cash on Delivery (COD) is available       
🖌 Order Today Ship ASAP     
DELIVERY PERIOD:  
🚚 2-4 days Metro Manila
🚚 3-7 days Provincial
  ⚠️ Please CHOOSE THE CORRECT variation so we can avoid mistakes.
⚠️ If the item you received is defective, please contact us immediately. 
💡 Please leave us a positive feedback with 5 STARS ⭐️ ⭐️ ⭐️ ⭐️ ⭐️ if you are satisfied with our product and service. Your feedback will be much appreciated.
💡 Please contact us immediately before leaving any negative feedbacks or open a dispute on Shopee.",Walang bubble wrap at nayupi na yung karton. Buti nalang gumagana pa.,ph-11134103-7qul9-lgm21q8af2ee48.jpg;ph-11134103-7qul4-lgm21q7gg9swf4.jpg,1
prod_10,Nvision 22 24 27 Inch IPS Monitor 100Hz/144Hz Framless FHD Gaming Monitor PC Laptop Monitor,"Nvision Frameless Flat Gaming Monitor
Energy Star Certified Monitor
Nvision Official Service Center Guranteed 
180 Days For Feplacement.
24 Months Warranty Period.
Specification:
___________________________________________________________________
Variation:
Model:  N2455PRO 24"" FHD
Color: Black/White
Display Size: 23.8""
Panel Type:  IPS
Refresh Rate: 100Hz
Response Time: 5Ms
Resolution: 1920*1080 Fhd
Brightness: 230Cd/m2
Contrast Ratio: 1000:1
Display Colors：16.7M
Viewing Angle：170(H) X 170(V)
Interface：HDMI*1 VGA*1,  DC input
Power Adaptor: AC220V, DC 12V/2.5A
Accessories: HDMI Cable *1, Metal Stand&Screw, Screw Driver, Instruction Manual, Warranty Card
Vesa Mount:  75mm * 75mm
___________________________________________________________________
Model:  N2455GT 24"" FHD
Color: Black/White
Display Size: 23.8""
Panel Type:  IPS
Refresh Rate: 144Hz
Response Time: 5Ms
Resolution: 1920*1080 Fhd
Brightness: 230Cd/m2
Contrast Ratio: 1000:1
Display Colors：16.7M
Viewing Angle：170(H) X 170(V)
Interface：HDMI*1 VGA*1,  DC input
Power Adaptor: AC220V, DC 12V/2.5A
Accessories: HDMI Cable *1, Metal Stand&Screw, Screw Driver, Instruction Manual, Warranty Card
Vesa Mount:  75mm * 75mm
___________________________________________________________________
Variation:
Model:  N2755PRO 27'' FHD
Color: Black/White
Display Size: 27''
Panel Type:  IPS
Refresh Rate: 100Hz
Response Time: 5Ms
Resolution: 1920*1080 Fhd
Brightness: 230cd/m2
Contrast Ratio: 1000:1
Display Colors：16.7M
Viewing Angle：170(H) X 170(V)
Interface：HDMI*1 VGA*1,  DC input
Power Adaptor: AC220V, DC 12V/2.5A
Accessories: HDMI Cable *1, Metal Stand&Screw, Screw Driver, Instruction Manual, Warranty Card
Vesa Mount:  75mm * 75mm
___________________________________________________________________
Variation:
Model:  N2255GP 22'' FHD
Color: Black/White
Display Size: 21.5''
Panel Type:  IPS
Refresh Rate: 120Hz
Response Time: 5Ms
Resolution: 1920*1080 Fhd
Brightness: 230cd/m2
Contrast Ratio: 1000:1
Display Colors：16.7M
Viewing Angle：170(H) X 170(V)
Interface：HDMI*1 VGA*1,  DC input
Power Adaptor: AC220V, DC 12V/2.5A
Accessories: HDMI Cable *1, Metal Stand&Screw, Screw Driver, Instruction Manual, Warranty Card
Vesa Mount:  75mm * 75mm
___________________________________________________________________
Model:  N2510 25"" FHD
Color: Black/White
Display Size: 24.5""
Panel Type: VA
Refresh Rate: 100Hz
Response Time: 5Ms
Resolution: 1920*1080P
Brightness: 250Cd/m2
Contrast Ratio: 1000:1
Display Colors：16.7M
Viewing Angle：170(H) X 170(V)
Interface：HDMI*1,VGA*1, DC Input*1
Power Adaptor: AC220V, DC 12V/2.5A
Package Size: 63*13*42cm
Weight: 4.5kg
Accessories: HDMI Cable *1, Metal Stand&Screw, Screw Driver, Instruction Manual, Warranty Card
Vesa Mount:  75mm * 75mm
___________________________________________________________________
Model:  Q2760 27"" QHD
Color: Black/White
Display Size: 27""
Panel Type: IPS
Refresh Rate: 100Hz
Response Time: 5Ms
Resolution: 2560*1440P
Speaker: Build-in Speaker
Brightness: 250Cd/m2
Contrast Ratio: 1000:1
Display Colors：16.7M
Viewing Angle：170(H) X 170(V)
Interface：HDMI*1, DP*1, Audio Out*1, DC Input*1
Power Adaptor: AC220V, DC 12V/2.5A
Package Size: 63*13*42cm
Weight: 4.5kg
Accessories: HDMI Cable *1, Metal Stand&Screw, Screw Driver, Instruction Manual, Warranty Card
Vesa Mount:  75mm * 75mm",Performance: good | Product Quality: good,ph-11134103-7r992-lxxniouzgjtta4.jpg,2
prod_10,Nvision 22 24 27 Inch IPS Monitor 100Hz/144Hz Framless FHD Gaming Monitor PC Laptop Monitor,"Nvision Frameless Flat Gaming Monitor
Energy Star Certified Monitor
Nvision Official Service Center Guranteed 
180 Days For Feplacement.
24 Months Warranty Period.
Specification:
___________________________________________________________________
Variation:
Model:  N2455PRO 24"" FHD
Color: Black/White
Display Size: 23.8""
Panel Type:  IPS
Refresh Rate: 100Hz
Response Time: 5Ms
Resolution: 1920*1080 Fhd
Brightness: 230Cd/m2
Contrast Ratio: 1000:1
Display Colors：16.7M
Viewing Angle：170(H) X 170(V)
Interface：HDMI*1 VGA*1,  DC input
Power Adaptor: AC220V, DC 12V/2.5A
Accessories: HDMI Cable *1, Metal Stand&Screw, Screw Driver, Instruction Manual, Warranty Card
Vesa Mount:  75mm * 75mm
___________________________________________________________________
Model:  N2455GT 24"" FHD
Color: Black/White
Display Size: 23.8""
Panel Type:  IPS
Refresh Rate: 144Hz
Response Time: 5Ms
Resolution: 1920*1080 Fhd
Brightness: 230Cd/m2
Contrast Ratio: 1000:1
Display Colors：16.7M
Viewing Angle：170(H) X 170(V)
Interface：HDMI*1 VGA*1,  DC input
Power Adaptor: AC220V, DC 12V/2.5A
Accessories: HDMI Cable *1, Metal Stand&Screw, Screw Driver, Instruction Manual, Warranty Card
Vesa Mount:  75mm * 75mm
___________________________________________________________________
Variation:
Model:  N2755PRO 27'' FHD
Color: Black/White
Display Size: 27''
Panel Type:  IPS
Refresh Rate: 100Hz
Response Time: 5Ms
Resolution: 1920*1080 Fhd
Brightness: 230cd/m2
Contrast Ratio: 1000:1
Display Colors：16.7M
Viewing Angle：170(H) X 170(V)
Interface：HDMI*1 VGA*1,  DC input
Power Adaptor: AC220V, DC 12V/2.5A
Accessories: HDMI Cable *1, Metal Stand&Screw, Screw Driver, Instruction Manual, Warranty Card
Vesa Mount:  75mm * 75mm
___________________________________________________________________
Variation:
Model:  N2255GP 22'' FHD
Color: Black/White
Display Size: 21.5''
Panel Type:  IPS
Refresh Rate: 120Hz
Response Time: 5Ms
Resolution: 1920*1080 Fhd
Brightness: 230cd/m2
Contrast Ratio: 1000:1
Display Colors：16.7M
Viewing Angle：170(H) X 170(V)
Interface：HDMI*1 VGA*1,  DC input
Power Adaptor: AC220V, DC 12V/2.5A
Accessories: HDMI Cable *1, Metal Stand&Screw, Screw Driver, Instruction Manual, Warranty Card
Vesa Mount:  75mm * 75mm
___________________________________________________________________
Model:  N2510 25"" FHD
Color: Black/White
Display Size: 24.5""
Panel Type: VA
Refresh Rate: 100Hz
Response Time: 5Ms
Resolution: 1920*1080P
Brightness: 250Cd/m2
Contrast Ratio: 1000:1
Display Colors：16.7M
Viewing Angle：170(H) X 170(V)
Interface：HDMI*1,VGA*1, DC Input*1
Power Adaptor: AC220V, DC 12V/2.5A
Package Size: 63*13*42cm
Weight: 4.5kg
Accessories: HDMI Cable *1, Metal Stand&Screw, Screw Driver, Instruction Manual, Warranty Card
Vesa Mount:  75mm * 75mm
___________________________________________________________________
Model:  Q2760 27"" QHD
Color: Black/White
Display Size: 27""
Panel Type: IPS
Refresh Rate: 100Hz
Response Time: 5Ms
Resolution: 2560*1440P
Speaker: Build-in Speaker
Brightness: 250Cd/m2
Contrast Ratio: 1000:1
Display Colors：16.7M
Viewing Angle：170(H) X 170(V)
Interface：HDMI*1, DP*1, Audio Out*1, DC Input*1
Power Adaptor: AC220V, DC 12V/2.5A
Package Size: 63*13*42cm
Weight: 4.5kg
Accessories: HDMI Cable *1, Metal Stand&Screw, Screw Driver, Instruction Manual, Warranty Card
Vesa Mount:  75mm * 75mm","Goods naman yung product. Medyo off lang kase 25"" iniorder buy since wala daw stock, 24"" ang nashipped but still same exact price still. Don't know if me lang ang ganto. ! Overall Good Product",ph-11134103-81ztg-mh7kzlmpbeoe38.jpg;ph-11134103-81zti-mh7kzlmpct8u7a.jpg;ph-11134103-81ztq-mh7kzlmpe7tae1.jpg,1
prod_12,[JSJK] autumn new biscuit shoes canvas shoes women's low top Korean fashion shoes#F110,"Upper; Nylon fly woven  artificial leather elastic band
Sole: rubbe, sole,
Heel: flat bottom, split heel, thick heel and thin heel
Shoes: Sandals, sports, leisure and slippers
Height: generally 2-3 inches, 3-5 inches
Suitable season: spring, summer, autumn and winter
Suitable places: gathering, attending, working, shopping and leisure sports
Year of production: 2020                           
Euro size for women:   35-36-37-38-39-40
Euro size for men：    39-40-41-42-43-44
Size  charm : ADD SIZE PAG MALAPAD PAA!
Women ： 22.5cm-size 35        men ： 24.5cm- size39
23cm-size36                  25cm-size40
23.5cm-size37                 26cm -size41
24cm-size 38                  26.5cm--size42
24.5cm-size39                 27.5cm-size 43
25cm-size40                   28cm-size44
All PRODUCT are ON HAND & READY TO SHIP 
✅EARN SHOPEE COINS 
✅CASH ON DELIVERY
 ✅PAY TODAY SHIP TOMORROW ENJOY FREE SHIPPING & CASH ON DELIVERY FOR A MINIMUM PURCHASE OF 500 PESOS ONLY
DELIVERY PERIOD: 4-10days 
MUST READ 
✔️ALL ITEMS ARE AVAILABLE UNLESS MARKED AS ""SOLD OUT""
 ✔️ The Free Size Item may not Perfectly Fit to Every One 
✔️WE ACCEPT RETURNS IF THE ITEM IS NOT YET WORN OR USED. 
BUYER WILL SHOULDER THE RETURN SHIPPING COST 
LIKE & FOLLOW US FOR UPDATES! 
FOR NOT MISSING ANY DISCOUNT！！！！ 
AFTER SALES SERVICE 
(1)If the item you received is defective, please contact us immediately.
(2) REMINDERS 
(3)(1)Please kindly leave us a positive feedback (5 stars) , if you are satisfied with our items. And you could share with your friends on Facebook, Twitter...Thanks 
(4)(2)Please contact us before leaving any negative feedback or open a dispute on Shopee. 
(5)(3)Please give us the opportunity to resolve any problem .
s",Received my parcel today. And I love it so much. Ang ganda ng quality at mura pa. Responsive din si seller. I asked for a photo of my actual order before shipping out and I received it naman. Thank you so much seller. Thank you din sa courier. I received my order just within 5 days.,ph-11134103-22060-352iw7pctqdv30.jpg;ph-11134103-22060-03d6mrpctqdv97.jpg;ph-11134103-22060-9y3xmwpctqdv55.jpg;ph-11134103-22060-te98oppctqdvce.jpg,2
prod_13,High quality rubber shoes Black school shoes for boy and men's,"No in box
Welcome to the shop, our quality guarantee is cheap
EU  size                   36     37       38    39      40    41    42    43    44    45 
inner length (mm) 225  230   235   240   245   250  255  260  265  270
feet length (mm)  220  225  230  235   240   245    250   255   260  265
       width              8-8.5 /8.5/ 9/ 9-9.5 /9.5-10/10 /10-10.5/10.5/10.5-11/11
 NOTE: If your feet are wide and fat, please choose to place an order in one size larger
This shoe is made of rubber material and may be squeezed or deformed during transportation, but it does not affect wearing. You can soak the shoes in hot water for 5 minutes to restore them to their original shape.
happy shopping for you
✅EARN LOTS OF SHOPEE COINS
✅CASH ON DELIVERY
✅ON HAND AND READY TO SHIP
✅PAY TODAY SHIP TOMORROW
NOTE: WRONG PLACEMENT OF SHIPPING FEE WILL NOT BE PROCESS
DELIVERY PERIOD:
 1-2 days Metro Manila
 3-4 days Provincial
PLEASE READ CAREFULLY BEFORE PLACING AN ORDER/S ️
 ✔️ALL ITEMS ARE AVAILABLE UNLESS MARKED AS ""SOLD OUT""
✔CHOOSE THE CORRECT  IF THE ITEMS HAS DIFFERENT COLORS/PRINTS SO WE CAN AVOID MISTAKES
✔WE ACCEPT RETURNS IF THE ITEM IS NOT YET WORN OR USED. BUYER WILL SHOULDER THE RETURN SHIPPING COST
LIKE & FOLLOW US FOR UPDATES! 
HAPPY SHOPPING!","Material Quality: ok naman | Colour: ok | maganda malambot, flexible sana lang tumagal.. mabilis ang delivery...",ph-11134103-7r98z-lluta42jtj7zb8.jpg;ph-11134103-7r992-lluta42juxsf98.jpg,2
prod_18,POND'S Acne Clear Pore Conditioning Toner with Salicylic Acid and Tea Tree Oil for Anti Pimple 100ml,"Pond’s Acne Clear Pore Conditioning Toner cares for pores to give you clearer skin that is smooth and refined up close. It has Salicylic Acid and Tea Tree Oil that deeply cleans and unclogs pores, helping to reduce pimples for clearer skin. It also has Pore Tightening Essence that conditions pores for smooth and refined skin.",Bakit ganito to? Malapit nang maubos ang laman ng toner Mayron ngang bubble rap pero wala namang seal ang product kaya nangyari to. Kung walang box sana naman may seal ang products para hindi matapon ang laman Mabuti nalang itong isang toner lang ang na damage,6c56699f113cbabe6cf8730a987cff08.jpg;1ac206b5f4bbcaa951c755462c4515ef.jpg,0
prod_08,Inplay S500 Wired RGB Gaming Headset With Mic Surround Sound Over Ear Headphone For PC Laptop,"Inplay Official Service Center Guranteed
Variation
Brand: Inplay
Model: S500
Driver Diameter: 50mm
Impedance: 32Ω@1KHZ
Sensitivity: 115-121db at 1KHZ 1mV
Frequency Response: 20hz-20khz
Light Effect: Colorful led light
Cable Length: 1.8m
Product Size:190*170*90mm
Product Weight: 228-248g
Warranty: 6 Months
Microphone Parameters
Sensitivity: -38-42dB@1KHz
Input mode: DC 3.5 plug
Signal to Noise Ratio: ≥60db
Frequency Response: 100Hz-8KHz","honest review...mahina para sa sinabi na 115-120 DB or baka yung sa taas ang tama 88 DB di kasi clear sa description 2 nakalagay eh, pero mahina sya pero goods naman yung build for 175 headset at rgb random cycle yung lights..",ph-11134103-7r98r-lwx14eb3fqld93.jpg,1
prod_05,Dermorepubliq 7% Glycolic Acid (AHA) Skin Renewing Toner,"This skin-renewing toner is perfect for improving dull, tired skin, it contains 7% Glycolic Acid, which sloughs off the outermost layer of the dead skin cells, revealing brighter and smoother skin.
Superstar herbs such as Centella Asiatica, Witch Hazel, Papaya, Cucumber, and Aloe Vera Extracts work synergistically for effective acne control and skin-soothing action.
Formulated with sensitive skin in mind, we made sure that this toner does not contain:
• Alcohol
• Sulfates
• Silicones
• Parabens
• Polymers
• Formaldehyde
• Artificial Colorants
• Artificial Scents
Ingredients List
Aqua, 7% Glycolic Acid (AHA), Aloe Barbadensis (Aloe Vera) Leaf Juice, Propylene Glycol, Glycerin, Sodium Hydroxide, Cucumis Sativus (Cucumber) Extract, Centella Asiatica (Gotu Kola) Extract, Carica Papaya (Papaya) Fruit Extract, Hamamelis Virginiana (Witch Hazel) Leaf Extract, Phenoxyethanol, Ethylhexylglycerin
pH 3.5 - 3.7
Dear valued customers,
We are excited to announce that Dermorepubliq is currently transitioning from using plastic shrink wraps to paper boxes as part of our commitment to reducing plastic pollution and protecting the environment. While this transition is underway, some of our products may still arrive with shrink wraps, but we are working hard to make paper boxes the new norm. We appreciate your support as we take this important step toward a more sustainable future.",Texture: water | Fragrance: so smell | Effectiveness: hnd kopa na try | Hnd kopa na try Kya 3 star muna,ph-11134103-7rasf-m2jd9a0b8q7w3a.jpg,1
prod_04,Garnier Brightening Foam Facial Cleanser Skin care For Dark Spots Dull Skin Garnier Facial Wash 50ml,"WHAT IS IT
A gentle, easy to rinse foam with the power of Pure Lemon Extract to intensively cleanse and clear dullness.
 WHAT IT DOES
Cleanses and brightens skin.
 WHY IT'S PERFECT FOR YOU
Cleanse and clear away dullness with the power of pure lemon extract.
 HOW TO USE
Gently massage onto wet face while avoiding eye area. Rinse off with water. Use day and night as needed.
 CARE INSTRUCTIONS
Keep away from direct sunlight. Store at room temperature.
 INGREDIENTS
AQUA/WATER, GLYCERIN, MYRISTIC ACID, PAMITIC ACID, STEARIC ACID, GLYCERYL STEARATE, KAOLIN, BENZYL SALICYLATE, CITRUS MEDICA EXTRACT, LIMONENE, LINALOOL. METHYLISOTHIAZOLINONE, PEG-14M, TETRASODIUM EDTA, PARFUM/ FRAGRANCE (B45631/1)
Daytime Morning Regimen
STEP 1: REMOVE MAKEUP & IMPURITIES with the Garnier Vitamin C Micellar Water. Saturate a cotton pad with micellar water and gently wipe your face to remove dirt and excess oil.
STEP 2: CLEANSE your face with the Garnier Vitamin C Brightening Cleanser Foam OR Gel Cleanser Wash. Wet your face with water, apply a small amount of the cleanser, and massage in circular motions. Rinse thoroughly.
STEP 3: TREAT with the Garnier Vitamin C Booster Serum. Apply 3-4 drops of the serum all over your face in upward motion. Let it absorb fully before moving on to the next steps. This will help to fade dark spots in 3 days!
STEP 4: ENHANCE your skin with the Garnier Vitamin C Ampoule Serum. Apply a small amount of the ampoule serum on problem areas, or all over your face to fade hyperpigmentation, sunspots (pekas), melasma, and dark undereye circles.
STEP 5: MOISTURIZE with the Garnier Vitamin C Day Cream Moisturizer. Massage in upward circular motion all over your face, to lock in moisture and create a protective barrier on your skin.
STEP 6: PROTECT your skin from harmful UV rays with the Garnier Vitamin C UV Sunscreen. Apply a thin layer of sunscreen evenly on your face, at least 15 minutes before sun exposure. Reapply throughout the day for maximum sun protection.
Nighttime Evening Regimen
STEP 1: REMOVE MAKEUP & IMPURITIES with the Garnier Vitamin C Micellar Water. Saturate a cotton pad with micellar water and gently wipe your face to remove dirt and excess oil.
STEP 2: CLEANSE your face with the Garnier Vitamin C Brightening Cleanser Foam OR Gel Cleanser Wash. Wet your face with water, apply a small amount of the cleanser, and massage in circular motions. Rinse thoroughly.
STEP 3: TREAT with the Garnier 10% Pure Vitamin C Overnight Booster Serum. Apply 3-4 drops of the serum all over your face in upward motion to support overnight skin repair and recovery. all over your face in upward motion. Let it absorb fully before moving on to the next steps.
STEP 4: ENHANCE your skin with the Garnier Vitamin C Ampoule Serum. Apply a small amount of the ampoule serum on problem areas, or all over your face to fade hyperpigmentation, sunspots (pekas), melasma, and dark undereye circles.
STEP 5: REJUVENATE and nourish your skin with the Garnier Vitamin C Night Cream Moisturizer. Apply the night cream to lock in moisture for optimum repair and recovery especially during at night",Texture: good | Effectiveness: good | Fragrance: good | Ricieve items past diliver po thanks seller thanks rider hintay kopa one week kong hiyang ako order ulit pag gumanda pa ako lao gamit products nyo 😊😊,ph-11134103-7r98y-lr5pzep0y7uscc.jpg,1
prod_10,Nvision 22 24 27 Inch IPS Monitor 100Hz/144Hz Framless FHD Gaming Monitor PC Laptop Monitor,"Nvision Frameless Flat Gaming Monitor
Energy Star Certified Monitor
Nvision Official Service Center Guranteed 
180 Days For Feplacement.
24 Months Warranty Period.
Specification:
___________________________________________________________________
Variation:
Model:  N2455PRO 24"" FHD
Color: Black/White
Display Size: 23.8""
Panel Type:  IPS
Refresh Rate: 100Hz
Response Time: 5Ms
Resolution: 1920*1080 Fhd
Brightness: 230Cd/m2
Contrast Ratio: 1000:1
Display Colors：16.7M
Viewing Angle：170(H) X 170(V)
Interface：HDMI*1 VGA*1,  DC input
Power Adaptor: AC220V, DC 12V/2.5A
Accessories: HDMI Cable *1, Metal Stand&Screw, Screw Driver, Instruction Manual, Warranty Card
Vesa Mount:  75mm * 75mm
___________________________________________________________________
Model:  N2455GT 24"" FHD
Color: Black/White
Display Size: 23.8""
Panel Type:  IPS
Refresh Rate: 144Hz
Response Time: 5Ms
Resolution: 1920*1080 Fhd
Brightness: 230Cd/m2
Contrast Ratio: 1000:1
Display Colors：16.7M
Viewing Angle：170(H) X 170(V)
Interface：HDMI*1 VGA*1,  DC input
Power Adaptor: AC220V, DC 12V/2.5A
Accessories: HDMI Cable *1, Metal Stand&Screw, Screw Driver, Instruction Manual, Warranty Card
Vesa Mount:  75mm * 75mm
___________________________________________________________________
Variation:
Model:  N2755PRO 27'' FHD
Color: Black/White
Display Size: 27''
Panel Type:  IPS
Refresh Rate: 100Hz
Response Time: 5Ms
Resolution: 1920*1080 Fhd
Brightness: 230cd/m2
Contrast Ratio: 1000:1
Display Colors：16.7M
Viewing Angle：170(H) X 170(V)
Interface：HDMI*1 VGA*1,  DC input
Power Adaptor: AC220V, DC 12V/2.5A
Accessories: HDMI Cable *1, Metal Stand&Screw, Screw Driver, Instruction Manual, Warranty Card
Vesa Mount:  75mm * 75mm
___________________________________________________________________
Variation:
Model:  N2255GP 22'' FHD
Color: Black/White
Display Size: 21.5''
Panel Type:  IPS
Refresh Rate: 120Hz
Response Time: 5Ms
Resolution: 1920*1080 Fhd
Brightness: 230cd/m2
Contrast Ratio: 1000:1
Display Colors：16.7M
Viewing Angle：170(H) X 170(V)
Interface：HDMI*1 VGA*1,  DC input
Power Adaptor: AC220V, DC 12V/2.5A
Accessories: HDMI Cable *1, Metal Stand&Screw, Screw Driver, Instruction Manual, Warranty Card
Vesa Mount:  75mm * 75mm
___________________________________________________________________
Model:  N2510 25"" FHD
Color: Black/White
Display Size: 24.5""
Panel Type: VA
Refresh Rate: 100Hz
Response Time: 5Ms
Resolution: 1920*1080P
Brightness: 250Cd/m2
Contrast Ratio: 1000:1
Display Colors：16.7M
Viewing Angle：170(H) X 170(V)
Interface：HDMI*1,VGA*1, DC Input*1
Power Adaptor: AC220V, DC 12V/2.5A
Package Size: 63*13*42cm
Weight: 4.5kg
Accessories: HDMI Cable *1, Metal Stand&Screw, Screw Driver, Instruction Manual, Warranty Card
Vesa Mount:  75mm * 75mm
___________________________________________________________________
Model:  Q2760 27"" QHD
Color: Black/White
Display Size: 27""
Panel Type: IPS
Refresh Rate: 100Hz
Response Time: 5Ms
Resolution: 2560*1440P
Speaker: Build-in Speaker
Brightness: 250Cd/m2
Contrast Ratio: 1000:1
Display Colors：16.7M
Viewing Angle：170(H) X 170(V)
Interface：HDMI*1, DP*1, Audio Out*1, DC Input*1
Power Adaptor: AC220V, DC 12V/2.5A
Package Size: 63*13*42cm
Weight: 4.5kg
Accessories: HDMI Cable *1, Metal Stand&Screw, Screw Driver, Instruction Manual, Warranty Card
Vesa Mount:  75mm * 75mm","Appearance: poor | Performance: not sure | Quality: poor | Kita naman sa video may horizontal green lines agad kahit yung box is walang damage nung dimaring! Wag na sanang kumalag green lines! Kaka setup kopalang ganyan na agad. I hope na ganyan lang sya hindi nalumala ang green lines!, look my second pick. After 1hour ang dami ng green screen. Pwede oaba mapalitan to?",ph-11134103-81ztm-mlbm7uwb5k3na5.jpg,0
prod_01,CCL PH USB Wired Gaming Mouse High Configuration with Backlight for PC & Laptop X1,"💯 High Quality
💯 Brand New
Easy to operate, USB plug and play, no driver needed. Anti-skid and waterproof design. ABS material, laser-etched, non-slip design, splash proof and durable.
Rainbow Color Backlight effects: bringing cool gaming experience, in particular increase gaming keys backlit effect and easy type in the dark.
Quickly control each function, ergonomic design, comfortable to operate.
Button service life: 5 million times
DPI adjustment provides 800/1200/1600 gear shift control for different games.
The smooth 3D roller with anti-skid scale grain ensures you to operate comfortably.
The buttons structure adopt precursor type streamline design provides excellent click sense.
Ergonomic design: perfect size fits naturally in your hand and provides comfortable touch feeling.
Product size: 12.3cm x 6.8cm  x 3.8cm (approx.)
🖌 FREE Shipping
🖌 Cash on Delivery (COD) is available       
🖌 Order Today Ship ASAP     
DELIVERY PERIOD:  
🚚 2-4 days Metro Manila
🚚 3-7 days Provincial
  ⚠️ Please CHOOSE THE CORRECT variation so we can avoid mistakes.
⚠️ If the item you received is defective, please contact us immediately. 
💡 Please leave us a positive feedback with 5 STARS ⭐️ ⭐️ ⭐️ ⭐️ ⭐️ if you are satisfied with our product and service. Your feedback will be much appreciated.
💡 Please contact us immediately before leaving any negative feedbacks or open a dispute on Shopee.",Performance: good | Best Feature: good | Product Quality: not try | Well good naman ang packaging kaya safe ko syang nareceived. I hope so sana gumana sya at tumagal. Thank you seller and sa nagdeliver.,ph-11134103-22110-pbrp8uhmsljvfd.jpg,2
prod_15,Infinitee Japanese Inspired Oversized T Shirt For Men Women Oversize Plus Size Tshirt Top Tops Tees,"Premium Quality Cotton T-Shirt
✔ 100% Brand New
✔ Material: Cotton-blend
✔ Fit: Loose Fit
✔ Style: Casual
✔ Fabric Density: 200 gsm
✔ Comfortable and Long-Wearing
✔ Asian Size
📏 Please refer to the Size Chart for accurate measurements.
🧺 Care Instructions:
• Do not bleach
• Do not dry clean
⚠️ Note: Color may appear slightly lighter or darker due to lighting.","Sana sa susunod kapag hindi available yung order ng buyer pa inform naman sana muna, wag pala desisyon",ph-11134103-7rasl-m9zfuxj0k1jgc0.jpg,0
prod_02,Luxe Organix Whitening Repair Ultra Light Glow Cleanser 150ml,"Evens out skin tone, lighten scars and dark spots, brighten skin
LUXE ORGANIX WHITENING REPAIR GENTLE FOAM CLEANSER IS MADE WITH NIACINAMIDE AND LICORICE ROOT EXTRACT TO REDUCE APPEARANCE OF HYPERPGMENTATION. ENLARGED PORES AND EXCESS OIL. IT LIGHTENS SKIN AND EVENS OUT SKIN TONE LEAVING YOU WITH A FRESH AND NATURAL GLOW.
HOW TO USE: SQUEEZE A PEA SIZED AMOUNT ONTO HANDS, GENTLY MASSAGE INTO DAMP FACE IN CIRCULAR MOTIONS, AVOIDING THE EYE AREA. RINSE THROUGHLY WITH WATER.CAUTION: FOR EXTERNAL USE ONLY. AVOID CONTACT WITH EYES. CONDUCT A SKIN TEST FIRST. STOP USING AND CONSULT A DOCTOR IF SKIN BECOMES RED, SWOLLEN AND ITCHYDURING USE. KEEP OUT OF REACH OF CHILDREN. STORE AT ROOM TEMPERATURE.
INGREDIENTS: WATER, MYRISTIC ACID, GLYCERIN, POTASSIUM HYDROXIDE, PALMITIC ACID, STEARID ACID, LAURAMIDE DEA, SODIUM LAURETH SULFATE, COCAMIDOPROPYL BETAINE, GLYCERYL STEARATE, BENZYL GLYCOL, PEG-100 STEARATE, NIACINAMIDE, GLYCYRRHIZA GLABRA (LICORICE) ROOT EXTRACT, SODIUM CHLORIDE, BUTYLENE GLYCOL, 1,2- HEXANEDIOL, GLYCOL DISTEARATE, RASPBERRY KETONE, CARBOMER, DISODIUM EDTA, LAURIC ACID, ETHYLHEXYLGLYCERIN, CITRIC ACID, SODIUM CARBONATE, FRAGRANCE.","This shop deserves a good review. Item was ship out immediately and the seller was responsive to queries. Expiration of the item dated 2023.Thank you also J&T suki rider, despite of the bad weather (sig. number1) still manage to deliver the product safely. Thank you shopee,A trusted online Shop👍💕",cf06b925a038285434259d3f1057f2f6.jpg;228b0fc17202c260b6d978d633e56c6b.jpg;96d6c93fffdfa915c9ae1f4adc4996d3.jpg;9b078b039bbe113a264b10327b104270.jpg;690c5326b669ec9eb77f5cd8a862f572.jpg,2
prod_14,2022 Chinese Collar Polo for Men Long/Short Sleeves Full Buttons Cotton Korean Shirt,"Color: White, Black, Cream, Navy Blue
Size: M, L, XL，XXL
Material: Cotton
Pattern: Plain
Fit Type: Regular Fit
Style: Casual, Fashion
Thickness: Regular
Length: Regular
Decorations: Buttons
Season: Summer
Collar: Chinese Collar",pwede na,ph-11134103-7r98t-lonn6qdrho1c6a.jpg;ph-11134103-7r98w-lonn6qcnjai8d7.jpg;ph-11134103-7r990-lonn6qdr27sg25.jpg,1
prod_03,"Cetaphil Gentle Skin Cleanser 59ml (For Sensitive Skin, Non-Drying Facial Wash, And Paraben Free)","Our best-selling gentle skin cleanser is clinically proven to actively hydrate while cleansing the skin, and defends against the five signs of skin sensitivity including dryness, irritation, roughness, toughness, and a weakened skin barrier
Our best-seller and fan favorite - a mild, non-irritating and soap-free formula that soothes skin as it cleanses. This award-winning cleanser is clinically proven to hydrate while cleansing, and helps to strengthen the skin&#39;s moisture barrier. It can be specifically used for everyday cleansing, and defends against the five signs of skin sensitivity - dryness, irritation, roughness, toughness, and weakened skin barrier. Non-comodogenic, fragrance-free, pH balanced, and dermatologically tested.
Cetaphil is the most prescribed skincare brand by dermatologists.
- Gentle, soap-free, non-irritating cleanser actively hydrates while cleansing
- Defends against the five signs of skin sensitivity, including dryness, irritation, roughness, tightness and weakened skin barrier
- Non-foaming cleanser can be used with or without water
- Suitable for all skin types, including dry and sensitive skin
- Dermatologist tested and clinically proven to be gentle on sensitive skin
- Fragrance free, hypoallergenic and non-comedogenic, so it won&#39;t irritate skin or clog pores
INGREDIENTS:
Aqua, Glycerin, Cetearyl Alcohol, Panthenol, Niacinamide, Pantolactone, Xanthan Gum, Sodium Cocoyl Isethionate, Sodium Benzoate, Citric Acid
Directions for Use:
With water: 
Apply cleanser and gentle massage into skin. Rinse.
Without water:
Apply a liberal amount of cleanser and gently massage into skin.
About the Brand:
Cetaphil is a gentle skincare brand that has been recommended by dermatologists for over 70 years, and is today used by millions of people with sensitive skin from all around the world. It offers a complete range of cleansers, moisturizers and sun protection ideal for face and body, providing gentle yet effective skincare formula to strengthen and protect even the most sensitive skin.
MOST PRESCRIBED SKINCARE BRAND
Cetaphil is the original sensitive cleanser recommended by dermatologists for over 70 years
CLINICALLY TESTED FOR SENSITIVE SKIN
Our soap-free, skin nourishing products will treat your skin without irritation and is hypoallergenic
DEFENDS AGAINST 5 SIGNS OF SENSITIVITY
Clinically proven to soothe, hydrate, and nourish sensitive skin",Yung mga items palagi idenideliver ng j&t sa Bahay ng Kapatid ko..which is Hindi naman Yung nakalagay na address ko.what kind of service.Kaya nga Ako nagpadeliver to lessen the Hussle tapos ganito gagawin.,ph-11134103-7qul6-lhorhxsbjfux2e.jpg,0
prod_16,URBAN PIPE Fashionable Cargo Pants For Men 6 Pocket Drawstring Pant High Quality Bottoms 42917,"Discover the perfect blend of style and comfort with the URBAN PIPE Cargo Pants for Men. Designed for a modern urban look, these oversized pants feature multiple pockets and a versatile wide-leg design.
Functional Design: Equipped with 6 pockets for ample storage.
Stylish Fit: Oversized hip-hop style with wide-leg straight cut.
Adjustable Comfort: Drawstring waist for a customizable fit.
Add these trendy cargo pants to your wardrobe and elevate your casual outfits effortlessly!",Material Quality: fabric is good | Appearance: you get what you order | Colour: black,ph-11134103-7rase-m81imrgdr8ulf8.jpg,2
prod_14,2022 Chinese Collar Polo for Men Long/Short Sleeves Full Buttons Cotton Korean Shirt,"Color: White, Black, Cream, Navy Blue
Size: M, L, XL，XXL
Material: Cotton
Pattern: Plain
Fit Type: Regular Fit
Style: Casual, Fashion
Thickness: Regular
Length: Regular
Decorations: Buttons
Season: Summer
Collar: Chinese Collar",Material Quality: Good | Colour: Good | Appearance: Good | Good,ph-11134103-7r98o-lovdj78uce7d58.jpg,2
prod_06,Baseus H19 Wired Earphones 6D Stereo Bass Headphone In-Ear 3.5mm Headset with MIC,"Hey~ Welcome to Baseus Flagship Official Store!!! Please read the product description clearly,choose u need.Most items have ready stocks! Enjoy~
 ❥Package:
1*H19 3.5mm wired earphone
❥Specifications:
Brand: Baseus
Length:1.2m
❥Feature:
1. Inclined in the ear design, comfortable to wear all day.
2. Φ 14 mm moving coil + PU composite diaphragm, 6 d sound quality,
3. Thin wire control design, sensitive keys, durable
4. Built-in HD microphone, high restoration degree,
5. TPE pattern wire, soft and anti-winding
6. Support all devices with 3.5mm interface",Performance: bitin sa bass | Best Feature: sleek | Product Quality: good quality mukhang magtatagal | Kung goods yung bass 5 star sana pero good packaging may free stickers pa,ph-11134103-23020-qjvvhau7mdnve2.jpg;ph-11134103-23020-8jvvhau7mdnv6c.jpg,1
prod_15,Infinitee Japanese Inspired Oversized T Shirt For Men Women Oversize Plus Size Tshirt Top Tops Tees,"Premium Quality Cotton T-Shirt
✔ 100% Brand New
✔ Material: Cotton-blend
✔ Fit: Loose Fit
✔ Style: Casual
✔ Fabric Density: 200 gsm
✔ Comfortable and Long-Wearing
✔ Asian Size
📏 Please refer to the Size Chart for accurate measurements.
🧺 Care Instructions:
• Do not bleach
• Do not dry clean
⚠️ Note: Color may appear slightly lighter or darker due to lighting.","Appearance: good | Colour: good | Material Quality: not sure kung magttagal yung print , pero yung tela magnda namn .",ph-11134103-7qul7-libgzdh6m5mu67.jpg,1
prod_13,High quality rubber shoes Black school shoes for boy and men's,"No in box
Welcome to the shop, our quality guarantee is cheap
EU  size                   36     37       38    39      40    41    42    43    44    45 
inner length (mm) 225  230   235   240   245   250  255  260  265  270
feet length (mm)  220  225  230  235   240   245    250   255   260  265
       width              8-8.5 /8.5/ 9/ 9-9.5 /9.5-10/10 /10-10.5/10.5/10.5-11/11
 NOTE: If your feet are wide and fat, please choose to place an order in one size larger
This shoe is made of rubber material and may be squeezed or deformed during transportation, but it does not affect wearing. You can soak the shoes in hot water for 5 minutes to restore them to their original shape.
happy shopping for you
✅EARN LOTS OF SHOPEE COINS
✅CASH ON DELIVERY
✅ON HAND AND READY TO SHIP
✅PAY TODAY SHIP TOMORROW
NOTE: WRONG PLACEMENT OF SHIPPING FEE WILL NOT BE PROCESS
DELIVERY PERIOD:
 1-2 days Metro Manila
 3-4 days Provincial
PLEASE READ CAREFULLY BEFORE PLACING AN ORDER/S ️
 ✔️ALL ITEMS ARE AVAILABLE UNLESS MARKED AS ""SOLD OUT""
✔CHOOSE THE CORRECT  IF THE ITEMS HAS DIFFERENT COLORS/PRINTS SO WE CAN AVOID MISTAKES
✔WE ACCEPT RETURNS IF THE ITEM IS NOT YET WORN OR USED. BUYER WILL SHOULDER THE RETURN SHIPPING COST
LIKE & FOLLOW US FOR UPDATES! 
HAPPY SHOPPING!",Colour: black | Appearance: good | Material Quality: rubberized | I just received the product. It’s rubberized but looks good. Hopefully it will last a bit longer. This is good for rainy season. I will recommend it to anyone.,ph-11134103-81ztm-mi44v73888asd0.jpg,2
prod_16,URBAN PIPE Fashionable Cargo Pants For Men 6 Pocket Drawstring Pant High Quality Bottoms 42917,"Discover the perfect blend of style and comfort with the URBAN PIPE Cargo Pants for Men. Designed for a modern urban look, these oversized pants feature multiple pockets and a versatile wide-leg design.
Functional Design: Equipped with 6 pockets for ample storage.
Stylish Fit: Oversized hip-hop style with wide-leg straight cut.
Adjustable Comfort: Drawstring waist for a customizable fit.
Add these trendy cargo pants to your wardrobe and elevate your casual outfits effortlessly!","Material Quality: ok | Colour: ok | Appearance: size is weird | Product: Poor quality, Item Not as Described | Waisitline okay the pants itself is too big",ph-11134103-7rasd-m9tqd92kfwzwfe.jpg,0
prod_07,Inplay H20 RGB Wired Headset RGB Light Gaming Headset Headphones With Microphone For Pc Laptop,"Inplay Official Service Center Guranteed
6 Months Warranty Period
_______________________________________________________________________________________________________
SPECIFICATION
Brand: INPLAY
Model: H20
Color: Black / White
Warranty: 6 Months
Brand: INPLAY
Model: H30
Color: Balck / White
Warranty: 6 Months
Variation
Brand: Inplay
Model: HG710
Color: Black / White
Driver Diameter: 50mm
Impedance: 30Ω
Sensitivity: 107-113db
Frequency Response: 20hz-20khz
Light Effect: Colorful led light
Cable Length: 1.8m
Product Size:200*190*85mm
Product Weight: 257-277g
Warranty: 6 Months
Brand: INPLAY
Model: S500
Color: Balck
Warranty: 6 Months","Order received. Fast deliver. Package well naman siya. Kala ko naka box kc nga headphone siya, yun pala hindi naka balot lanh siya ng plastik. Pero good naman siya. Gumagana. Nagustuhan rin ng anak ko. 2nd time ko na bumili dito yung una mechanical keyboard tapos ito headphone. Thank you seller and kua rider 👍",ph-11134103-7rasj-m0wzr37mgi63aa.jpg;ph-11134103-7rasd-m0wzr36s2a3n53.jpg;ph-11134103-7rasd-m0wzr37m11x79f.jpg;ph-11134103-7rasg-m0wzr37m128zb2.jpg;ph-11134103-7rasl-m0wzr37mgihv89.jpg,2
prod_09,Jeep EW011 TWS True Wireless Bluetooth Earphones HiFi Sound Noise Cancellation HD Calls Earbuds,"Specification:
Brand: Jeep
Model: JP EW011
Wireless version: V5.3
Speaker size: Φ13mm
Sensitivity:118±3dB
Impedance: 250
Frequency response:50HZ-20KHZ
Cell voltage: 3.7V
Music playing time:About 4H (80% volume)
Standby time:About 50H
Charging time:About 2H
Headphone battery capacity: 30mAh/3.7V
Charging compartment battery capacity: 300mAh/3.7V
Product size:61.5x25x45.5mm
What's in the box
2 x Bluetooth Earphones
1 x Charging Case
1 x Charging Cable
1 x User Manual",Hindi ko nagustohan hindi comfortable sa tenga kapag sinuot,ph-11134103-7rasl-m8s0f2hcvwvn23.webp.jpg,0
prod_12,[JSJK] autumn new biscuit shoes canvas shoes women's low top Korean fashion shoes#F110,"Upper; Nylon fly woven  artificial leather elastic band
Sole: rubbe, sole,
Heel: flat bottom, split heel, thick heel and thin heel
Shoes: Sandals, sports, leisure and slippers
Height: generally 2-3 inches, 3-5 inches
Suitable season: spring, summer, autumn and winter
Suitable places: gathering, attending, working, shopping and leisure sports
Year of production: 2020                           
Euro size for women:   35-36-37-38-39-40
Euro size for men：    39-40-41-42-43-44
Size  charm : ADD SIZE PAG MALAPAD PAA!
Women ： 22.5cm-size 35        men ： 24.5cm- size39
23cm-size36                  25cm-size40
23.5cm-size37                 26cm -size41
24cm-size 38                  26.5cm--size42
24.5cm-size39                 27.5cm-size 43
25cm-size40                   28cm-size44
All PRODUCT are ON HAND & READY TO SHIP 
✅EARN SHOPEE COINS 
✅CASH ON DELIVERY
 ✅PAY TODAY SHIP TOMORROW ENJOY FREE SHIPPING & CASH ON DELIVERY FOR A MINIMUM PURCHASE OF 500 PESOS ONLY
DELIVERY PERIOD: 4-10days 
MUST READ 
✔️ALL ITEMS ARE AVAILABLE UNLESS MARKED AS ""SOLD OUT""
 ✔️ The Free Size Item may not Perfectly Fit to Every One 
✔️WE ACCEPT RETURNS IF THE ITEM IS NOT YET WORN OR USED. 
BUYER WILL SHOULDER THE RETURN SHIPPING COST 
LIKE & FOLLOW US FOR UPDATES! 
FOR NOT MISSING ANY DISCOUNT！！！！ 
AFTER SALES SERVICE 
(1)If the item you received is defective, please contact us immediately.
(2) REMINDERS 
(3)(1)Please kindly leave us a positive feedback (5 stars) , if you are satisfied with our items. And you could share with your friends on Facebook, Twitter...Thanks 
(4)(2)Please contact us before leaving any negative feedback or open a dispute on Shopee. 
(5)(3)Please give us the opportunity to resolve any problem .
s",Maganda sana yung sapatos. Mukha ding matibay. Kaso sobrang baho. Ilang linggo na d ko pa nagagmit. Ilan beses ko na nilabhan at binabad. Dinowny ko na din. Walang nagyari sobrang baho pa din. D ko din magagamit. Baka kumapit yung amoy sa paa ko. Sayang,675902d15b99b99ddded21fb8d59eff9.jpg,0
prod_16,URBAN PIPE Fashionable Cargo Pants For Men 6 Pocket Drawstring Pant High Quality Bottoms 42917,"Discover the perfect blend of style and comfort with the URBAN PIPE Cargo Pants for Men. Designed for a modern urban look, these oversized pants feature multiple pockets and a versatile wide-leg design.
Functional Design: Equipped with 6 pockets for ample storage.
Stylish Fit: Oversized hip-hop style with wide-leg straight cut.
Adjustable Comfort: Drawstring waist for a customizable fit.
Add these trendy cargo pants to your wardrobe and elevate your casual outfits effortlessly!",Mabilis dumting kumpleto lahat well packed right size. thank you sa shop and kay kuya rider for fast and safe delivery..,ph-11134103-81ztp-meejim9llbt3be.jpg,2
prod_15,Infinitee Japanese Inspired Oversized T Shirt For Men Women Oversize Plus Size Tshirt Top Tops Tees,"Premium Quality Cotton T-Shirt
✔ 100% Brand New
✔ Material: Cotton-blend
✔ Fit: Loose Fit
✔ Style: Casual
✔ Fabric Density: 200 gsm
✔ Comfortable and Long-Wearing
✔ Asian Size
📏 Please refer to the Size Chart for accurate measurements.
🧺 Care Instructions:
• Do not bleach
• Do not dry clean
⚠️ Note: Color may appear slightly lighter or darker due to lighting.",Sabi nila mag bibigay ng voucher para pampalit hanggang ngayon wala 2-3days daw lumipas na wala padin. O ayan na bahala kayo isang beses ko palang nalabahan walang bleach sabon lang hindi ko kinuskos kasi automatic yung washing machine tapos ganyan na agad sira. 🙄,ph-11134103-7ra0i-mdksir3lq91i75.jpg,0
prod_18,POND'S Acne Clear Pore Conditioning Toner with Salicylic Acid and Tea Tree Oil for Anti Pimple 100ml,"Pond’s Acne Clear Pore Conditioning Toner cares for pores to give you clearer skin that is smooth and refined up close. It has Salicylic Acid and Tea Tree Oil that deeply cleans and unclogs pores, helping to reduce pimples for clearer skin. It also has Pore Tightening Essence that conditions pores for smooth and refined skin.",Effectiveness: dries my skin | Fragrance: smells good | Texture: watery | This product contains ALCOHOL which I don’t like because it dries my skin and a super bit stingy after application,26c0bbb1c97cdf9a7603b8a8f7c967b9.jpg,0
prod_17,Baggy Jeans Korean Style Jeans pants for Men straight cut Men's denim pants for men wide leg pants comfortable pants,"🌴S(27/28) Waist 26.7"" Length 38.1"" Hips 40.1"" 150-160cm. 40-45kg.
🌴M(29/30) Waist 28.7"" Length 38.5"" Hips 41.7"" 160-165cm. 45-55kg.
🌴L(31) Waist 30.7"" Length 38.9"" Hips 43.3"" 165-170cm. 55-60kg.
🌴XL(32/33) Waist 32.6"" Length 39.3"" Hips 44.4"" 165-173cm. 60-65kg.
🌴XXL(34/36) Waist 34.6"" Length 39.7"" Hips 46"" 170-175cm. 65-70kg.
🌴XXXL(38) Waist 36.6"" Length 40.1"" Hips 47.6"" 170-175cm. 70-80kg.",Material Quality: denim jeans | Colour: retro blue | Appearance: baggy beautiful | The shipping was so fast and that amaze me item is in good condition and we'll packed it was very nice as it was seen on the picture thanks seller and shopee I will order more,ph-11134103-7rase-m8fugovrhsp99f.jpg,2
prod_14,2022 Chinese Collar Polo for Men Long/Short Sleeves Full Buttons Cotton Korean Shirt,"Color: White, Black, Cream, Navy Blue
Size: M, L, XL，XXL
Material: Cotton
Pattern: Plain
Fit Type: Regular Fit
Style: Casual, Fashion
Thickness: Regular
Length: Regular
Decorations: Buttons
Season: Summer
Collar: Chinese Collar",Mabilis madeliver ung order tas goods nman ung product wala damage,ph-11134103-7r98v-lmuwyebecbync8.jpg,2
prod_07,Inplay H20 RGB Wired Headset RGB Light Gaming Headset Headphones With Microphone For Pc Laptop,"Inplay Official Service Center Guranteed
6 Months Warranty Period
_______________________________________________________________________________________________________
SPECIFICATION
Brand: INPLAY
Model: H20
Color: Black / White
Warranty: 6 Months
Brand: INPLAY
Model: H30
Color: Balck / White
Warranty: 6 Months
Variation
Brand: Inplay
Model: HG710
Color: Black / White
Driver Diameter: 50mm
Impedance: 30Ω
Sensitivity: 107-113db
Frequency Response: 20hz-20khz
Light Effect: Colorful led light
Cable Length: 1.8m
Product Size:200*190*85mm
Product Weight: 257-277g
Warranty: 6 Months
Brand: INPLAY
Model: S500
Color: Balck
Warranty: 6 Months",Product Quality: 9 | Best Feature: 3 | Performance: 9 | Nadi nman umiilaw sayang naman,ph-11134103-7r98q-m0a5u6ult2x06c.jpg,1
prod_04,Garnier Brightening Foam Facial Cleanser Skin care For Dark Spots Dull Skin Garnier Facial Wash 50ml,"WHAT IS IT
A gentle, easy to rinse foam with the power of Pure Lemon Extract to intensively cleanse and clear dullness.
 WHAT IT DOES
Cleanses and brightens skin.
 WHY IT'S PERFECT FOR YOU
Cleanse and clear away dullness with the power of pure lemon extract.
 HOW TO USE
Gently massage onto wet face while avoiding eye area. Rinse off with water. Use day and night as needed.
 CARE INSTRUCTIONS
Keep away from direct sunlight. Store at room temperature.
 INGREDIENTS
AQUA/WATER, GLYCERIN, MYRISTIC ACID, PAMITIC ACID, STEARIC ACID, GLYCERYL STEARATE, KAOLIN, BENZYL SALICYLATE, CITRUS MEDICA EXTRACT, LIMONENE, LINALOOL. METHYLISOTHIAZOLINONE, PEG-14M, TETRASODIUM EDTA, PARFUM/ FRAGRANCE (B45631/1)
Daytime Morning Regimen
STEP 1: REMOVE MAKEUP & IMPURITIES with the Garnier Vitamin C Micellar Water. Saturate a cotton pad with micellar water and gently wipe your face to remove dirt and excess oil.
STEP 2: CLEANSE your face with the Garnier Vitamin C Brightening Cleanser Foam OR Gel Cleanser Wash. Wet your face with water, apply a small amount of the cleanser, and massage in circular motions. Rinse thoroughly.
STEP 3: TREAT with the Garnier Vitamin C Booster Serum. Apply 3-4 drops of the serum all over your face in upward motion. Let it absorb fully before moving on to the next steps. This will help to fade dark spots in 3 days!
STEP 4: ENHANCE your skin with the Garnier Vitamin C Ampoule Serum. Apply a small amount of the ampoule serum on problem areas, or all over your face to fade hyperpigmentation, sunspots (pekas), melasma, and dark undereye circles.
STEP 5: MOISTURIZE with the Garnier Vitamin C Day Cream Moisturizer. Massage in upward circular motion all over your face, to lock in moisture and create a protective barrier on your skin.
STEP 6: PROTECT your skin from harmful UV rays with the Garnier Vitamin C UV Sunscreen. Apply a thin layer of sunscreen evenly on your face, at least 15 minutes before sun exposure. Reapply throughout the day for maximum sun protection.
Nighttime Evening Regimen
STEP 1: REMOVE MAKEUP & IMPURITIES with the Garnier Vitamin C Micellar Water. Saturate a cotton pad with micellar water and gently wipe your face to remove dirt and excess oil.
STEP 2: CLEANSE your face with the Garnier Vitamin C Brightening Cleanser Foam OR Gel Cleanser Wash. Wet your face with water, apply a small amount of the cleanser, and massage in circular motions. Rinse thoroughly.
STEP 3: TREAT with the Garnier 10% Pure Vitamin C Overnight Booster Serum. Apply 3-4 drops of the serum all over your face in upward motion to support overnight skin repair and recovery. all over your face in upward motion. Let it absorb fully before moving on to the next steps.
STEP 4: ENHANCE your skin with the Garnier Vitamin C Ampoule Serum. Apply a small amount of the ampoule serum on problem areas, or all over your face to fade hyperpigmentation, sunspots (pekas), melasma, and dark undereye circles.
STEP 5: REJUVENATE and nourish your skin with the Garnier Vitamin C Night Cream Moisturizer. Apply the night cream to lock in moisture for optimum repair and recovery especially during at night","Fragrance: gentle to your nose | Effectiveness: very effective | Texture: easy to blend | Garnier is my holy grail since 2012. Had a break out when I was a high school student and tried lots of products but no help at all, I tried garnier facial wash and paired with garnier facial cream back then and it helped me with my acne breakouts. This is my skincare product until now. It’s cheaper to buy online than buying in mall. Thanks Garnier and Shopee! Five stars",ph-11134103-7ras9-m3muqzfjccvj02.jpg;ph-11134103-7ras8-m3muqzfjdrfzc1.jpg;ph-11134103-7rasf-m3muqzfjf60f2b.jpg;ph-11134103-7rasf-m3muqzfjhz5ba4.jpg,2
prod_01,CCL PH USB Wired Gaming Mouse High Configuration with Backlight for PC & Laptop X1,"💯 High Quality
💯 Brand New
Easy to operate, USB plug and play, no driver needed. Anti-skid and waterproof design. ABS material, laser-etched, non-slip design, splash proof and durable.
Rainbow Color Backlight effects: bringing cool gaming experience, in particular increase gaming keys backlit effect and easy type in the dark.
Quickly control each function, ergonomic design, comfortable to operate.
Button service life: 5 million times
DPI adjustment provides 800/1200/1600 gear shift control for different games.
The smooth 3D roller with anti-skid scale grain ensures you to operate comfortably.
The buttons structure adopt precursor type streamline design provides excellent click sense.
Ergonomic design: perfect size fits naturally in your hand and provides comfortable touch feeling.
Product size: 12.3cm x 6.8cm  x 3.8cm (approx.)
🖌 FREE Shipping
🖌 Cash on Delivery (COD) is available       
🖌 Order Today Ship ASAP     
DELIVERY PERIOD:  
🚚 2-4 days Metro Manila
🚚 3-7 days Provincial
  ⚠️ Please CHOOSE THE CORRECT variation so we can avoid mistakes.
⚠️ If the item you received is defective, please contact us immediately. 
💡 Please leave us a positive feedback with 5 STARS ⭐️ ⭐️ ⭐️ ⭐️ ⭐️ if you are satisfied with our product and service. Your feedback will be much appreciated.
💡 Please contact us immediately before leaving any negative feedbacks or open a dispute on Shopee.",Sira pala ung scroller huhu. Diko natesting kasi inorder received ko lan agad 😑 sana po next time itry na muna item para goods lahat,a7672fd1ea2e57cec8f17e2f36e13df2.jpg,0
prod_06,Baseus H19 Wired Earphones 6D Stereo Bass Headphone In-Ear 3.5mm Headset with MIC,"Hey~ Welcome to Baseus Flagship Official Store!!! Please read the product description clearly,choose u need.Most items have ready stocks! Enjoy~
 ❥Package:
1*H19 3.5mm wired earphone
❥Specifications:
Brand: Baseus
Length:1.2m
❥Feature:
1. Inclined in the ear design, comfortable to wear all day.
2. Φ 14 mm moving coil + PU composite diaphragm, 6 d sound quality,
3. Thin wire control design, sensitive keys, durable
4. Built-in HD microphone, high restoration degree,
5. TPE pattern wire, soft and anti-winding
6. Support all devices with 3.5mm interface","Performance: okay | Best Feature: durable earphones | Product Quality: all goods for a cheap price | I bought this earphone without any expectations so when I got it earlier, I'm not biased at all about the quality. The earphone looks and feels durable. The wires will not easily tangle with each other. Here is the real review about the overall quality, if you don't mind the lata sound then go for it. I find it a bit off when it comes to sound quality. It makes up for the price I understand. I tried recording mu voice using the mic and turns out okay but haven't on a call so I guess I won't change my verdict. Thanks pa rin Baseus.",ph-11134103-820l7-mocib7am3nkdd0.jpg;ph-11134103-820l5-mocib7at5wcv9a.jpg;ph-11134103-820ld-mocib7at1onj4c.jpg;ph-11134103-820l6-mocib7at4hsfd5.jpg,1
prod_14,2022 Chinese Collar Polo for Men Long/Short Sleeves Full Buttons Cotton Korean Shirt,"Color: White, Black, Cream, Navy Blue
Size: M, L, XL，XXL
Material: Cotton
Pattern: Plain
Fit Type: Regular Fit
Style: Casual, Fashion
Thickness: Regular
Length: Regular
Decorations: Buttons
Season: Summer
Collar: Chinese Collar","Material Quality: good | Appearance: good | Colour: good | Mabilis dumating , kaso kulang Ang items na pinadala , walang aksyon Ang seller , sakto Yung bad ko tas kulang Ang items na dumating ! Be responsible namn seller !",ph-11134103-7r98v-lmuwyebecbync8.jpg,0
prod_05,Dermorepubliq 7% Glycolic Acid (AHA) Skin Renewing Toner,"This skin-renewing toner is perfect for improving dull, tired skin, it contains 7% Glycolic Acid, which sloughs off the outermost layer of the dead skin cells, revealing brighter and smoother skin.
Superstar herbs such as Centella Asiatica, Witch Hazel, Papaya, Cucumber, and Aloe Vera Extracts work synergistically for effective acne control and skin-soothing action.
Formulated with sensitive skin in mind, we made sure that this toner does not contain:
• Alcohol
• Sulfates
• Silicones
• Parabens
• Polymers
• Formaldehyde
• Artificial Colorants
• Artificial Scents
Ingredients List
Aqua, 7% Glycolic Acid (AHA), Aloe Barbadensis (Aloe Vera) Leaf Juice, Propylene Glycol, Glycerin, Sodium Hydroxide, Cucumis Sativus (Cucumber) Extract, Centella Asiatica (Gotu Kola) Extract, Carica Papaya (Papaya) Fruit Extract, Hamamelis Virginiana (Witch Hazel) Leaf Extract, Phenoxyethanol, Ethylhexylglycerin
pH 3.5 - 3.7
Dear valued customers,
We are excited to announce that Dermorepubliq is currently transitioning from using plastic shrink wraps to paper boxes as part of our commitment to reducing plastic pollution and protecting the environment. While this transition is underway, some of our products may still arrive with shrink wraps, but we are working hard to make paper boxes the new norm. We appreciate your support as we take this important step toward a more sustainable future.","YAAAY!!!! 🤩 I received the items in good condition. 😍 Its worth the wait and price. 👌🏻 Thank you seller, courier, and shopee as always!! ❤👍🏻 This shop is recommended. 🥰🥰🥰 Well packed, undamaged, and it was shipped fast. 😊💖 Thank you, God bless everyone!!!! 😊😊😊 #SalamatShopee!!🥳😁😍",ph-11134103-23030-yfaffiti6sov2b.jpg;ph-11134103-23030-uc9a8kti6sovb2.jpg;ph-11134103-23030-q08a8kti6sov59.jpg,2
prod_08,Inplay S500 Wired RGB Gaming Headset With Mic Surround Sound Over Ear Headphone For PC Laptop,"Inplay Official Service Center Guranteed
Variation
Brand: Inplay
Model: S500
Driver Diameter: 50mm
Impedance: 32Ω@1KHZ
Sensitivity: 115-121db at 1KHZ 1mV
Frequency Response: 20hz-20khz
Light Effect: Colorful led light
Cable Length: 1.8m
Product Size:190*170*90mm
Product Weight: 228-248g
Warranty: 6 Months
Microphone Parameters
Sensitivity: -38-42dB@1KHz
Input mode: DC 3.5 plug
Signal to Noise Ratio: ≥60db
Frequency Response: 100Hz-8KHz",Product Quality: 2/10 | Best Feature: 2/10 | Performance: 1/10 | Ang hina at ang panget ng Audio👎🏻👎🏻,ph-11134103-7ras9-m9ebk8d9vmou04.jpg,0
prod_06,Baseus H19 Wired Earphones 6D Stereo Bass Headphone In-Ear 3.5mm Headset with MIC,"Hey~ Welcome to Baseus Flagship Official Store!!! Please read the product description clearly,choose u need.Most items have ready stocks! Enjoy~
 ❥Package:
1*H19 3.5mm wired earphone
❥Specifications:
Brand: Baseus
Length:1.2m
❥Feature:
1. Inclined in the ear design, comfortable to wear all day.
2. Φ 14 mm moving coil + PU composite diaphragm, 6 d sound quality,
3. Thin wire control design, sensitive keys, durable
4. Built-in HD microphone, high restoration degree,
5. TPE pattern wire, soft and anti-winding
6. Support all devices with 3.5mm interface","Product Quality: goods talaga sya but not comfy sa tenga | Best Feature: sounds at mic is really clear | Performance: maganda ung sounds as in | Go buy it if gusto ng maganda quality ng tunog nya at ang mic sobrang clear, the off side of this product is very uncomfy sa ears, masakit sya ka matagalan, less than 30mins lang keri if more na masakit na talaga cya, sayang maganda sana.",ph-11134103-7r98q-lz4m7mgcjsou88.jpg;ph-11134103-7r98w-lz4m8j4iqlq2e9.jpg,1
prod_16,URBAN PIPE Fashionable Cargo Pants For Men 6 Pocket Drawstring Pant High Quality Bottoms 42917,"Discover the perfect blend of style and comfort with the URBAN PIPE Cargo Pants for Men. Designed for a modern urban look, these oversized pants feature multiple pockets and a versatile wide-leg design.
Functional Design: Equipped with 6 pockets for ample storage.
Stylish Fit: Oversized hip-hop style with wide-leg straight cut.
Adjustable Comfort: Drawstring waist for a customizable fit.
Add these trendy cargo pants to your wardrobe and elevate your casual outfits effortlessly!","Ilang beses ako nagsend ng reminder na size 32 lahat, nag ok pa sa akin si seller, pero size 34 pinadala, paano susuotin ng anak ko sobrang luwang, sayang, 7 pants pa naman binili ko, nu ba yan.",ph-11134103-81ztl-mi264iiaqrk0e0.jpg,0
prod_04,Garnier Brightening Foam Facial Cleanser Skin care For Dark Spots Dull Skin Garnier Facial Wash 50ml,"WHAT IS IT
A gentle, easy to rinse foam with the power of Pure Lemon Extract to intensively cleanse and clear dullness.
 WHAT IT DOES
Cleanses and brightens skin.
 WHY IT'S PERFECT FOR YOU
Cleanse and clear away dullness with the power of pure lemon extract.
 HOW TO USE
Gently massage onto wet face while avoiding eye area. Rinse off with water. Use day and night as needed.
 CARE INSTRUCTIONS
Keep away from direct sunlight. Store at room temperature.
 INGREDIENTS
AQUA/WATER, GLYCERIN, MYRISTIC ACID, PAMITIC ACID, STEARIC ACID, GLYCERYL STEARATE, KAOLIN, BENZYL SALICYLATE, CITRUS MEDICA EXTRACT, LIMONENE, LINALOOL. METHYLISOTHIAZOLINONE, PEG-14M, TETRASODIUM EDTA, PARFUM/ FRAGRANCE (B45631/1)
Daytime Morning Regimen
STEP 1: REMOVE MAKEUP & IMPURITIES with the Garnier Vitamin C Micellar Water. Saturate a cotton pad with micellar water and gently wipe your face to remove dirt and excess oil.
STEP 2: CLEANSE your face with the Garnier Vitamin C Brightening Cleanser Foam OR Gel Cleanser Wash. Wet your face with water, apply a small amount of the cleanser, and massage in circular motions. Rinse thoroughly.
STEP 3: TREAT with the Garnier Vitamin C Booster Serum. Apply 3-4 drops of the serum all over your face in upward motion. Let it absorb fully before moving on to the next steps. This will help to fade dark spots in 3 days!
STEP 4: ENHANCE your skin with the Garnier Vitamin C Ampoule Serum. Apply a small amount of the ampoule serum on problem areas, or all over your face to fade hyperpigmentation, sunspots (pekas), melasma, and dark undereye circles.
STEP 5: MOISTURIZE with the Garnier Vitamin C Day Cream Moisturizer. Massage in upward circular motion all over your face, to lock in moisture and create a protective barrier on your skin.
STEP 6: PROTECT your skin from harmful UV rays with the Garnier Vitamin C UV Sunscreen. Apply a thin layer of sunscreen evenly on your face, at least 15 minutes before sun exposure. Reapply throughout the day for maximum sun protection.
Nighttime Evening Regimen
STEP 1: REMOVE MAKEUP & IMPURITIES with the Garnier Vitamin C Micellar Water. Saturate a cotton pad with micellar water and gently wipe your face to remove dirt and excess oil.
STEP 2: CLEANSE your face with the Garnier Vitamin C Brightening Cleanser Foam OR Gel Cleanser Wash. Wet your face with water, apply a small amount of the cleanser, and massage in circular motions. Rinse thoroughly.
STEP 3: TREAT with the Garnier 10% Pure Vitamin C Overnight Booster Serum. Apply 3-4 drops of the serum all over your face in upward motion to support overnight skin repair and recovery. all over your face in upward motion. Let it absorb fully before moving on to the next steps.
STEP 4: ENHANCE your skin with the Garnier Vitamin C Ampoule Serum. Apply a small amount of the ampoule serum on problem areas, or all over your face to fade hyperpigmentation, sunspots (pekas), melasma, and dark undereye circles.
STEP 5: REJUVENATE and nourish your skin with the Garnier Vitamin C Night Cream Moisturizer. Apply the night cream to lock in moisture for optimum repair and recovery especially during at night",Effectiveness: Dont know yet | Fragrance: Mabango | Texture: Smooth | Mabilis lang naman dumating Maayos na maayos ang pagkaka balot sobraaa. Sana maganada resulta sakin nato bibili ulit ako pag naubos. Sinabay ko lang to sa isang order ko na piso lang haha para sulit deliver. Salamat seller! 😊❤👏,ph-11134103-22110-mjpxyqqenckvbf.jpg;ph-11134103-22110-c7i34xpenckvbb.jpg;ph-11134103-22110-7yawyqqenckvdd.jpg;ph-11134103-22110-1gbq0g3enckvb5.jpg,2
prod_01,CCL PH USB Wired Gaming Mouse High Configuration with Backlight for PC & Laptop X1,"💯 High Quality
💯 Brand New
Easy to operate, USB plug and play, no driver needed. Anti-skid and waterproof design. ABS material, laser-etched, non-slip design, splash proof and durable.
Rainbow Color Backlight effects: bringing cool gaming experience, in particular increase gaming keys backlit effect and easy type in the dark.
Quickly control each function, ergonomic design, comfortable to operate.
Button service life: 5 million times
DPI adjustment provides 800/1200/1600 gear shift control for different games.
The smooth 3D roller with anti-skid scale grain ensures you to operate comfortably.
The buttons structure adopt precursor type streamline design provides excellent click sense.
Ergonomic design: perfect size fits naturally in your hand and provides comfortable touch feeling.
Product size: 12.3cm x 6.8cm  x 3.8cm (approx.)
🖌 FREE Shipping
🖌 Cash on Delivery (COD) is available       
🖌 Order Today Ship ASAP     
DELIVERY PERIOD:  
🚚 2-4 days Metro Manila
🚚 3-7 days Provincial
  ⚠️ Please CHOOSE THE CORRECT variation so we can avoid mistakes.
⚠️ If the item you received is defective, please contact us immediately. 
💡 Please leave us a positive feedback with 5 STARS ⭐️ ⭐️ ⭐️ ⭐️ ⭐️ if you are satisfied with our product and service. Your feedback will be much appreciated.
💡 Please contact us immediately before leaving any negative feedbacks or open a dispute on Shopee.",Well packed. Nice item. Secure item with bubble wrap. Thanx seller. Will order again. Thank you courier and rider. Fast delivery also.,7b3b6916a4af9603751e168b57c4e561.jpg;485c3c77da5f7f2ea8e9c8de41ef3890.jpg,2
prod_04,Garnier Brightening Foam Facial Cleanser Skin care For Dark Spots Dull Skin Garnier Facial Wash 50ml,"WHAT IS IT
A gentle, easy to rinse foam with the power of Pure Lemon Extract to intensively cleanse and clear dullness.
 WHAT IT DOES
Cleanses and brightens skin.
 WHY IT'S PERFECT FOR YOU
Cleanse and clear away dullness with the power of pure lemon extract.
 HOW TO USE
Gently massage onto wet face while avoiding eye area. Rinse off with water. Use day and night as needed.
 CARE INSTRUCTIONS
Keep away from direct sunlight. Store at room temperature.
 INGREDIENTS
AQUA/WATER, GLYCERIN, MYRISTIC ACID, PAMITIC ACID, STEARIC ACID, GLYCERYL STEARATE, KAOLIN, BENZYL SALICYLATE, CITRUS MEDICA EXTRACT, LIMONENE, LINALOOL. METHYLISOTHIAZOLINONE, PEG-14M, TETRASODIUM EDTA, PARFUM/ FRAGRANCE (B45631/1)
Daytime Morning Regimen
STEP 1: REMOVE MAKEUP & IMPURITIES with the Garnier Vitamin C Micellar Water. Saturate a cotton pad with micellar water and gently wipe your face to remove dirt and excess oil.
STEP 2: CLEANSE your face with the Garnier Vitamin C Brightening Cleanser Foam OR Gel Cleanser Wash. Wet your face with water, apply a small amount of the cleanser, and massage in circular motions. Rinse thoroughly.
STEP 3: TREAT with the Garnier Vitamin C Booster Serum. Apply 3-4 drops of the serum all over your face in upward motion. Let it absorb fully before moving on to the next steps. This will help to fade dark spots in 3 days!
STEP 4: ENHANCE your skin with the Garnier Vitamin C Ampoule Serum. Apply a small amount of the ampoule serum on problem areas, or all over your face to fade hyperpigmentation, sunspots (pekas), melasma, and dark undereye circles.
STEP 5: MOISTURIZE with the Garnier Vitamin C Day Cream Moisturizer. Massage in upward circular motion all over your face, to lock in moisture and create a protective barrier on your skin.
STEP 6: PROTECT your skin from harmful UV rays with the Garnier Vitamin C UV Sunscreen. Apply a thin layer of sunscreen evenly on your face, at least 15 minutes before sun exposure. Reapply throughout the day for maximum sun protection.
Nighttime Evening Regimen
STEP 1: REMOVE MAKEUP & IMPURITIES with the Garnier Vitamin C Micellar Water. Saturate a cotton pad with micellar water and gently wipe your face to remove dirt and excess oil.
STEP 2: CLEANSE your face with the Garnier Vitamin C Brightening Cleanser Foam OR Gel Cleanser Wash. Wet your face with water, apply a small amount of the cleanser, and massage in circular motions. Rinse thoroughly.
STEP 3: TREAT with the Garnier 10% Pure Vitamin C Overnight Booster Serum. Apply 3-4 drops of the serum all over your face in upward motion to support overnight skin repair and recovery. all over your face in upward motion. Let it absorb fully before moving on to the next steps.
STEP 4: ENHANCE your skin with the Garnier Vitamin C Ampoule Serum. Apply a small amount of the ampoule serum on problem areas, or all over your face to fade hyperpigmentation, sunspots (pekas), melasma, and dark undereye circles.
STEP 5: REJUVENATE and nourish your skin with the Garnier Vitamin C Night Cream Moisturizer. Apply the night cream to lock in moisture for optimum repair and recovery especially during at night",Fragrance: citrus smell | Texture: liquid | Thank you seller for the freebie and for fast shipment. Nice packaging and there is no damage at all.,ph-11134103-7r98o-ltytiala8mfd2f.jpg,2
prod_08,Inplay S500 Wired RGB Gaming Headset With Mic Surround Sound Over Ear Headphone For PC Laptop,"Inplay Official Service Center Guranteed
Variation
Brand: Inplay
Model: S500
Driver Diameter: 50mm
Impedance: 32Ω@1KHZ
Sensitivity: 115-121db at 1KHZ 1mV
Frequency Response: 20hz-20khz
Light Effect: Colorful led light
Cable Length: 1.8m
Product Size:190*170*90mm
Product Weight: 228-248g
Warranty: 6 Months
Microphone Parameters
Sensitivity: -38-42dB@1KHz
Input mode: DC 3.5 plug
Signal to Noise Ratio: ≥60db
Frequency Response: 100Hz-8KHz","Product Quality: Good | Best Feature: Headset | Performance: Great and clear audio. | Very nice yung mic at tsaka audio, knalangan lang maadjust ngunit k lang. Overall a goood product. Enjoy short vid and pic of random province.",ph-11134103-7rasl-m8s0f2hcvwvn23.webp.jpg,2
prod_06,Baseus H19 Wired Earphones 6D Stereo Bass Headphone In-Ear 3.5mm Headset with MIC,"Hey~ Welcome to Baseus Flagship Official Store!!! Please read the product description clearly,choose u need.Most items have ready stocks! Enjoy~
 ❥Package:
1*H19 3.5mm wired earphone
❥Specifications:
Brand: Baseus
Length:1.2m
❥Feature:
1. Inclined in the ear design, comfortable to wear all day.
2. Φ 14 mm moving coil + PU composite diaphragm, 6 d sound quality,
3. Thin wire control design, sensitive keys, durable
4. Built-in HD microphone, high restoration degree,
5. TPE pattern wire, soft and anti-winding
6. Support all devices with 3.5mm interface","Performance: so good | Best Feature: good sound | Product Quality: nice | The packaging is good and safe, the sound is also good, i didn't expect much of this but it's all worth it. Thank youuu for this nice product.",ph-11134103-23030-n9wl43r527nv38.jpg;ph-11134103-23030-qny1321c37nv96.jpg,2
prod_10,Nvision 22 24 27 Inch IPS Monitor 100Hz/144Hz Framless FHD Gaming Monitor PC Laptop Monitor,"Nvision Frameless Flat Gaming Monitor
Energy Star Certified Monitor
Nvision Official Service Center Guranteed 
180 Days For Feplacement.
24 Months Warranty Period.
Specification:
___________________________________________________________________
Variation:
Model:  N2455PRO 24"" FHD
Color: Black/White
Display Size: 23.8""
Panel Type:  IPS
Refresh Rate: 100Hz
Response Time: 5Ms
Resolution: 1920*1080 Fhd
Brightness: 230Cd/m2
Contrast Ratio: 1000:1
Display Colors：16.7M
Viewing Angle：170(H) X 170(V)
Interface：HDMI*1 VGA*1,  DC input
Power Adaptor: AC220V, DC 12V/2.5A
Accessories: HDMI Cable *1, Metal Stand&Screw, Screw Driver, Instruction Manual, Warranty Card
Vesa Mount:  75mm * 75mm
___________________________________________________________________
Model:  N2455GT 24"" FHD
Color: Black/White
Display Size: 23.8""
Panel Type:  IPS
Refresh Rate: 144Hz
Response Time: 5Ms
Resolution: 1920*1080 Fhd
Brightness: 230Cd/m2
Contrast Ratio: 1000:1
Display Colors：16.7M
Viewing Angle：170(H) X 170(V)
Interface：HDMI*1 VGA*1,  DC input
Power Adaptor: AC220V, DC 12V/2.5A
Accessories: HDMI Cable *1, Metal Stand&Screw, Screw Driver, Instruction Manual, Warranty Card
Vesa Mount:  75mm * 75mm
___________________________________________________________________
Variation:
Model:  N2755PRO 27'' FHD
Color: Black/White
Display Size: 27''
Panel Type:  IPS
Refresh Rate: 100Hz
Response Time: 5Ms
Resolution: 1920*1080 Fhd
Brightness: 230cd/m2
Contrast Ratio: 1000:1
Display Colors：16.7M
Viewing Angle：170(H) X 170(V)
Interface：HDMI*1 VGA*1,  DC input
Power Adaptor: AC220V, DC 12V/2.5A
Accessories: HDMI Cable *1, Metal Stand&Screw, Screw Driver, Instruction Manual, Warranty Card
Vesa Mount:  75mm * 75mm
___________________________________________________________________
Variation:
Model:  N2255GP 22'' FHD
Color: Black/White
Display Size: 21.5''
Panel Type:  IPS
Refresh Rate: 120Hz
Response Time: 5Ms
Resolution: 1920*1080 Fhd
Brightness: 230cd/m2
Contrast Ratio: 1000:1
Display Colors：16.7M
Viewing Angle：170(H) X 170(V)
Interface：HDMI*1 VGA*1,  DC input
Power Adaptor: AC220V, DC 12V/2.5A
Accessories: HDMI Cable *1, Metal Stand&Screw, Screw Driver, Instruction Manual, Warranty Card
Vesa Mount:  75mm * 75mm
___________________________________________________________________
Model:  N2510 25"" FHD
Color: Black/White
Display Size: 24.5""
Panel Type: VA
Refresh Rate: 100Hz
Response Time: 5Ms
Resolution: 1920*1080P
Brightness: 250Cd/m2
Contrast Ratio: 1000:1
Display Colors：16.7M
Viewing Angle：170(H) X 170(V)
Interface：HDMI*1,VGA*1, DC Input*1
Power Adaptor: AC220V, DC 12V/2.5A
Package Size: 63*13*42cm
Weight: 4.5kg
Accessories: HDMI Cable *1, Metal Stand&Screw, Screw Driver, Instruction Manual, Warranty Card
Vesa Mount:  75mm * 75mm
___________________________________________________________________
Model:  Q2760 27"" QHD
Color: Black/White
Display Size: 27""
Panel Type: IPS
Refresh Rate: 100Hz
Response Time: 5Ms
Resolution: 2560*1440P
Speaker: Build-in Speaker
Brightness: 250Cd/m2
Contrast Ratio: 1000:1
Display Colors：16.7M
Viewing Angle：170(H) X 170(V)
Interface：HDMI*1, DP*1, Audio Out*1, DC Input*1
Power Adaptor: AC220V, DC 12V/2.5A
Package Size: 63*13*42cm
Weight: 4.5kg
Accessories: HDMI Cable *1, Metal Stand&Screw, Screw Driver, Instruction Manual, Warranty Card
Vesa Mount:  75mm * 75mm",Performance: best purchase | Best Feature: APPEARANCE | Product Quality: excellent | I was really nervous about the transit but it arrived safe and without damage! I love it so much it’s perfect for my set up. You will never regret! Seller is also responsive and updates with pictures. Thank you!,ph-11134103-7qul3-lfavpq226fxb24.jpg;ph-11134103-7qul6-lfavpwrqcsmsdd.jpg;ph-11134103-7qul3-lfavq16pw4xgb4.jpg,2
prod_11,ICON Webcam 2K/ 1080P/ 720P Full HD Video Call For PC Laptop With Microphone Home USB Video Webcam,"Name: ICON 1080X1920P Webcam 2K
8 million high-definition image sensor, effective resolution 1920*1080
Main control chip: Lingtong GP2247
Camera chip: F37
Camera physical pixels: 800W
Camera angle: 90 degrees
Microphone: built-in noise reduction microphone
Drive type: free drive (plug and play)
Interface type: USB 2.0 (built-in mark)
USB cable length: 140cm
Camera chip size: 1/4'' CMOS
---------------------------------------------------------------------------------------------------------------------------------------------------------
Name: ICON webcam 720P
5 million high-definition image sensor, effective resolution 1280*720
Main control chip: Lingtong GP2247
Camera chip: F37
Camera physical pixels: 500W
Camera angle: 90 degrees
Microphone: built-in noise reduction microphone
Drive type: free drive (plug and play)
Interface type: USB 2.0 (built-in mark)
USB cable length: 140cm
Camera chip size: 1/4'' CMOS
---------------------------------------------------------------------------------------------------------------------------------------------------------
Name: ICON webcam 1080P
5 million high-definition image sensor, effective resolution 1920X1080
Main control chip: Lingtong GP2247
Camera chip: F37
Camera physical pixels: 800W
Camera angle: 90 degrees
Microphone: built-in noise reduction microphone
Drive type: free drive (plug and play)
Interface type: USB 2.0 (built-in mark)
USB cable length: 140cm
Camera chip size: 1/4'' CMOS
warranty service
Replacement within 15 days: Within 15 days after the receipt of the product, if there is a product quality problem that is not artificially damaged, you can contact customer service and we will provide replacement services.
1 year warranty: From the date of receipt of the product, if there is a hardware failure problem under normal use, non-artificial damage, any natural disasters. Free warranty for one year.
Lifetime technical maintenance: After purchasing the product, you can enjoy free lifetime technical consulting services provided by engineers
About shipping: If there is a quality problem within 1 month of purchasing the product, the shipping will be borne by each other.
After one month to one year, the return shipping fee shall be borne by the customer.",Packaging came unsatisfactory. Good thing the product is still working Camera quality is decent. It can be used with proper lighting. Only 60fps it isn't that smooth. But it's ok for it's price. The lense is in forever fish eye. Has distortion on the side. The lense can be adjusted by twisting.,7a8e07ccf02c35ed4a26ce9622ef9faf.jpg;38467374738ae64c5f2d0d0709940244.jpg,1
prod_09,Jeep EW011 TWS True Wireless Bluetooth Earphones HiFi Sound Noise Cancellation HD Calls Earbuds,"Specification:
Brand: Jeep
Model: JP EW011
Wireless version: V5.3
Speaker size: Φ13mm
Sensitivity:118±3dB
Impedance: 250
Frequency response:50HZ-20KHZ
Cell voltage: 3.7V
Music playing time:About 4H (80% volume)
Standby time:About 50H
Charging time:About 2H
Headphone battery capacity: 30mAh/3.7V
Charging compartment battery capacity: 300mAh/3.7V
Product size:61.5x25x45.5mm
What's in the box
2 x Bluetooth Earphones
1 x Charging Case
1 x Charging Cable
1 x User Manual","Best Feature: The look and Bass sound | Product Quality: Hard plastic | Performance: Ideal for traveling and soundtrip | It giving the speaker vibe, it looks like your inside a car having a soundtrip because of the bass. Nice product for its price and great sound quality.",ph-11134103-7rask-m26rqc6pmr2a3e.jpg;ph-11134103-7rasi-m26rqc6p7atee5.jpg;ph-11134103-7rase-m26rqc6p8pdu97.jpg,2
prod_17,Baggy Jeans Korean Style Jeans pants for Men straight cut Men's denim pants for men wide leg pants comfortable pants,"🌴S(27/28) Waist 26.7"" Length 38.1"" Hips 40.1"" 150-160cm. 40-45kg.
🌴M(29/30) Waist 28.7"" Length 38.5"" Hips 41.7"" 160-165cm. 45-55kg.
🌴L(31) Waist 30.7"" Length 38.9"" Hips 43.3"" 165-170cm. 55-60kg.
🌴XL(32/33) Waist 32.6"" Length 39.3"" Hips 44.4"" 165-173cm. 60-65kg.
🌴XXL(34/36) Waist 34.6"" Length 39.7"" Hips 46"" 170-175cm. 65-70kg.
🌴XXXL(38) Waist 36.6"" Length 40.1"" Hips 47.6"" 170-175cm. 70-80kg.","Colour: Black | Material Quality: fine | Its called baggt but its not, better to buy a larger size and turn it into jorts",ph-11134103-7rasl-m9gwft1wvw370e.jpg,0
prod_09,Jeep EW011 TWS True Wireless Bluetooth Earphones HiFi Sound Noise Cancellation HD Calls Earbuds,"Specification:
Brand: Jeep
Model: JP EW011
Wireless version: V5.3
Speaker size: Φ13mm
Sensitivity:118±3dB
Impedance: 250
Frequency response:50HZ-20KHZ
Cell voltage: 3.7V
Music playing time:About 4H (80% volume)
Standby time:About 50H
Charging time:About 2H
Headphone battery capacity: 30mAh/3.7V
Charging compartment battery capacity: 300mAh/3.7V
Product size:61.5x25x45.5mm
What's in the box
2 x Bluetooth Earphones
1 x Charging Case
1 x Charging Cable
1 x User Manual",Performance: okay naman po sya | Best Feature: bakit pag i charge ko hindi nag la light po? | Sira po ata to hindi kasi nag la light,ph-11134103-7rasm-m3eiqvo5o01b67.jpg,1
prod_05,Dermorepubliq 7% Glycolic Acid (AHA) Skin Renewing Toner,"This skin-renewing toner is perfect for improving dull, tired skin, it contains 7% Glycolic Acid, which sloughs off the outermost layer of the dead skin cells, revealing brighter and smoother skin.
Superstar herbs such as Centella Asiatica, Witch Hazel, Papaya, Cucumber, and Aloe Vera Extracts work synergistically for effective acne control and skin-soothing action.
Formulated with sensitive skin in mind, we made sure that this toner does not contain:
• Alcohol
• Sulfates
• Silicones
• Parabens
• Polymers
• Formaldehyde
• Artificial Colorants
• Artificial Scents
Ingredients List
Aqua, 7% Glycolic Acid (AHA), Aloe Barbadensis (Aloe Vera) Leaf Juice, Propylene Glycol, Glycerin, Sodium Hydroxide, Cucumis Sativus (Cucumber) Extract, Centella Asiatica (Gotu Kola) Extract, Carica Papaya (Papaya) Fruit Extract, Hamamelis Virginiana (Witch Hazel) Leaf Extract, Phenoxyethanol, Ethylhexylglycerin
pH 3.5 - 3.7
Dear valued customers,
We are excited to announce that Dermorepubliq is currently transitioning from using plastic shrink wraps to paper boxes as part of our commitment to reducing plastic pollution and protecting the environment. While this transition is underway, some of our products may still arrive with shrink wraps, but we are working hard to make paper boxes the new norm. We appreciate your support as we take this important step toward a more sustainable future.","Fragrance: unscented | Effectiveness: 7/10 | Texture: watery, smooth | may hapdi sya when i apply sa forehead, and i think medyo effective naman but nagka tiny bumps ako after using it for a while probably purging.",ph-11134103-7r98x-lymy00g2dcse6a.jpg,1
prod_10,Nvision 22 24 27 Inch IPS Monitor 100Hz/144Hz Framless FHD Gaming Monitor PC Laptop Monitor,"Nvision Frameless Flat Gaming Monitor
Energy Star Certified Monitor
Nvision Official Service Center Guranteed 
180 Days For Feplacement.
24 Months Warranty Period.
Specification:
___________________________________________________________________
Variation:
Model:  N2455PRO 24"" FHD
Color: Black/White
Display Size: 23.8""
Panel Type:  IPS
Refresh Rate: 100Hz
Response Time: 5Ms
Resolution: 1920*1080 Fhd
Brightness: 230Cd/m2
Contrast Ratio: 1000:1
Display Colors：16.7M
Viewing Angle：170(H) X 170(V)
Interface：HDMI*1 VGA*1,  DC input
Power Adaptor: AC220V, DC 12V/2.5A
Accessories: HDMI Cable *1, Metal Stand&Screw, Screw Driver, Instruction Manual, Warranty Card
Vesa Mount:  75mm * 75mm
___________________________________________________________________
Model:  N2455GT 24"" FHD
Color: Black/White
Display Size: 23.8""
Panel Type:  IPS
Refresh Rate: 144Hz
Response Time: 5Ms
Resolution: 1920*1080 Fhd
Brightness: 230Cd/m2
Contrast Ratio: 1000:1
Display Colors：16.7M
Viewing Angle：170(H) X 170(V)
Interface：HDMI*1 VGA*1,  DC input
Power Adaptor: AC220V, DC 12V/2.5A
Accessories: HDMI Cable *1, Metal Stand&Screw, Screw Driver, Instruction Manual, Warranty Card
Vesa Mount:  75mm * 75mm
___________________________________________________________________
Variation:
Model:  N2755PRO 27'' FHD
Color: Black/White
Display Size: 27''
Panel Type:  IPS
Refresh Rate: 100Hz
Response Time: 5Ms
Resolution: 1920*1080 Fhd
Brightness: 230cd/m2
Contrast Ratio: 1000:1
Display Colors：16.7M
Viewing Angle：170(H) X 170(V)
Interface：HDMI*1 VGA*1,  DC input
Power Adaptor: AC220V, DC 12V/2.5A
Accessories: HDMI Cable *1, Metal Stand&Screw, Screw Driver, Instruction Manual, Warranty Card
Vesa Mount:  75mm * 75mm
___________________________________________________________________
Variation:
Model:  N2255GP 22'' FHD
Color: Black/White
Display Size: 21.5''
Panel Type:  IPS
Refresh Rate: 120Hz
Response Time: 5Ms
Resolution: 1920*1080 Fhd
Brightness: 230cd/m2
Contrast Ratio: 1000:1
Display Colors：16.7M
Viewing Angle：170(H) X 170(V)
Interface：HDMI*1 VGA*1,  DC input
Power Adaptor: AC220V, DC 12V/2.5A
Accessories: HDMI Cable *1, Metal Stand&Screw, Screw Driver, Instruction Manual, Warranty Card
Vesa Mount:  75mm * 75mm
___________________________________________________________________
Model:  N2510 25"" FHD
Color: Black/White
Display Size: 24.5""
Panel Type: VA
Refresh Rate: 100Hz
Response Time: 5Ms
Resolution: 1920*1080P
Brightness: 250Cd/m2
Contrast Ratio: 1000:1
Display Colors：16.7M
Viewing Angle：170(H) X 170(V)
Interface：HDMI*1,VGA*1, DC Input*1
Power Adaptor: AC220V, DC 12V/2.5A
Package Size: 63*13*42cm
Weight: 4.5kg
Accessories: HDMI Cable *1, Metal Stand&Screw, Screw Driver, Instruction Manual, Warranty Card
Vesa Mount:  75mm * 75mm
___________________________________________________________________
Model:  Q2760 27"" QHD
Color: Black/White
Display Size: 27""
Panel Type: IPS
Refresh Rate: 100Hz
Response Time: 5Ms
Resolution: 2560*1440P
Speaker: Build-in Speaker
Brightness: 250Cd/m2
Contrast Ratio: 1000:1
Display Colors：16.7M
Viewing Angle：170(H) X 170(V)
Interface：HDMI*1, DP*1, Audio Out*1, DC Input*1
Power Adaptor: AC220V, DC 12V/2.5A
Package Size: 63*13*42cm
Weight: 4.5kg
Accessories: HDMI Cable *1, Metal Stand&Screw, Screw Driver, Instruction Manual, Warranty Card
Vesa Mount:  75mm * 75mm","Performance: Good | Best Feature: Graphics | Product Quality: Good but no for long | Well packed and sealed, di nadamage item. Edit: Ok naman sana pero hindi nya ata kayang icarry weight ng monitor, medyo tumabingi na sya in just 1month.",ph-11134103-7ra0n-mbzlywp0keht04.jpg;ph-11134103-7ra0n-mbzlywp0lt8b6e.jpg;ph-11134103-7ra0n-mcu280y5e60hcc.jpg,1
prod_04,Garnier Brightening Foam Facial Cleanser Skin care For Dark Spots Dull Skin Garnier Facial Wash 50ml,"WHAT IS IT
A gentle, easy to rinse foam with the power of Pure Lemon Extract to intensively cleanse and clear dullness.
 WHAT IT DOES
Cleanses and brightens skin.
 WHY IT'S PERFECT FOR YOU
Cleanse and clear away dullness with the power of pure lemon extract.
 HOW TO USE
Gently massage onto wet face while avoiding eye area. Rinse off with water. Use day and night as needed.
 CARE INSTRUCTIONS
Keep away from direct sunlight. Store at room temperature.
 INGREDIENTS
AQUA/WATER, GLYCERIN, MYRISTIC ACID, PAMITIC ACID, STEARIC ACID, GLYCERYL STEARATE, KAOLIN, BENZYL SALICYLATE, CITRUS MEDICA EXTRACT, LIMONENE, LINALOOL. METHYLISOTHIAZOLINONE, PEG-14M, TETRASODIUM EDTA, PARFUM/ FRAGRANCE (B45631/1)
Daytime Morning Regimen
STEP 1: REMOVE MAKEUP & IMPURITIES with the Garnier Vitamin C Micellar Water. Saturate a cotton pad with micellar water and gently wipe your face to remove dirt and excess oil.
STEP 2: CLEANSE your face with the Garnier Vitamin C Brightening Cleanser Foam OR Gel Cleanser Wash. Wet your face with water, apply a small amount of the cleanser, and massage in circular motions. Rinse thoroughly.
STEP 3: TREAT with the Garnier Vitamin C Booster Serum. Apply 3-4 drops of the serum all over your face in upward motion. Let it absorb fully before moving on to the next steps. This will help to fade dark spots in 3 days!
STEP 4: ENHANCE your skin with the Garnier Vitamin C Ampoule Serum. Apply a small amount of the ampoule serum on problem areas, or all over your face to fade hyperpigmentation, sunspots (pekas), melasma, and dark undereye circles.
STEP 5: MOISTURIZE with the Garnier Vitamin C Day Cream Moisturizer. Massage in upward circular motion all over your face, to lock in moisture and create a protective barrier on your skin.
STEP 6: PROTECT your skin from harmful UV rays with the Garnier Vitamin C UV Sunscreen. Apply a thin layer of sunscreen evenly on your face, at least 15 minutes before sun exposure. Reapply throughout the day for maximum sun protection.
Nighttime Evening Regimen
STEP 1: REMOVE MAKEUP & IMPURITIES with the Garnier Vitamin C Micellar Water. Saturate a cotton pad with micellar water and gently wipe your face to remove dirt and excess oil.
STEP 2: CLEANSE your face with the Garnier Vitamin C Brightening Cleanser Foam OR Gel Cleanser Wash. Wet your face with water, apply a small amount of the cleanser, and massage in circular motions. Rinse thoroughly.
STEP 3: TREAT with the Garnier 10% Pure Vitamin C Overnight Booster Serum. Apply 3-4 drops of the serum all over your face in upward motion to support overnight skin repair and recovery. all over your face in upward motion. Let it absorb fully before moving on to the next steps.
STEP 4: ENHANCE your skin with the Garnier Vitamin C Ampoule Serum. Apply a small amount of the ampoule serum on problem areas, or all over your face to fade hyperpigmentation, sunspots (pekas), melasma, and dark undereye circles.
STEP 5: REJUVENATE and nourish your skin with the Garnier Vitamin C Night Cream Moisturizer. Apply the night cream to lock in moisture for optimum repair and recovery especially during at night","Packaging: 5/10 | Will try nxt week, hope it works",ph-11134103-7qul9-lha957z2vt9i01.jpg;ph-11134103-7qul3-lha957z2vstc3a.jpg;ph-11134103-7qul0-lha957z3b9ie29.jpg,1
prod_02,Luxe Organix Whitening Repair Ultra Light Glow Cleanser 150ml,"Evens out skin tone, lighten scars and dark spots, brighten skin
LUXE ORGANIX WHITENING REPAIR GENTLE FOAM CLEANSER IS MADE WITH NIACINAMIDE AND LICORICE ROOT EXTRACT TO REDUCE APPEARANCE OF HYPERPGMENTATION. ENLARGED PORES AND EXCESS OIL. IT LIGHTENS SKIN AND EVENS OUT SKIN TONE LEAVING YOU WITH A FRESH AND NATURAL GLOW.
HOW TO USE: SQUEEZE A PEA SIZED AMOUNT ONTO HANDS, GENTLY MASSAGE INTO DAMP FACE IN CIRCULAR MOTIONS, AVOIDING THE EYE AREA. RINSE THROUGHLY WITH WATER.CAUTION: FOR EXTERNAL USE ONLY. AVOID CONTACT WITH EYES. CONDUCT A SKIN TEST FIRST. STOP USING AND CONSULT A DOCTOR IF SKIN BECOMES RED, SWOLLEN AND ITCHYDURING USE. KEEP OUT OF REACH OF CHILDREN. STORE AT ROOM TEMPERATURE.
INGREDIENTS: WATER, MYRISTIC ACID, GLYCERIN, POTASSIUM HYDROXIDE, PALMITIC ACID, STEARID ACID, LAURAMIDE DEA, SODIUM LAURETH SULFATE, COCAMIDOPROPYL BETAINE, GLYCERYL STEARATE, BENZYL GLYCOL, PEG-100 STEARATE, NIACINAMIDE, GLYCYRRHIZA GLABRA (LICORICE) ROOT EXTRACT, SODIUM CHLORIDE, BUTYLENE GLYCOL, 1,2- HEXANEDIOL, GLYCOL DISTEARATE, RASPBERRY KETONE, CARBOMER, DISODIUM EDTA, LAURIC ACID, ETHYLHEXYLGLYCERIN, CITRIC ACID, SODIUM CARBONATE, FRAGRANCE.",I ordered this but they sent me Vaseline Lotion instead! I wondered if they didn't find the difference between a luxe organix cleanser and a Vaseline lotion! It is sooooo disappointing !,ph-11134103-81ztk-mjhxgcrf6e4k58.webp.jpg,0
prod_03,"Cetaphil Gentle Skin Cleanser 59ml (For Sensitive Skin, Non-Drying Facial Wash, And Paraben Free)","Our best-selling gentle skin cleanser is clinically proven to actively hydrate while cleansing the skin, and defends against the five signs of skin sensitivity including dryness, irritation, roughness, toughness, and a weakened skin barrier
Our best-seller and fan favorite - a mild, non-irritating and soap-free formula that soothes skin as it cleanses. This award-winning cleanser is clinically proven to hydrate while cleansing, and helps to strengthen the skin&#39;s moisture barrier. It can be specifically used for everyday cleansing, and defends against the five signs of skin sensitivity - dryness, irritation, roughness, toughness, and weakened skin barrier. Non-comodogenic, fragrance-free, pH balanced, and dermatologically tested.
Cetaphil is the most prescribed skincare brand by dermatologists.
- Gentle, soap-free, non-irritating cleanser actively hydrates while cleansing
- Defends against the five signs of skin sensitivity, including dryness, irritation, roughness, tightness and weakened skin barrier
- Non-foaming cleanser can be used with or without water
- Suitable for all skin types, including dry and sensitive skin
- Dermatologist tested and clinically proven to be gentle on sensitive skin
- Fragrance free, hypoallergenic and non-comedogenic, so it won&#39;t irritate skin or clog pores
INGREDIENTS:
Aqua, Glycerin, Cetearyl Alcohol, Panthenol, Niacinamide, Pantolactone, Xanthan Gum, Sodium Cocoyl Isethionate, Sodium Benzoate, Citric Acid
Directions for Use:
With water: 
Apply cleanser and gentle massage into skin. Rinse.
Without water:
Apply a liberal amount of cleanser and gently massage into skin.
About the Brand:
Cetaphil is a gentle skincare brand that has been recommended by dermatologists for over 70 years, and is today used by millions of people with sensitive skin from all around the world. It offers a complete range of cleansers, moisturizers and sun protection ideal for face and body, providing gentle yet effective skincare formula to strengthen and protect even the most sensitive skin.
MOST PRESCRIBED SKINCARE BRAND
Cetaphil is the original sensitive cleanser recommended by dermatologists for over 70 years
CLINICALLY TESTED FOR SENSITIVE SKIN
Our soap-free, skin nourishing products will treat your skin without irritation and is hypoallergenic
DEFENDS AGAINST 5 SIGNS OF SENSITIVITY
Clinically proven to soothe, hydrate, and nourish sensitive skin",Texture: creamy na may oil | Fragrance: fragrance free | Fast shipping and delivery Well packed About naman sa product sobrang mild lang niya good for sensitive skin,ph-11134103-7qukw-lj19spw8dwxy47.jpg,1
prod_08,Inplay S500 Wired RGB Gaming Headset With Mic Surround Sound Over Ear Headphone For PC Laptop,"Inplay Official Service Center Guranteed
Variation
Brand: Inplay
Model: S500
Driver Diameter: 50mm
Impedance: 32Ω@1KHZ
Sensitivity: 115-121db at 1KHZ 1mV
Frequency Response: 20hz-20khz
Light Effect: Colorful led light
Cable Length: 1.8m
Product Size:190*170*90mm
Product Weight: 228-248g
Warranty: 6 Months
Microphone Parameters
Sensitivity: -38-42dB@1KHz
Input mode: DC 3.5 plug
Signal to Noise Ratio: ≥60db
Frequency Response: 100Hz-8KHz",Performance: 5/10 | Product Quality: 5/10 | Best Feature: affordable | hindi gumagana mic:v,ph-11134103-7ras9-m9ebk8d9vmou04.jpg,0
prod_15,Infinitee Japanese Inspired Oversized T Shirt For Men Women Oversize Plus Size Tshirt Top Tops Tees,"Premium Quality Cotton T-Shirt
✔ 100% Brand New
✔ Material: Cotton-blend
✔ Fit: Loose Fit
✔ Style: Casual
✔ Fabric Density: 200 gsm
✔ Comfortable and Long-Wearing
✔ Asian Size
📏 Please refer to the Size Chart for accurate measurements.
🧺 Care Instructions:
• Do not bleach
• Do not dry clean
⚠️ Note: Color may appear slightly lighter or darker due to lighting.",Material Quality: yung tela goods naman | Colour: goods naman | Appearance: yung print burado agad dipa nagagamit | yung print parang matatanggal na as you can see sa picture,ph-11134103-7rask-m9gznxehg8rl12.jpg;ph-11134103-7rask-m9gznxgpczlfd9.jpg;ph-11134103-7rasd-m9gznxdnhgdve5.jpg,1
prod_11,ICON Webcam 2K/ 1080P/ 720P Full HD Video Call For PC Laptop With Microphone Home USB Video Webcam,"Name: ICON 1080X1920P Webcam 2K
8 million high-definition image sensor, effective resolution 1920*1080
Main control chip: Lingtong GP2247
Camera chip: F37
Camera physical pixels: 800W
Camera angle: 90 degrees
Microphone: built-in noise reduction microphone
Drive type: free drive (plug and play)
Interface type: USB 2.0 (built-in mark)
USB cable length: 140cm
Camera chip size: 1/4'' CMOS
---------------------------------------------------------------------------------------------------------------------------------------------------------
Name: ICON webcam 720P
5 million high-definition image sensor, effective resolution 1280*720
Main control chip: Lingtong GP2247
Camera chip: F37
Camera physical pixels: 500W
Camera angle: 90 degrees
Microphone: built-in noise reduction microphone
Drive type: free drive (plug and play)
Interface type: USB 2.0 (built-in mark)
USB cable length: 140cm
Camera chip size: 1/4'' CMOS
---------------------------------------------------------------------------------------------------------------------------------------------------------
Name: ICON webcam 1080P
5 million high-definition image sensor, effective resolution 1920X1080
Main control chip: Lingtong GP2247
Camera chip: F37
Camera physical pixels: 800W
Camera angle: 90 degrees
Microphone: built-in noise reduction microphone
Drive type: free drive (plug and play)
Interface type: USB 2.0 (built-in mark)
USB cable length: 140cm
Camera chip size: 1/4'' CMOS
warranty service
Replacement within 15 days: Within 15 days after the receipt of the product, if there is a product quality problem that is not artificially damaged, you can contact customer service and we will provide replacement services.
1 year warranty: From the date of receipt of the product, if there is a hardware failure problem under normal use, non-artificial damage, any natural disasters. Free warranty for one year.
Lifetime technical maintenance: After purchasing the product, you can enjoy free lifetime technical consulting services provided by engineers
About shipping: If there is a quality problem within 1 month of purchasing the product, the shipping will be borne by each other.
After one month to one year, the return shipping fee shall be borne by the customer.","Best Feature: Looking for reference if nasaan ung 1080p sa details or sa mismong cam | Value For Money: pwede na. | Product Quality: medyo madilim pag sa cam na. | Sakto lang ung size nya hindi sobrang liit. Sa quality ng camera, medyo madilim pero sharp. Pwede na for online cass kasi mura naman sya",ph-11134103-22100-se94h6xmmpive4.jpg;ph-11134103-22100-9m25x5xmmpiv72.jpg;ph-11134103-22100-0m25x5xmmpiv30.jpg,1
prod_06,Baseus H19 Wired Earphones 6D Stereo Bass Headphone In-Ear 3.5mm Headset with MIC,"Hey~ Welcome to Baseus Flagship Official Store!!! Please read the product description clearly,choose u need.Most items have ready stocks! Enjoy~
 ❥Package:
1*H19 3.5mm wired earphone
❥Specifications:
Brand: Baseus
Length:1.2m
❥Feature:
1. Inclined in the ear design, comfortable to wear all day.
2. Φ 14 mm moving coil + PU composite diaphragm, 6 d sound quality,
3. Thin wire control design, sensitive keys, durable
4. Built-in HD microphone, high restoration degree,
5. TPE pattern wire, soft and anti-winding
6. Support all devices with 3.5mm interface","Product Quality: Fair | Performance: Fair | Best Feature: N/A | Honest review. Hindi sya secured sa tenga unlike sa mga nagamit/ginagamit kong earphones. Okay naman yung mic, and yung tunog for the price itself.",ph-11134103-7r98x-luleov5xpg7fff.jpg,1
prod_03,"Cetaphil Gentle Skin Cleanser 59ml (For Sensitive Skin, Non-Drying Facial Wash, And Paraben Free)","Our best-selling gentle skin cleanser is clinically proven to actively hydrate while cleansing the skin, and defends against the five signs of skin sensitivity including dryness, irritation, roughness, toughness, and a weakened skin barrier
Our best-seller and fan favorite - a mild, non-irritating and soap-free formula that soothes skin as it cleanses. This award-winning cleanser is clinically proven to hydrate while cleansing, and helps to strengthen the skin&#39;s moisture barrier. It can be specifically used for everyday cleansing, and defends against the five signs of skin sensitivity - dryness, irritation, roughness, toughness, and weakened skin barrier. Non-comodogenic, fragrance-free, pH balanced, and dermatologically tested.
Cetaphil is the most prescribed skincare brand by dermatologists.
- Gentle, soap-free, non-irritating cleanser actively hydrates while cleansing
- Defends against the five signs of skin sensitivity, including dryness, irritation, roughness, tightness and weakened skin barrier
- Non-foaming cleanser can be used with or without water
- Suitable for all skin types, including dry and sensitive skin
- Dermatologist tested and clinically proven to be gentle on sensitive skin
- Fragrance free, hypoallergenic and non-comedogenic, so it won&#39;t irritate skin or clog pores
INGREDIENTS:
Aqua, Glycerin, Cetearyl Alcohol, Panthenol, Niacinamide, Pantolactone, Xanthan Gum, Sodium Cocoyl Isethionate, Sodium Benzoate, Citric Acid
Directions for Use:
With water: 
Apply cleanser and gentle massage into skin. Rinse.
Without water:
Apply a liberal amount of cleanser and gently massage into skin.
About the Brand:
Cetaphil is a gentle skincare brand that has been recommended by dermatologists for over 70 years, and is today used by millions of people with sensitive skin from all around the world. It offers a complete range of cleansers, moisturizers and sun protection ideal for face and body, providing gentle yet effective skincare formula to strengthen and protect even the most sensitive skin.
MOST PRESCRIBED SKINCARE BRAND
Cetaphil is the original sensitive cleanser recommended by dermatologists for over 70 years
CLINICALLY TESTED FOR SENSITIVE SKIN
Our soap-free, skin nourishing products will treat your skin without irritation and is hypoallergenic
DEFENDS AGAINST 5 SIGNS OF SENSITIVITY
Clinically proven to soothe, hydrate, and nourish sensitive skin","Effectiveness: so great, my face feels soft after wash | Fragrance: little to no smell at all | Texture: watery | thank you cetaphil! i've been breaking out lately so i bought this gentle cleanser so my skin could take a rest. i also received so many freebies yay! 2 brightening cream, 1 lotion, and 1 sunscreen. thank you so much!",ph-11134103-22070-dpbyeih7sefv0b.jpg;ph-11134103-22070-ux5yuhh7sefv4f.jpg;ph-11134103-22070-vx5yuhh7sefv72.jpg,2
prod_04,Garnier Brightening Foam Facial Cleanser Skin care For Dark Spots Dull Skin Garnier Facial Wash 50ml,"WHAT IS IT
A gentle, easy to rinse foam with the power of Pure Lemon Extract to intensively cleanse and clear dullness.
 WHAT IT DOES
Cleanses and brightens skin.
 WHY IT'S PERFECT FOR YOU
Cleanse and clear away dullness with the power of pure lemon extract.
 HOW TO USE
Gently massage onto wet face while avoiding eye area. Rinse off with water. Use day and night as needed.
 CARE INSTRUCTIONS
Keep away from direct sunlight. Store at room temperature.
 INGREDIENTS
AQUA/WATER, GLYCERIN, MYRISTIC ACID, PAMITIC ACID, STEARIC ACID, GLYCERYL STEARATE, KAOLIN, BENZYL SALICYLATE, CITRUS MEDICA EXTRACT, LIMONENE, LINALOOL. METHYLISOTHIAZOLINONE, PEG-14M, TETRASODIUM EDTA, PARFUM/ FRAGRANCE (B45631/1)
Daytime Morning Regimen
STEP 1: REMOVE MAKEUP & IMPURITIES with the Garnier Vitamin C Micellar Water. Saturate a cotton pad with micellar water and gently wipe your face to remove dirt and excess oil.
STEP 2: CLEANSE your face with the Garnier Vitamin C Brightening Cleanser Foam OR Gel Cleanser Wash. Wet your face with water, apply a small amount of the cleanser, and massage in circular motions. Rinse thoroughly.
STEP 3: TREAT with the Garnier Vitamin C Booster Serum. Apply 3-4 drops of the serum all over your face in upward motion. Let it absorb fully before moving on to the next steps. This will help to fade dark spots in 3 days!
STEP 4: ENHANCE your skin with the Garnier Vitamin C Ampoule Serum. Apply a small amount of the ampoule serum on problem areas, or all over your face to fade hyperpigmentation, sunspots (pekas), melasma, and dark undereye circles.
STEP 5: MOISTURIZE with the Garnier Vitamin C Day Cream Moisturizer. Massage in upward circular motion all over your face, to lock in moisture and create a protective barrier on your skin.
STEP 6: PROTECT your skin from harmful UV rays with the Garnier Vitamin C UV Sunscreen. Apply a thin layer of sunscreen evenly on your face, at least 15 minutes before sun exposure. Reapply throughout the day for maximum sun protection.
Nighttime Evening Regimen
STEP 1: REMOVE MAKEUP & IMPURITIES with the Garnier Vitamin C Micellar Water. Saturate a cotton pad with micellar water and gently wipe your face to remove dirt and excess oil.
STEP 2: CLEANSE your face with the Garnier Vitamin C Brightening Cleanser Foam OR Gel Cleanser Wash. Wet your face with water, apply a small amount of the cleanser, and massage in circular motions. Rinse thoroughly.
STEP 3: TREAT with the Garnier 10% Pure Vitamin C Overnight Booster Serum. Apply 3-4 drops of the serum all over your face in upward motion to support overnight skin repair and recovery. all over your face in upward motion. Let it absorb fully before moving on to the next steps.
STEP 4: ENHANCE your skin with the Garnier Vitamin C Ampoule Serum. Apply a small amount of the ampoule serum on problem areas, or all over your face to fade hyperpigmentation, sunspots (pekas), melasma, and dark undereye circles.
STEP 5: REJUVENATE and nourish your skin with the Garnier Vitamin C Night Cream Moisturizer. Apply the night cream to lock in moisture for optimum repair and recovery especially during at night","Texture: The foam is so gentle and the scent is nice | Effectiveness: I have only received it now, but from what can I see it does seem effective",ph-11134103-820l9-mowbtbrsxz4266.jpg,2
prod_09,Jeep EW011 TWS True Wireless Bluetooth Earphones HiFi Sound Noise Cancellation HD Calls Earbuds,"Specification:
Brand: Jeep
Model: JP EW011
Wireless version: V5.3
Speaker size: Φ13mm
Sensitivity:118±3dB
Impedance: 250
Frequency response:50HZ-20KHZ
Cell voltage: 3.7V
Music playing time:About 4H (80% volume)
Standby time:About 50H
Charging time:About 2H
Headphone battery capacity: 30mAh/3.7V
Charging compartment battery capacity: 300mAh/3.7V
Product size:61.5x25x45.5mm
What's in the box
2 x Bluetooth Earphones
1 x Charging Case
1 x Charging Cable
1 x User Manual",Comfort: wear it for 2hours straight my ears hurt | Sound Quality: good,ph-11134103-7rasc-m1ej4s174ik98a.jpg,1
prod_04,Garnier Brightening Foam Facial Cleanser Skin care For Dark Spots Dull Skin Garnier Facial Wash 50ml,"WHAT IS IT
A gentle, easy to rinse foam with the power of Pure Lemon Extract to intensively cleanse and clear dullness.
 WHAT IT DOES
Cleanses and brightens skin.
 WHY IT'S PERFECT FOR YOU
Cleanse and clear away dullness with the power of pure lemon extract.
 HOW TO USE
Gently massage onto wet face while avoiding eye area. Rinse off with water. Use day and night as needed.
 CARE INSTRUCTIONS
Keep away from direct sunlight. Store at room temperature.
 INGREDIENTS
AQUA/WATER, GLYCERIN, MYRISTIC ACID, PAMITIC ACID, STEARIC ACID, GLYCERYL STEARATE, KAOLIN, BENZYL SALICYLATE, CITRUS MEDICA EXTRACT, LIMONENE, LINALOOL. METHYLISOTHIAZOLINONE, PEG-14M, TETRASODIUM EDTA, PARFUM/ FRAGRANCE (B45631/1)
Daytime Morning Regimen
STEP 1: REMOVE MAKEUP & IMPURITIES with the Garnier Vitamin C Micellar Water. Saturate a cotton pad with micellar water and gently wipe your face to remove dirt and excess oil.
STEP 2: CLEANSE your face with the Garnier Vitamin C Brightening Cleanser Foam OR Gel Cleanser Wash. Wet your face with water, apply a small amount of the cleanser, and massage in circular motions. Rinse thoroughly.
STEP 3: TREAT with the Garnier Vitamin C Booster Serum. Apply 3-4 drops of the serum all over your face in upward motion. Let it absorb fully before moving on to the next steps. This will help to fade dark spots in 3 days!
STEP 4: ENHANCE your skin with the Garnier Vitamin C Ampoule Serum. Apply a small amount of the ampoule serum on problem areas, or all over your face to fade hyperpigmentation, sunspots (pekas), melasma, and dark undereye circles.
STEP 5: MOISTURIZE with the Garnier Vitamin C Day Cream Moisturizer. Massage in upward circular motion all over your face, to lock in moisture and create a protective barrier on your skin.
STEP 6: PROTECT your skin from harmful UV rays with the Garnier Vitamin C UV Sunscreen. Apply a thin layer of sunscreen evenly on your face, at least 15 minutes before sun exposure. Reapply throughout the day for maximum sun protection.
Nighttime Evening Regimen
STEP 1: REMOVE MAKEUP & IMPURITIES with the Garnier Vitamin C Micellar Water. Saturate a cotton pad with micellar water and gently wipe your face to remove dirt and excess oil.
STEP 2: CLEANSE your face with the Garnier Vitamin C Brightening Cleanser Foam OR Gel Cleanser Wash. Wet your face with water, apply a small amount of the cleanser, and massage in circular motions. Rinse thoroughly.
STEP 3: TREAT with the Garnier 10% Pure Vitamin C Overnight Booster Serum. Apply 3-4 drops of the serum all over your face in upward motion to support overnight skin repair and recovery. all over your face in upward motion. Let it absorb fully before moving on to the next steps.
STEP 4: ENHANCE your skin with the Garnier Vitamin C Ampoule Serum. Apply a small amount of the ampoule serum on problem areas, or all over your face to fade hyperpigmentation, sunspots (pekas), melasma, and dark undereye circles.
STEP 5: REJUVENATE and nourish your skin with the Garnier Vitamin C Night Cream Moisturizer. Apply the night cream to lock in moisture for optimum repair and recovery especially during at night","Effectiveness: 0/0 | Fragrance: 0/0 | Texture: 0/0 | Ang layo ng order ko, kitang kita naman po. Garnier ano po nangyari? Paki-ayos naman po sa susunod.. Sobrang nakakadisappoint..",ph-11134103-22090-m41b227sfzhv21.jpg,0
prod_15,Infinitee Japanese Inspired Oversized T Shirt For Men Women Oversize Plus Size Tshirt Top Tops Tees,"Premium Quality Cotton T-Shirt
✔ 100% Brand New
✔ Material: Cotton-blend
✔ Fit: Loose Fit
✔ Style: Casual
✔ Fabric Density: 200 gsm
✔ Comfortable and Long-Wearing
✔ Asian Size
📏 Please refer to the Size Chart for accurate measurements.
🧺 Care Instructions:
• Do not bleach
• Do not dry clean
⚠️ Note: Color may appear slightly lighter or darker due to lighting.",Material Quality: excellent | Appearance: Good | Colour: Good | the t-shirt is really oversized so if there's like anyone like me that ain't got that much of a height. Please rethink it. I'm 5'3 btw and I ordered medium.,ph-11134103-7qul7-libgzdh6m5mu67.jpg,1
prod_02,Luxe Organix Whitening Repair Ultra Light Glow Cleanser 150ml,"Evens out skin tone, lighten scars and dark spots, brighten skin
LUXE ORGANIX WHITENING REPAIR GENTLE FOAM CLEANSER IS MADE WITH NIACINAMIDE AND LICORICE ROOT EXTRACT TO REDUCE APPEARANCE OF HYPERPGMENTATION. ENLARGED PORES AND EXCESS OIL. IT LIGHTENS SKIN AND EVENS OUT SKIN TONE LEAVING YOU WITH A FRESH AND NATURAL GLOW.
HOW TO USE: SQUEEZE A PEA SIZED AMOUNT ONTO HANDS, GENTLY MASSAGE INTO DAMP FACE IN CIRCULAR MOTIONS, AVOIDING THE EYE AREA. RINSE THROUGHLY WITH WATER.CAUTION: FOR EXTERNAL USE ONLY. AVOID CONTACT WITH EYES. CONDUCT A SKIN TEST FIRST. STOP USING AND CONSULT A DOCTOR IF SKIN BECOMES RED, SWOLLEN AND ITCHYDURING USE. KEEP OUT OF REACH OF CHILDREN. STORE AT ROOM TEMPERATURE.
INGREDIENTS: WATER, MYRISTIC ACID, GLYCERIN, POTASSIUM HYDROXIDE, PALMITIC ACID, STEARID ACID, LAURAMIDE DEA, SODIUM LAURETH SULFATE, COCAMIDOPROPYL BETAINE, GLYCERYL STEARATE, BENZYL GLYCOL, PEG-100 STEARATE, NIACINAMIDE, GLYCYRRHIZA GLABRA (LICORICE) ROOT EXTRACT, SODIUM CHLORIDE, BUTYLENE GLYCOL, 1,2- HEXANEDIOL, GLYCOL DISTEARATE, RASPBERRY KETONE, CARBOMER, DISODIUM EDTA, LAURIC ACID, ETHYLHEXYLGLYCERIN, CITRIC ACID, SODIUM CARBONATE, FRAGRANCE.",Updated rating: been using for 1 week na. Nagkakapimple ako huhuhu. Na di na naman na tas yung leeg ko na never nagkaspot nagkared spots everytime after gamitin tas makati. Di ako hiyang. Super sensitive at oily skin ako tho nabawasan naman yung pagiging oily but will not use this anymore. Thank you,e9ae58a040b71566c99aa3a9e3f00b75.jpg,0
prod_15,Infinitee Japanese Inspired Oversized T Shirt For Men Women Oversize Plus Size Tshirt Top Tops Tees,"Premium Quality Cotton T-Shirt
✔ 100% Brand New
✔ Material: Cotton-blend
✔ Fit: Loose Fit
✔ Style: Casual
✔ Fabric Density: 200 gsm
✔ Comfortable and Long-Wearing
✔ Asian Size
📏 Please refer to the Size Chart for accurate measurements.
🧺 Care Instructions:
• Do not bleach
• Do not dry clean
⚠️ Note: Color may appear slightly lighter or darker due to lighting.",Colour: great | Material Quality: haven’t check yet | Appearance: looks great | If only seller was only able to send it as soon as I ordered it! It would’ve arrived on the day of the celebrant’s birthday!,ph-11134103-7qul7-libgzdh6m5mu67.jpg,1
prod_03,"Cetaphil Gentle Skin Cleanser 59ml (For Sensitive Skin, Non-Drying Facial Wash, And Paraben Free)","Our best-selling gentle skin cleanser is clinically proven to actively hydrate while cleansing the skin, and defends against the five signs of skin sensitivity including dryness, irritation, roughness, toughness, and a weakened skin barrier
Our best-seller and fan favorite - a mild, non-irritating and soap-free formula that soothes skin as it cleanses. This award-winning cleanser is clinically proven to hydrate while cleansing, and helps to strengthen the skin&#39;s moisture barrier. It can be specifically used for everyday cleansing, and defends against the five signs of skin sensitivity - dryness, irritation, roughness, toughness, and weakened skin barrier. Non-comodogenic, fragrance-free, pH balanced, and dermatologically tested.
Cetaphil is the most prescribed skincare brand by dermatologists.
- Gentle, soap-free, non-irritating cleanser actively hydrates while cleansing
- Defends against the five signs of skin sensitivity, including dryness, irritation, roughness, tightness and weakened skin barrier
- Non-foaming cleanser can be used with or without water
- Suitable for all skin types, including dry and sensitive skin
- Dermatologist tested and clinically proven to be gentle on sensitive skin
- Fragrance free, hypoallergenic and non-comedogenic, so it won&#39;t irritate skin or clog pores
INGREDIENTS:
Aqua, Glycerin, Cetearyl Alcohol, Panthenol, Niacinamide, Pantolactone, Xanthan Gum, Sodium Cocoyl Isethionate, Sodium Benzoate, Citric Acid
Directions for Use:
With water: 
Apply cleanser and gentle massage into skin. Rinse.
Without water:
Apply a liberal amount of cleanser and gently massage into skin.
About the Brand:
Cetaphil is a gentle skincare brand that has been recommended by dermatologists for over 70 years, and is today used by millions of people with sensitive skin from all around the world. It offers a complete range of cleansers, moisturizers and sun protection ideal for face and body, providing gentle yet effective skincare formula to strengthen and protect even the most sensitive skin.
MOST PRESCRIBED SKINCARE BRAND
Cetaphil is the original sensitive cleanser recommended by dermatologists for over 70 years
CLINICALLY TESTED FOR SENSITIVE SKIN
Our soap-free, skin nourishing products will treat your skin without irritation and is hypoallergenic
DEFENDS AGAINST 5 SIGNS OF SENSITIVITY
Clinically proven to soothe, hydrate, and nourish sensitive skin","Effectiveness: yes, it worked for me. the thing is i waited for 20 days before i received this. after receiving, just look in the video:",ph-11134103-7qul6-lhorhxsbjfux2e.jpg,0
prod_12,[JSJK] autumn new biscuit shoes canvas shoes women's low top Korean fashion shoes#F110,"Upper; Nylon fly woven  artificial leather elastic band
Sole: rubbe, sole,
Heel: flat bottom, split heel, thick heel and thin heel
Shoes: Sandals, sports, leisure and slippers
Height: generally 2-3 inches, 3-5 inches
Suitable season: spring, summer, autumn and winter
Suitable places: gathering, attending, working, shopping and leisure sports
Year of production: 2020                           
Euro size for women:   35-36-37-38-39-40
Euro size for men：    39-40-41-42-43-44
Size  charm : ADD SIZE PAG MALAPAD PAA!
Women ： 22.5cm-size 35        men ： 24.5cm- size39
23cm-size36                  25cm-size40
23.5cm-size37                 26cm -size41
24cm-size 38                  26.5cm--size42
24.5cm-size39                 27.5cm-size 43
25cm-size40                   28cm-size44
All PRODUCT are ON HAND & READY TO SHIP 
✅EARN SHOPEE COINS 
✅CASH ON DELIVERY
 ✅PAY TODAY SHIP TOMORROW ENJOY FREE SHIPPING & CASH ON DELIVERY FOR A MINIMUM PURCHASE OF 500 PESOS ONLY
DELIVERY PERIOD: 4-10days 
MUST READ 
✔️ALL ITEMS ARE AVAILABLE UNLESS MARKED AS ""SOLD OUT""
 ✔️ The Free Size Item may not Perfectly Fit to Every One 
✔️WE ACCEPT RETURNS IF THE ITEM IS NOT YET WORN OR USED. 
BUYER WILL SHOULDER THE RETURN SHIPPING COST 
LIKE & FOLLOW US FOR UPDATES! 
FOR NOT MISSING ANY DISCOUNT！！！！ 
AFTER SALES SERVICE 
(1)If the item you received is defective, please contact us immediately.
(2) REMINDERS 
(3)(1)Please kindly leave us a positive feedback (5 stars) , if you are satisfied with our items. And you could share with your friends on Facebook, Twitter...Thanks 
(4)(2)Please contact us before leaving any negative feedback or open a dispute on Shopee. 
(5)(3)Please give us the opportunity to resolve any problem .
s",Ok nmn yun items sobrng tgl lng dmting dec 6 dpt nskn na pero dumating xa dec 17 grbe tgl ah...☹☹☹☹,ph-11134103-7rasl-m8s0f2hcvwvn23.webp.jpg,0
prod_04,Garnier Brightening Foam Facial Cleanser Skin care For Dark Spots Dull Skin Garnier Facial Wash 50ml,"WHAT IS IT
A gentle, easy to rinse foam with the power of Pure Lemon Extract to intensively cleanse and clear dullness.
 WHAT IT DOES
Cleanses and brightens skin.
 WHY IT'S PERFECT FOR YOU
Cleanse and clear away dullness with the power of pure lemon extract.
 HOW TO USE
Gently massage onto wet face while avoiding eye area. Rinse off with water. Use day and night as needed.
 CARE INSTRUCTIONS
Keep away from direct sunlight. Store at room temperature.
 INGREDIENTS
AQUA/WATER, GLYCERIN, MYRISTIC ACID, PAMITIC ACID, STEARIC ACID, GLYCERYL STEARATE, KAOLIN, BENZYL SALICYLATE, CITRUS MEDICA EXTRACT, LIMONENE, LINALOOL. METHYLISOTHIAZOLINONE, PEG-14M, TETRASODIUM EDTA, PARFUM/ FRAGRANCE (B45631/1)
Daytime Morning Regimen
STEP 1: REMOVE MAKEUP & IMPURITIES with the Garnier Vitamin C Micellar Water. Saturate a cotton pad with micellar water and gently wipe your face to remove dirt and excess oil.
STEP 2: CLEANSE your face with the Garnier Vitamin C Brightening Cleanser Foam OR Gel Cleanser Wash. Wet your face with water, apply a small amount of the cleanser, and massage in circular motions. Rinse thoroughly.
STEP 3: TREAT with the Garnier Vitamin C Booster Serum. Apply 3-4 drops of the serum all over your face in upward motion. Let it absorb fully before moving on to the next steps. This will help to fade dark spots in 3 days!
STEP 4: ENHANCE your skin with the Garnier Vitamin C Ampoule Serum. Apply a small amount of the ampoule serum on problem areas, or all over your face to fade hyperpigmentation, sunspots (pekas), melasma, and dark undereye circles.
STEP 5: MOISTURIZE with the Garnier Vitamin C Day Cream Moisturizer. Massage in upward circular motion all over your face, to lock in moisture and create a protective barrier on your skin.
STEP 6: PROTECT your skin from harmful UV rays with the Garnier Vitamin C UV Sunscreen. Apply a thin layer of sunscreen evenly on your face, at least 15 minutes before sun exposure. Reapply throughout the day for maximum sun protection.
Nighttime Evening Regimen
STEP 1: REMOVE MAKEUP & IMPURITIES with the Garnier Vitamin C Micellar Water. Saturate a cotton pad with micellar water and gently wipe your face to remove dirt and excess oil.
STEP 2: CLEANSE your face with the Garnier Vitamin C Brightening Cleanser Foam OR Gel Cleanser Wash. Wet your face with water, apply a small amount of the cleanser, and massage in circular motions. Rinse thoroughly.
STEP 3: TREAT with the Garnier 10% Pure Vitamin C Overnight Booster Serum. Apply 3-4 drops of the serum all over your face in upward motion to support overnight skin repair and recovery. all over your face in upward motion. Let it absorb fully before moving on to the next steps.
STEP 4: ENHANCE your skin with the Garnier Vitamin C Ampoule Serum. Apply a small amount of the ampoule serum on problem areas, or all over your face to fade hyperpigmentation, sunspots (pekas), melasma, and dark undereye circles.
STEP 5: REJUVENATE and nourish your skin with the Garnier Vitamin C Night Cream Moisturizer. Apply the night cream to lock in moisture for optimum repair and recovery especially during at night",Effectiveness: effective | Fragrance: mild scent | Texture: fine and smooth | Very nice ang packaging nya at effective sa akin..Naglighten yong skin color ng face ko lalo na galing ako ng bakasyon sa province kaya umitim talaga kakaligo sa dagat.I will try other facial set next time..Thanks seller at sa nagdeliver ng items♥️😘🥰,9c6246ded7f426dcc0c6caea5da6ac77.jpg;8a16f84c750cf13231758c0a0906b164.jpg,2
prod_04,Garnier Brightening Foam Facial Cleanser Skin care For Dark Spots Dull Skin Garnier Facial Wash 50ml,"WHAT IS IT
A gentle, easy to rinse foam with the power of Pure Lemon Extract to intensively cleanse and clear dullness.
 WHAT IT DOES
Cleanses and brightens skin.
 WHY IT'S PERFECT FOR YOU
Cleanse and clear away dullness with the power of pure lemon extract.
 HOW TO USE
Gently massage onto wet face while avoiding eye area. Rinse off with water. Use day and night as needed.
 CARE INSTRUCTIONS
Keep away from direct sunlight. Store at room temperature.
 INGREDIENTS
AQUA/WATER, GLYCERIN, MYRISTIC ACID, PAMITIC ACID, STEARIC ACID, GLYCERYL STEARATE, KAOLIN, BENZYL SALICYLATE, CITRUS MEDICA EXTRACT, LIMONENE, LINALOOL. METHYLISOTHIAZOLINONE, PEG-14M, TETRASODIUM EDTA, PARFUM/ FRAGRANCE (B45631/1)
Daytime Morning Regimen
STEP 1: REMOVE MAKEUP & IMPURITIES with the Garnier Vitamin C Micellar Water. Saturate a cotton pad with micellar water and gently wipe your face to remove dirt and excess oil.
STEP 2: CLEANSE your face with the Garnier Vitamin C Brightening Cleanser Foam OR Gel Cleanser Wash. Wet your face with water, apply a small amount of the cleanser, and massage in circular motions. Rinse thoroughly.
STEP 3: TREAT with the Garnier Vitamin C Booster Serum. Apply 3-4 drops of the serum all over your face in upward motion. Let it absorb fully before moving on to the next steps. This will help to fade dark spots in 3 days!
STEP 4: ENHANCE your skin with the Garnier Vitamin C Ampoule Serum. Apply a small amount of the ampoule serum on problem areas, or all over your face to fade hyperpigmentation, sunspots (pekas), melasma, and dark undereye circles.
STEP 5: MOISTURIZE with the Garnier Vitamin C Day Cream Moisturizer. Massage in upward circular motion all over your face, to lock in moisture and create a protective barrier on your skin.
STEP 6: PROTECT your skin from harmful UV rays with the Garnier Vitamin C UV Sunscreen. Apply a thin layer of sunscreen evenly on your face, at least 15 minutes before sun exposure. Reapply throughout the day for maximum sun protection.
Nighttime Evening Regimen
STEP 1: REMOVE MAKEUP & IMPURITIES with the Garnier Vitamin C Micellar Water. Saturate a cotton pad with micellar water and gently wipe your face to remove dirt and excess oil.
STEP 2: CLEANSE your face with the Garnier Vitamin C Brightening Cleanser Foam OR Gel Cleanser Wash. Wet your face with water, apply a small amount of the cleanser, and massage in circular motions. Rinse thoroughly.
STEP 3: TREAT with the Garnier 10% Pure Vitamin C Overnight Booster Serum. Apply 3-4 drops of the serum all over your face in upward motion to support overnight skin repair and recovery. all over your face in upward motion. Let it absorb fully before moving on to the next steps.
STEP 4: ENHANCE your skin with the Garnier Vitamin C Ampoule Serum. Apply a small amount of the ampoule serum on problem areas, or all over your face to fade hyperpigmentation, sunspots (pekas), melasma, and dark undereye circles.
STEP 5: REJUVENATE and nourish your skin with the Garnier Vitamin C Night Cream Moisturizer. Apply the night cream to lock in moisture for optimum repair and recovery especially during at night",Texture: smooth | Effectiveness: helps to remove dullness,ph-11134103-7r98o-ltytiala8mfd2f.jpg,1
prod_12,[JSJK] autumn new biscuit shoes canvas shoes women's low top Korean fashion shoes#F110,"Upper; Nylon fly woven  artificial leather elastic band
Sole: rubbe, sole,
Heel: flat bottom, split heel, thick heel and thin heel
Shoes: Sandals, sports, leisure and slippers
Height: generally 2-3 inches, 3-5 inches
Suitable season: spring, summer, autumn and winter
Suitable places: gathering, attending, working, shopping and leisure sports
Year of production: 2020                           
Euro size for women:   35-36-37-38-39-40
Euro size for men：    39-40-41-42-43-44
Size  charm : ADD SIZE PAG MALAPAD PAA!
Women ： 22.5cm-size 35        men ： 24.5cm- size39
23cm-size36                  25cm-size40
23.5cm-size37                 26cm -size41
24cm-size 38                  26.5cm--size42
24.5cm-size39                 27.5cm-size 43
25cm-size40                   28cm-size44
All PRODUCT are ON HAND & READY TO SHIP 
✅EARN SHOPEE COINS 
✅CASH ON DELIVERY
 ✅PAY TODAY SHIP TOMORROW ENJOY FREE SHIPPING & CASH ON DELIVERY FOR A MINIMUM PURCHASE OF 500 PESOS ONLY
DELIVERY PERIOD: 4-10days 
MUST READ 
✔️ALL ITEMS ARE AVAILABLE UNLESS MARKED AS ""SOLD OUT""
 ✔️ The Free Size Item may not Perfectly Fit to Every One 
✔️WE ACCEPT RETURNS IF THE ITEM IS NOT YET WORN OR USED. 
BUYER WILL SHOULDER THE RETURN SHIPPING COST 
LIKE & FOLLOW US FOR UPDATES! 
FOR NOT MISSING ANY DISCOUNT！！！！ 
AFTER SALES SERVICE 
(1)If the item you received is defective, please contact us immediately.
(2) REMINDERS 
(3)(1)Please kindly leave us a positive feedback (5 stars) , if you are satisfied with our items. And you could share with your friends on Facebook, Twitter...Thanks 
(4)(2)Please contact us before leaving any negative feedback or open a dispute on Shopee. 
(5)(3)Please give us the opportunity to resolve any problem .
s",maganda sya mabilis maship. malakas lang ung amoy ng sapatos. amoy rubber sya sakit sa ulo. need tlga sya labhan muna bago gamitin dahil nakapit ung amoy sya sa mga gamit.,9feeed40b8ab02a9a10356946d957d21.jpg;3bdf25b144033cc2761ef702383ca26c.jpg,1
prod_16,URBAN PIPE Fashionable Cargo Pants For Men 6 Pocket Drawstring Pant High Quality Bottoms 42917,"Discover the perfect blend of style and comfort with the URBAN PIPE Cargo Pants for Men. Designed for a modern urban look, these oversized pants feature multiple pockets and a versatile wide-leg design.
Functional Design: Equipped with 6 pockets for ample storage.
Stylish Fit: Oversized hip-hop style with wide-leg straight cut.
Adjustable Comfort: Drawstring waist for a customizable fit.
Add these trendy cargo pants to your wardrobe and elevate your casual outfits effortlessly!",Dami tastas ng pants di man lang chineck ng Seller hays.,ph-11134103-81zti-menjxp1d4qgx59.jpg,0
prod_13,High quality rubber shoes Black school shoes for boy and men's,"No in box
Welcome to the shop, our quality guarantee is cheap
EU  size                   36     37       38    39      40    41    42    43    44    45 
inner length (mm) 225  230   235   240   245   250  255  260  265  270
feet length (mm)  220  225  230  235   240   245    250   255   260  265
       width              8-8.5 /8.5/ 9/ 9-9.5 /9.5-10/10 /10-10.5/10.5/10.5-11/11
 NOTE: If your feet are wide and fat, please choose to place an order in one size larger
This shoe is made of rubber material and may be squeezed or deformed during transportation, but it does not affect wearing. You can soak the shoes in hot water for 5 minutes to restore them to their original shape.
happy shopping for you
✅EARN LOTS OF SHOPEE COINS
✅CASH ON DELIVERY
✅ON HAND AND READY TO SHIP
✅PAY TODAY SHIP TOMORROW
NOTE: WRONG PLACEMENT OF SHIPPING FEE WILL NOT BE PROCESS
DELIVERY PERIOD:
 1-2 days Metro Manila
 3-4 days Provincial
PLEASE READ CAREFULLY BEFORE PLACING AN ORDER/S ️
 ✔️ALL ITEMS ARE AVAILABLE UNLESS MARKED AS ""SOLD OUT""
✔CHOOSE THE CORRECT  IF THE ITEMS HAS DIFFERENT COLORS/PRINTS SO WE CAN AVOID MISTAKES
✔WE ACCEPT RETURNS IF THE ITEM IS NOT YET WORN OR USED. BUYER WILL SHOULDER THE RETURN SHIPPING COST
LIKE & FOLLOW US FOR UPDATES! 
HAPPY SHOPPING!",Appearance: good | Material Quality: rubber | Colour: black | Maganda ang quality nya. Rubberized pro d halata na rubber kasi maganda design. Sulit na rin sana magtagal. Fast delivery rin.,ph-11134103-7qul0-lfznoeowncs8bf.jpg;ph-11134103-7qul1-lfznoeo2ol808a.jpg,2
prod_13,High quality rubber shoes Black school shoes for boy and men's,"No in box
Welcome to the shop, our quality guarantee is cheap
EU  size                   36     37       38    39      40    41    42    43    44    45 
inner length (mm) 225  230   235   240   245   250  255  260  265  270
feet length (mm)  220  225  230  235   240   245    250   255   260  265
       width              8-8.5 /8.5/ 9/ 9-9.5 /9.5-10/10 /10-10.5/10.5/10.5-11/11
 NOTE: If your feet are wide and fat, please choose to place an order in one size larger
This shoe is made of rubber material and may be squeezed or deformed during transportation, but it does not affect wearing. You can soak the shoes in hot water for 5 minutes to restore them to their original shape.
happy shopping for you
✅EARN LOTS OF SHOPEE COINS
✅CASH ON DELIVERY
✅ON HAND AND READY TO SHIP
✅PAY TODAY SHIP TOMORROW
NOTE: WRONG PLACEMENT OF SHIPPING FEE WILL NOT BE PROCESS
DELIVERY PERIOD:
 1-2 days Metro Manila
 3-4 days Provincial
PLEASE READ CAREFULLY BEFORE PLACING AN ORDER/S ️
 ✔️ALL ITEMS ARE AVAILABLE UNLESS MARKED AS ""SOLD OUT""
✔CHOOSE THE CORRECT  IF THE ITEMS HAS DIFFERENT COLORS/PRINTS SO WE CAN AVOID MISTAKES
✔WE ACCEPT RETURNS IF THE ITEM IS NOT YET WORN OR USED. BUYER WILL SHOULDER THE RETURN SHIPPING COST
LIKE & FOLLOW US FOR UPDATES! 
HAPPY SHOPPING!",Appearance: good | Colour: black | Material Quality: rubber... | Thanks seller sa napakabilis ng ship ng item...sana magkasya kasi eto na yun pinakamalaki na size ...,ph-11134103-7r98t-lzfvud0sbda678.jpg,2
prod_05,Dermorepubliq 7% Glycolic Acid (AHA) Skin Renewing Toner,"This skin-renewing toner is perfect for improving dull, tired skin, it contains 7% Glycolic Acid, which sloughs off the outermost layer of the dead skin cells, revealing brighter and smoother skin.
Superstar herbs such as Centella Asiatica, Witch Hazel, Papaya, Cucumber, and Aloe Vera Extracts work synergistically for effective acne control and skin-soothing action.
Formulated with sensitive skin in mind, we made sure that this toner does not contain:
• Alcohol
• Sulfates
• Silicones
• Parabens
• Polymers
• Formaldehyde
• Artificial Colorants
• Artificial Scents
Ingredients List
Aqua, 7% Glycolic Acid (AHA), Aloe Barbadensis (Aloe Vera) Leaf Juice, Propylene Glycol, Glycerin, Sodium Hydroxide, Cucumis Sativus (Cucumber) Extract, Centella Asiatica (Gotu Kola) Extract, Carica Papaya (Papaya) Fruit Extract, Hamamelis Virginiana (Witch Hazel) Leaf Extract, Phenoxyethanol, Ethylhexylglycerin
pH 3.5 - 3.7
Dear valued customers,
We are excited to announce that Dermorepubliq is currently transitioning from using plastic shrink wraps to paper boxes as part of our commitment to reducing plastic pollution and protecting the environment. While this transition is underway, some of our products may still arrive with shrink wraps, but we are working hard to make paper boxes the new norm. We appreciate your support as we take this important step toward a more sustainable future.","The product arrived on time and in good condition, but I haven’t seen any significant results yet. I’ll update once I have more experience with it. Item is as described, but it's too early to tell if it will have the desired effect. Will follow up after more use. Product looks fine and works as expected, but I haven't noticed any major changes yet. I'll see how it goes over time.",ph-11134103-81ztq-ml3w1us68pa851.jpg,1
prod_05,Dermorepubliq 7% Glycolic Acid (AHA) Skin Renewing Toner,"This skin-renewing toner is perfect for improving dull, tired skin, it contains 7% Glycolic Acid, which sloughs off the outermost layer of the dead skin cells, revealing brighter and smoother skin.
Superstar herbs such as Centella Asiatica, Witch Hazel, Papaya, Cucumber, and Aloe Vera Extracts work synergistically for effective acne control and skin-soothing action.
Formulated with sensitive skin in mind, we made sure that this toner does not contain:
• Alcohol
• Sulfates
• Silicones
• Parabens
• Polymers
• Formaldehyde
• Artificial Colorants
• Artificial Scents
Ingredients List
Aqua, 7% Glycolic Acid (AHA), Aloe Barbadensis (Aloe Vera) Leaf Juice, Propylene Glycol, Glycerin, Sodium Hydroxide, Cucumis Sativus (Cucumber) Extract, Centella Asiatica (Gotu Kola) Extract, Carica Papaya (Papaya) Fruit Extract, Hamamelis Virginiana (Witch Hazel) Leaf Extract, Phenoxyethanol, Ethylhexylglycerin
pH 3.5 - 3.7
Dear valued customers,
We are excited to announce that Dermorepubliq is currently transitioning from using plastic shrink wraps to paper boxes as part of our commitment to reducing plastic pollution and protecting the environment. While this transition is underway, some of our products may still arrive with shrink wraps, but we are working hard to make paper boxes the new norm. We appreciate your support as we take this important step toward a more sustainable future.","Product: Defective/Damaged Item, Poor quality | Nag-leak, please pakicheck po muna ang products bago i-ship. Nakaka disapppoint.",ph-11134103-81ztf-me6ewkiqrwna42.jpg,0
prod_14,2022 Chinese Collar Polo for Men Long/Short Sleeves Full Buttons Cotton Korean Shirt,"Color: White, Black, Cream, Navy Blue
Size: M, L, XL，XXL
Material: Cotton
Pattern: Plain
Fit Type: Regular Fit
Style: Casual, Fashion
Thickness: Regular
Length: Regular
Decorations: Buttons
Season: Summer
Collar: Chinese Collar",Not accurate size,ph-11134103-7r98v-lmuwyebecbync8.jpg,0
prod_08,Inplay S500 Wired RGB Gaming Headset With Mic Surround Sound Over Ear Headphone For PC Laptop,"Inplay Official Service Center Guranteed
Variation
Brand: Inplay
Model: S500
Driver Diameter: 50mm
Impedance: 32Ω@1KHZ
Sensitivity: 115-121db at 1KHZ 1mV
Frequency Response: 20hz-20khz
Light Effect: Colorful led light
Cable Length: 1.8m
Product Size:190*170*90mm
Product Weight: 228-248g
Warranty: 6 Months
Microphone Parameters
Sensitivity: -38-42dB@1KHz
Input mode: DC 3.5 plug
Signal to Noise Ratio: ≥60db
Frequency Response: 100Hz-8KHz","Ang hina ng sounds, khit nakatudo na ang volume ng headphone at pc, sayang pera hindi magamit sa online tutor,dinagdagan ko nlng sana ang 179 ko, at bumili nlng ng medyo mahal pra nagamit. maganda lng ang design.",ph-11134103-7ras9-m9ebk8d9vmou04.jpg,0
prod_12,[JSJK] autumn new biscuit shoes canvas shoes women's low top Korean fashion shoes#F110,"Upper; Nylon fly woven  artificial leather elastic band
Sole: rubbe, sole,
Heel: flat bottom, split heel, thick heel and thin heel
Shoes: Sandals, sports, leisure and slippers
Height: generally 2-3 inches, 3-5 inches
Suitable season: spring, summer, autumn and winter
Suitable places: gathering, attending, working, shopping and leisure sports
Year of production: 2020                           
Euro size for women:   35-36-37-38-39-40
Euro size for men：    39-40-41-42-43-44
Size  charm : ADD SIZE PAG MALAPAD PAA!
Women ： 22.5cm-size 35        men ： 24.5cm- size39
23cm-size36                  25cm-size40
23.5cm-size37                 26cm -size41
24cm-size 38                  26.5cm--size42
24.5cm-size39                 27.5cm-size 43
25cm-size40                   28cm-size44
All PRODUCT are ON HAND & READY TO SHIP 
✅EARN SHOPEE COINS 
✅CASH ON DELIVERY
 ✅PAY TODAY SHIP TOMORROW ENJOY FREE SHIPPING & CASH ON DELIVERY FOR A MINIMUM PURCHASE OF 500 PESOS ONLY
DELIVERY PERIOD: 4-10days 
MUST READ 
✔️ALL ITEMS ARE AVAILABLE UNLESS MARKED AS ""SOLD OUT""
 ✔️ The Free Size Item may not Perfectly Fit to Every One 
✔️WE ACCEPT RETURNS IF THE ITEM IS NOT YET WORN OR USED. 
BUYER WILL SHOULDER THE RETURN SHIPPING COST 
LIKE & FOLLOW US FOR UPDATES! 
FOR NOT MISSING ANY DISCOUNT！！！！ 
AFTER SALES SERVICE 
(1)If the item you received is defective, please contact us immediately.
(2) REMINDERS 
(3)(1)Please kindly leave us a positive feedback (5 stars) , if you are satisfied with our items. And you could share with your friends on Facebook, Twitter...Thanks 
(4)(2)Please contact us before leaving any negative feedback or open a dispute on Shopee. 
(5)(3)Please give us the opportunity to resolve any problem .
s",Appearance: 2 star | Colour: 3 star | Material Quality: 2 star | Hindi maganda yung pagkakatahi nasobrahan paloob parang duling tuloy yung sapatos. May hiwa din na makikita sa pair. May baby ako kaya napaka delikado ng sapatos na ito kasi ang lakas ng chemical na amoy niya.,e49fe8fa914048cfb1cf8b535ed1927c.jpg;e8428ed9e0ad58479a0071821ddba58c.jpg;d4f3bf44310f893ac5523801ebb20f09.jpg,0
prod_18,POND'S Acne Clear Pore Conditioning Toner with Salicylic Acid and Tea Tree Oil for Anti Pimple 100ml,"Pond’s Acne Clear Pore Conditioning Toner cares for pores to give you clearer skin that is smooth and refined up close. It has Salicylic Acid and Tea Tree Oil that deeply cleans and unclogs pores, helping to reduce pimples for clearer skin. It also has Pore Tightening Essence that conditions pores for smooth and refined skin.","May natapon sa mga yan, basa ung pinaglagyan. Very poor packaging. Wlang freebies sa dami ng binili ko katulad ng nasa reviews. Sana sa Watsons na lng ako bumili. Will never order again.",72fdb541e2444b73025a22bf5ba59fa9.jpg,0
prod_11,ICON Webcam 2K/ 1080P/ 720P Full HD Video Call For PC Laptop With Microphone Home USB Video Webcam,"Name: ICON 1080X1920P Webcam 2K
8 million high-definition image sensor, effective resolution 1920*1080
Main control chip: Lingtong GP2247
Camera chip: F37
Camera physical pixels: 800W
Camera angle: 90 degrees
Microphone: built-in noise reduction microphone
Drive type: free drive (plug and play)
Interface type: USB 2.0 (built-in mark)
USB cable length: 140cm
Camera chip size: 1/4'' CMOS
---------------------------------------------------------------------------------------------------------------------------------------------------------
Name: ICON webcam 720P
5 million high-definition image sensor, effective resolution 1280*720
Main control chip: Lingtong GP2247
Camera chip: F37
Camera physical pixels: 500W
Camera angle: 90 degrees
Microphone: built-in noise reduction microphone
Drive type: free drive (plug and play)
Interface type: USB 2.0 (built-in mark)
USB cable length: 140cm
Camera chip size: 1/4'' CMOS
---------------------------------------------------------------------------------------------------------------------------------------------------------
Name: ICON webcam 1080P
5 million high-definition image sensor, effective resolution 1920X1080
Main control chip: Lingtong GP2247
Camera chip: F37
Camera physical pixels: 800W
Camera angle: 90 degrees
Microphone: built-in noise reduction microphone
Drive type: free drive (plug and play)
Interface type: USB 2.0 (built-in mark)
USB cable length: 140cm
Camera chip size: 1/4'' CMOS
warranty service
Replacement within 15 days: Within 15 days after the receipt of the product, if there is a product quality problem that is not artificially damaged, you can contact customer service and we will provide replacement services.
1 year warranty: From the date of receipt of the product, if there is a hardware failure problem under normal use, non-artificial damage, any natural disasters. Free warranty for one year.
Lifetime technical maintenance: After purchasing the product, you can enjoy free lifetime technical consulting services provided by engineers
About shipping: If there is a quality problem within 1 month of purchasing the product, the shipping will be borne by each other.
After one month to one year, the return shipping fee shall be borne by the customer.",Best Feature: camera | Value For Money: worth it | Product Quality: Good | Ok naman sya,ph-11134103-81zti-mdvkmh1ysoau81.jpg,2
prod_13,High quality rubber shoes Black school shoes for boy and men's,"No in box
Welcome to the shop, our quality guarantee is cheap
EU  size                   36     37       38    39      40    41    42    43    44    45 
inner length (mm) 225  230   235   240   245   250  255  260  265  270
feet length (mm)  220  225  230  235   240   245    250   255   260  265
       width              8-8.5 /8.5/ 9/ 9-9.5 /9.5-10/10 /10-10.5/10.5/10.5-11/11
 NOTE: If your feet are wide and fat, please choose to place an order in one size larger
This shoe is made of rubber material and may be squeezed or deformed during transportation, but it does not affect wearing. You can soak the shoes in hot water for 5 minutes to restore them to their original shape.
happy shopping for you
✅EARN LOTS OF SHOPEE COINS
✅CASH ON DELIVERY
✅ON HAND AND READY TO SHIP
✅PAY TODAY SHIP TOMORROW
NOTE: WRONG PLACEMENT OF SHIPPING FEE WILL NOT BE PROCESS
DELIVERY PERIOD:
 1-2 days Metro Manila
 3-4 days Provincial
PLEASE READ CAREFULLY BEFORE PLACING AN ORDER/S ️
 ✔️ALL ITEMS ARE AVAILABLE UNLESS MARKED AS ""SOLD OUT""
✔CHOOSE THE CORRECT  IF THE ITEMS HAS DIFFERENT COLORS/PRINTS SO WE CAN AVOID MISTAKES
✔WE ACCEPT RETURNS IF THE ITEM IS NOT YET WORN OR USED. BUYER WILL SHOULDER THE RETURN SHIPPING COST
LIKE & FOLLOW US FOR UPDATES! 
HAPPY SHOPPING!","Colour: Black | Material Quality: Rubber | Appearance: Ok | Fast delivery, kita naman sa video yung issue, hindi naman nayupi yung sapatos pero may parang mabubutas na o baka design nya yun",ph-11134103-7r98s-lr0zq9o3vupw05.jpg;ph-11134103-7r992-lr0zq9o3x9ac64.jpg,1
prod_02,Luxe Organix Whitening Repair Ultra Light Glow Cleanser 150ml,"Evens out skin tone, lighten scars and dark spots, brighten skin
LUXE ORGANIX WHITENING REPAIR GENTLE FOAM CLEANSER IS MADE WITH NIACINAMIDE AND LICORICE ROOT EXTRACT TO REDUCE APPEARANCE OF HYPERPGMENTATION. ENLARGED PORES AND EXCESS OIL. IT LIGHTENS SKIN AND EVENS OUT SKIN TONE LEAVING YOU WITH A FRESH AND NATURAL GLOW.
HOW TO USE: SQUEEZE A PEA SIZED AMOUNT ONTO HANDS, GENTLY MASSAGE INTO DAMP FACE IN CIRCULAR MOTIONS, AVOIDING THE EYE AREA. RINSE THROUGHLY WITH WATER.CAUTION: FOR EXTERNAL USE ONLY. AVOID CONTACT WITH EYES. CONDUCT A SKIN TEST FIRST. STOP USING AND CONSULT A DOCTOR IF SKIN BECOMES RED, SWOLLEN AND ITCHYDURING USE. KEEP OUT OF REACH OF CHILDREN. STORE AT ROOM TEMPERATURE.
INGREDIENTS: WATER, MYRISTIC ACID, GLYCERIN, POTASSIUM HYDROXIDE, PALMITIC ACID, STEARID ACID, LAURAMIDE DEA, SODIUM LAURETH SULFATE, COCAMIDOPROPYL BETAINE, GLYCERYL STEARATE, BENZYL GLYCOL, PEG-100 STEARATE, NIACINAMIDE, GLYCYRRHIZA GLABRA (LICORICE) ROOT EXTRACT, SODIUM CHLORIDE, BUTYLENE GLYCOL, 1,2- HEXANEDIOL, GLYCOL DISTEARATE, RASPBERRY KETONE, CARBOMER, DISODIUM EDTA, LAURIC ACID, ETHYLHEXYLGLYCERIN, CITRIC ACID, SODIUM CARBONATE, FRAGRANCE.","📍looks bigger than i expected; a little goes a long way, mukhang maglalast sa'kin ng ilang buwan 📍sealed & has exp date w/c is 2o26, and is made in korea too 📍face looks brighter after every wash; foamy, able to fully remove dirt & oiliness! 📍2 days before shipout; courier pouch + thick bubblewrap 📍got a total discount of 164 pesos using shopee voucher & coins ✨ been a user of other luxe organix products such as moisturizer and soap. never been disappointed. thank you seller & shopee! 😊🤎",ph-11134103-7r990-lljwysb5svw2c6.jpg;ph-11134103-7r98p-lljwysb5swcj19.jpg;ph-11134103-7r98x-lljwysb6nsdu26.jpg;ph-11134103-7r98z-lljwysb68c4ye0.jpg,2
prod_12,[JSJK] autumn new biscuit shoes canvas shoes women's low top Korean fashion shoes#F110,"Upper; Nylon fly woven  artificial leather elastic band
Sole: rubbe, sole,
Heel: flat bottom, split heel, thick heel and thin heel
Shoes: Sandals, sports, leisure and slippers
Height: generally 2-3 inches, 3-5 inches
Suitable season: spring, summer, autumn and winter
Suitable places: gathering, attending, working, shopping and leisure sports
Year of production: 2020                           
Euro size for women:   35-36-37-38-39-40
Euro size for men：    39-40-41-42-43-44
Size  charm : ADD SIZE PAG MALAPAD PAA!
Women ： 22.5cm-size 35        men ： 24.5cm- size39
23cm-size36                  25cm-size40
23.5cm-size37                 26cm -size41
24cm-size 38                  26.5cm--size42
24.5cm-size39                 27.5cm-size 43
25cm-size40                   28cm-size44
All PRODUCT are ON HAND & READY TO SHIP 
✅EARN SHOPEE COINS 
✅CASH ON DELIVERY
 ✅PAY TODAY SHIP TOMORROW ENJOY FREE SHIPPING & CASH ON DELIVERY FOR A MINIMUM PURCHASE OF 500 PESOS ONLY
DELIVERY PERIOD: 4-10days 
MUST READ 
✔️ALL ITEMS ARE AVAILABLE UNLESS MARKED AS ""SOLD OUT""
 ✔️ The Free Size Item may not Perfectly Fit to Every One 
✔️WE ACCEPT RETURNS IF THE ITEM IS NOT YET WORN OR USED. 
BUYER WILL SHOULDER THE RETURN SHIPPING COST 
LIKE & FOLLOW US FOR UPDATES! 
FOR NOT MISSING ANY DISCOUNT！！！！ 
AFTER SALES SERVICE 
(1)If the item you received is defective, please contact us immediately.
(2) REMINDERS 
(3)(1)Please kindly leave us a positive feedback (5 stars) , if you are satisfied with our items. And you could share with your friends on Facebook, Twitter...Thanks 
(4)(2)Please contact us before leaving any negative feedback or open a dispute on Shopee. 
(5)(3)Please give us the opportunity to resolve any problem .
s","Material Quality: super nice | Appearance: , super ganda sana , Peru bakit Hindi kasya nag up size na Nga Ako 😭😭 | Colour: super good | Hopefully thru to size sana 😭",ph-11134103-81ztq-mgztquozo7pk11.jpg,0
prod_16,URBAN PIPE Fashionable Cargo Pants For Men 6 Pocket Drawstring Pant High Quality Bottoms 42917,"Discover the perfect blend of style and comfort with the URBAN PIPE Cargo Pants for Men. Designed for a modern urban look, these oversized pants feature multiple pockets and a versatile wide-leg design.
Functional Design: Equipped with 6 pockets for ample storage.
Stylish Fit: Oversized hip-hop style with wide-leg straight cut.
Adjustable Comfort: Drawstring waist for a customizable fit.
Add these trendy cargo pants to your wardrobe and elevate your casual outfits effortlessly!","Malaki yung sizes nila sa totoong size, tapos manipis yubg tela",ph-11134103-81ztp-meejim9llbt3be.jpg,1
prod_11,ICON Webcam 2K/ 1080P/ 720P Full HD Video Call For PC Laptop With Microphone Home USB Video Webcam,"Name: ICON 1080X1920P Webcam 2K
8 million high-definition image sensor, effective resolution 1920*1080
Main control chip: Lingtong GP2247
Camera chip: F37
Camera physical pixels: 800W
Camera angle: 90 degrees
Microphone: built-in noise reduction microphone
Drive type: free drive (plug and play)
Interface type: USB 2.0 (built-in mark)
USB cable length: 140cm
Camera chip size: 1/4'' CMOS
---------------------------------------------------------------------------------------------------------------------------------------------------------
Name: ICON webcam 720P
5 million high-definition image sensor, effective resolution 1280*720
Main control chip: Lingtong GP2247
Camera chip: F37
Camera physical pixels: 500W
Camera angle: 90 degrees
Microphone: built-in noise reduction microphone
Drive type: free drive (plug and play)
Interface type: USB 2.0 (built-in mark)
USB cable length: 140cm
Camera chip size: 1/4'' CMOS
---------------------------------------------------------------------------------------------------------------------------------------------------------
Name: ICON webcam 1080P
5 million high-definition image sensor, effective resolution 1920X1080
Main control chip: Lingtong GP2247
Camera chip: F37
Camera physical pixels: 800W
Camera angle: 90 degrees
Microphone: built-in noise reduction microphone
Drive type: free drive (plug and play)
Interface type: USB 2.0 (built-in mark)
USB cable length: 140cm
Camera chip size: 1/4'' CMOS
warranty service
Replacement within 15 days: Within 15 days after the receipt of the product, if there is a product quality problem that is not artificially damaged, you can contact customer service and we will provide replacement services.
1 year warranty: From the date of receipt of the product, if there is a hardware failure problem under normal use, non-artificial damage, any natural disasters. Free warranty for one year.
Lifetime technical maintenance: After purchasing the product, you can enjoy free lifetime technical consulting services provided by engineers
About shipping: If there is a quality problem within 1 month of purchasing the product, the shipping will be borne by each other.
After one month to one year, the return shipping fee shall be borne by the customer.",Best Feature: HD | Value For Money: 10/10 | Product Quality: 10/10 | Ganda gamitin! 😍,ph-11134103-7qul9-lhyxli62esjt3f.jpg;ph-11134103-7qukx-lhyxli62g6w7d9.jpg;ph-11134103-7quky-lhyxli62vn5371.jpg,2
prod_13,High quality rubber shoes Black school shoes for boy and men's,"No in box
Welcome to the shop, our quality guarantee is cheap
EU  size                   36     37       38    39      40    41    42    43    44    45 
inner length (mm) 225  230   235   240   245   250  255  260  265  270
feet length (mm)  220  225  230  235   240   245    250   255   260  265
       width              8-8.5 /8.5/ 9/ 9-9.5 /9.5-10/10 /10-10.5/10.5/10.5-11/11
 NOTE: If your feet are wide and fat, please choose to place an order in one size larger
This shoe is made of rubber material and may be squeezed or deformed during transportation, but it does not affect wearing. You can soak the shoes in hot water for 5 minutes to restore them to their original shape.
happy shopping for you
✅EARN LOTS OF SHOPEE COINS
✅CASH ON DELIVERY
✅ON HAND AND READY TO SHIP
✅PAY TODAY SHIP TOMORROW
NOTE: WRONG PLACEMENT OF SHIPPING FEE WILL NOT BE PROCESS
DELIVERY PERIOD:
 1-2 days Metro Manila
 3-4 days Provincial
PLEASE READ CAREFULLY BEFORE PLACING AN ORDER/S ️
 ✔️ALL ITEMS ARE AVAILABLE UNLESS MARKED AS ""SOLD OUT""
✔CHOOSE THE CORRECT  IF THE ITEMS HAS DIFFERENT COLORS/PRINTS SO WE CAN AVOID MISTAKES
✔WE ACCEPT RETURNS IF THE ITEM IS NOT YET WORN OR USED. BUYER WILL SHOULDER THE RETURN SHIPPING COST
LIKE & FOLLOW US FOR UPDATES! 
HAPPY SHOPPING!",Maganda Sana pero ndi maintindihan mga size nyo bumabase Kasi ko sa cm Ng paa Ng anak ko or Ng slippers nya or nung rubber shoes nya pero Yung dumating Tama nman Ang size problema na sobrahan sa allowance sobrang luwag as in 🤦 nakakadismaya Lang sayang pera . Pwede pa nman Sana magamit kaso Ilan taon pa aantayin mo bago magamit Yan antayin pa lumaki paa nya 🤦 sa slippers 35-36 nman sya eh miski sa rubber shoes ganun din 🤦 jusko nmn Sayang na nmna pera !!!!!!!!!,ph-11134103-7r98t-ly64xv81gyke95.jpg;ph-11134103-7r98o-ly64xv6xil1af8.jpg,0
prod_04,Garnier Brightening Foam Facial Cleanser Skin care For Dark Spots Dull Skin Garnier Facial Wash 50ml,"WHAT IS IT
A gentle, easy to rinse foam with the power of Pure Lemon Extract to intensively cleanse and clear dullness.
 WHAT IT DOES
Cleanses and brightens skin.
 WHY IT'S PERFECT FOR YOU
Cleanse and clear away dullness with the power of pure lemon extract.
 HOW TO USE
Gently massage onto wet face while avoiding eye area. Rinse off with water. Use day and night as needed.
 CARE INSTRUCTIONS
Keep away from direct sunlight. Store at room temperature.
 INGREDIENTS
AQUA/WATER, GLYCERIN, MYRISTIC ACID, PAMITIC ACID, STEARIC ACID, GLYCERYL STEARATE, KAOLIN, BENZYL SALICYLATE, CITRUS MEDICA EXTRACT, LIMONENE, LINALOOL. METHYLISOTHIAZOLINONE, PEG-14M, TETRASODIUM EDTA, PARFUM/ FRAGRANCE (B45631/1)
Daytime Morning Regimen
STEP 1: REMOVE MAKEUP & IMPURITIES with the Garnier Vitamin C Micellar Water. Saturate a cotton pad with micellar water and gently wipe your face to remove dirt and excess oil.
STEP 2: CLEANSE your face with the Garnier Vitamin C Brightening Cleanser Foam OR Gel Cleanser Wash. Wet your face with water, apply a small amount of the cleanser, and massage in circular motions. Rinse thoroughly.
STEP 3: TREAT with the Garnier Vitamin C Booster Serum. Apply 3-4 drops of the serum all over your face in upward motion. Let it absorb fully before moving on to the next steps. This will help to fade dark spots in 3 days!
STEP 4: ENHANCE your skin with the Garnier Vitamin C Ampoule Serum. Apply a small amount of the ampoule serum on problem areas, or all over your face to fade hyperpigmentation, sunspots (pekas), melasma, and dark undereye circles.
STEP 5: MOISTURIZE with the Garnier Vitamin C Day Cream Moisturizer. Massage in upward circular motion all over your face, to lock in moisture and create a protective barrier on your skin.
STEP 6: PROTECT your skin from harmful UV rays with the Garnier Vitamin C UV Sunscreen. Apply a thin layer of sunscreen evenly on your face, at least 15 minutes before sun exposure. Reapply throughout the day for maximum sun protection.
Nighttime Evening Regimen
STEP 1: REMOVE MAKEUP & IMPURITIES with the Garnier Vitamin C Micellar Water. Saturate a cotton pad with micellar water and gently wipe your face to remove dirt and excess oil.
STEP 2: CLEANSE your face with the Garnier Vitamin C Brightening Cleanser Foam OR Gel Cleanser Wash. Wet your face with water, apply a small amount of the cleanser, and massage in circular motions. Rinse thoroughly.
STEP 3: TREAT with the Garnier 10% Pure Vitamin C Overnight Booster Serum. Apply 3-4 drops of the serum all over your face in upward motion to support overnight skin repair and recovery. all over your face in upward motion. Let it absorb fully before moving on to the next steps.
STEP 4: ENHANCE your skin with the Garnier Vitamin C Ampoule Serum. Apply a small amount of the ampoule serum on problem areas, or all over your face to fade hyperpigmentation, sunspots (pekas), melasma, and dark undereye circles.
STEP 5: REJUVENATE and nourish your skin with the Garnier Vitamin C Night Cream Moisturizer. Apply the night cream to lock in moisture for optimum repair and recovery especially during at night","Beauty Profile: oily skin ako pero for 1wk ko na sya gamit parang wla pa nman ako nkitang effect sa akin | Fragrance: ok lg | Usage Experience: sticky sya,at mabula nman sya kahit konti LG gamitin mo rub molg sa kamay muna to make like a cream look before mya scrub sa face mo,matipid to gamiting kahit konti LG mubula na",ph-11134103-7r98p-lx51f318n1i9eb.jpg,0
prod_05,Dermorepubliq 7% Glycolic Acid (AHA) Skin Renewing Toner,"This skin-renewing toner is perfect for improving dull, tired skin, it contains 7% Glycolic Acid, which sloughs off the outermost layer of the dead skin cells, revealing brighter and smoother skin.
Superstar herbs such as Centella Asiatica, Witch Hazel, Papaya, Cucumber, and Aloe Vera Extracts work synergistically for effective acne control and skin-soothing action.
Formulated with sensitive skin in mind, we made sure that this toner does not contain:
• Alcohol
• Sulfates
• Silicones
• Parabens
• Polymers
• Formaldehyde
• Artificial Colorants
• Artificial Scents
Ingredients List
Aqua, 7% Glycolic Acid (AHA), Aloe Barbadensis (Aloe Vera) Leaf Juice, Propylene Glycol, Glycerin, Sodium Hydroxide, Cucumis Sativus (Cucumber) Extract, Centella Asiatica (Gotu Kola) Extract, Carica Papaya (Papaya) Fruit Extract, Hamamelis Virginiana (Witch Hazel) Leaf Extract, Phenoxyethanol, Ethylhexylglycerin
pH 3.5 - 3.7
Dear valued customers,
We are excited to announce that Dermorepubliq is currently transitioning from using plastic shrink wraps to paper boxes as part of our commitment to reducing plastic pollution and protecting the environment. While this transition is underway, some of our products may still arrive with shrink wraps, but we are working hard to make paper boxes the new norm. We appreciate your support as we take this important step toward a more sustainable future.","Benefits: I’m using it for my armpit | Beauty Profile: discoloration | User Tips: use after every bath | The packaging is good. It has a box on it aside from the box of the product itself so safe for delivery. It’s unscented, and water based, acid-like. So far, no irritation. Might try it for the mean time to see if it can really help for toning.",ph-11134103-7ra0t-mda96un512b5af.jpg;ph-11134103-7ra0p-mda96un52gvl5c.jpg,2
prod_02,Luxe Organix Whitening Repair Ultra Light Glow Cleanser 150ml,"Evens out skin tone, lighten scars and dark spots, brighten skin
LUXE ORGANIX WHITENING REPAIR GENTLE FOAM CLEANSER IS MADE WITH NIACINAMIDE AND LICORICE ROOT EXTRACT TO REDUCE APPEARANCE OF HYPERPGMENTATION. ENLARGED PORES AND EXCESS OIL. IT LIGHTENS SKIN AND EVENS OUT SKIN TONE LEAVING YOU WITH A FRESH AND NATURAL GLOW.
HOW TO USE: SQUEEZE A PEA SIZED AMOUNT ONTO HANDS, GENTLY MASSAGE INTO DAMP FACE IN CIRCULAR MOTIONS, AVOIDING THE EYE AREA. RINSE THROUGHLY WITH WATER.CAUTION: FOR EXTERNAL USE ONLY. AVOID CONTACT WITH EYES. CONDUCT A SKIN TEST FIRST. STOP USING AND CONSULT A DOCTOR IF SKIN BECOMES RED, SWOLLEN AND ITCHYDURING USE. KEEP OUT OF REACH OF CHILDREN. STORE AT ROOM TEMPERATURE.
INGREDIENTS: WATER, MYRISTIC ACID, GLYCERIN, POTASSIUM HYDROXIDE, PALMITIC ACID, STEARID ACID, LAURAMIDE DEA, SODIUM LAURETH SULFATE, COCAMIDOPROPYL BETAINE, GLYCERYL STEARATE, BENZYL GLYCOL, PEG-100 STEARATE, NIACINAMIDE, GLYCYRRHIZA GLABRA (LICORICE) ROOT EXTRACT, SODIUM CHLORIDE, BUTYLENE GLYCOL, 1,2- HEXANEDIOL, GLYCOL DISTEARATE, RASPBERRY KETONE, CARBOMER, DISODIUM EDTA, LAURIC ACID, ETHYLHEXYLGLYCERIN, CITRIC ACID, SODIUM CARBONATE, FRAGRANCE.",oks lang,ph-11134103-7r98r-lvsf9op2ff84f8.jpg,1
prod_18,POND'S Acne Clear Pore Conditioning Toner with Salicylic Acid and Tea Tree Oil for Anti Pimple 100ml,"Pond’s Acne Clear Pore Conditioning Toner cares for pores to give you clearer skin that is smooth and refined up close. It has Salicylic Acid and Tea Tree Oil that deeply cleans and unclogs pores, helping to reduce pimples for clearer skin. It also has Pore Tightening Essence that conditions pores for smooth and refined skin.","I recommend this toner, it really is effective in prevention of pimples. however, I received incomplete items, 1 lotion was missing & when I file for refund the seller dispute! part of their promo is free sticker for every order but there were none! bad customer service!",58bb9becf57fd3f7ea753a65533042ae.jpg,0
prod_16,URBAN PIPE Fashionable Cargo Pants For Men 6 Pocket Drawstring Pant High Quality Bottoms 42917,"Discover the perfect blend of style and comfort with the URBAN PIPE Cargo Pants for Men. Designed for a modern urban look, these oversized pants feature multiple pockets and a versatile wide-leg design.
Functional Design: Equipped with 6 pockets for ample storage.
Stylish Fit: Oversized hip-hop style with wide-leg straight cut.
Adjustable Comfort: Drawstring waist for a customizable fit.
Add these trendy cargo pants to your wardrobe and elevate your casual outfits effortlessly!",Appearance: 10 | Colour: 10 | Material Quality: 10 | 3 days lang dumating n ung item Medyo masikip saken hndi sya stretchable Pero ung haba at sikip ng waist sakto naman Nhhirapan ako gumalaw pag nakaupo hndi lease nsstretch,ph-11134103-7rasc-m82b7r88n1y6f9.jpg,1
prod_03,"Cetaphil Gentle Skin Cleanser 59ml (For Sensitive Skin, Non-Drying Facial Wash, And Paraben Free)","Our best-selling gentle skin cleanser is clinically proven to actively hydrate while cleansing the skin, and defends against the five signs of skin sensitivity including dryness, irritation, roughness, toughness, and a weakened skin barrier
Our best-seller and fan favorite - a mild, non-irritating and soap-free formula that soothes skin as it cleanses. This award-winning cleanser is clinically proven to hydrate while cleansing, and helps to strengthen the skin&#39;s moisture barrier. It can be specifically used for everyday cleansing, and defends against the five signs of skin sensitivity - dryness, irritation, roughness, toughness, and weakened skin barrier. Non-comodogenic, fragrance-free, pH balanced, and dermatologically tested.
Cetaphil is the most prescribed skincare brand by dermatologists.
- Gentle, soap-free, non-irritating cleanser actively hydrates while cleansing
- Defends against the five signs of skin sensitivity, including dryness, irritation, roughness, tightness and weakened skin barrier
- Non-foaming cleanser can be used with or without water
- Suitable for all skin types, including dry and sensitive skin
- Dermatologist tested and clinically proven to be gentle on sensitive skin
- Fragrance free, hypoallergenic and non-comedogenic, so it won&#39;t irritate skin or clog pores
INGREDIENTS:
Aqua, Glycerin, Cetearyl Alcohol, Panthenol, Niacinamide, Pantolactone, Xanthan Gum, Sodium Cocoyl Isethionate, Sodium Benzoate, Citric Acid
Directions for Use:
With water: 
Apply cleanser and gentle massage into skin. Rinse.
Without water:
Apply a liberal amount of cleanser and gently massage into skin.
About the Brand:
Cetaphil is a gentle skincare brand that has been recommended by dermatologists for over 70 years, and is today used by millions of people with sensitive skin from all around the world. It offers a complete range of cleansers, moisturizers and sun protection ideal for face and body, providing gentle yet effective skincare formula to strengthen and protect even the most sensitive skin.
MOST PRESCRIBED SKINCARE BRAND
Cetaphil is the original sensitive cleanser recommended by dermatologists for over 70 years
CLINICALLY TESTED FOR SENSITIVE SKIN
Our soap-free, skin nourishing products will treat your skin without irritation and is hypoallergenic
DEFENDS AGAINST 5 SIGNS OF SENSITIVITY
Clinically proven to soothe, hydrate, and nourish sensitive skin",Effectiveness: Nag dry yung face ko pero overall okay naman.. | Nakabukas yung freebies and yung mismong product pero ginamit ko sayang. Its not okay. Wala akong pic pero yung product nag dry sa face ko..,ph-11134103-7r991-lp6p8yga4or3c9.jpg,0
prod_18,POND'S Acne Clear Pore Conditioning Toner with Salicylic Acid and Tea Tree Oil for Anti Pimple 100ml,"Pond’s Acne Clear Pore Conditioning Toner cares for pores to give you clearer skin that is smooth and refined up close. It has Salicylic Acid and Tea Tree Oil that deeply cleans and unclogs pores, helping to reduce pimples for clearer skin. It also has Pore Tightening Essence that conditions pores for smooth and refined skin.","Effectiveness: effective at good for skin | Fragrance: sakto lang ang amoy | Texture: parang tubig lang | Thanks seller 👍, delivered immediately 👍😊..medyo sad lang kasi may leaked buti nalang di ganun kadami but still satisfied 👍. Thanks din sa courier at sa delivery man na mabait 👍😃. Thanks Shopee for hassle free shopping 💖.",78a005e0a9e4ff2de7c925f114b200f7.jpg,2
prod_07,Inplay H20 RGB Wired Headset RGB Light Gaming Headset Headphones With Microphone For Pc Laptop,"Inplay Official Service Center Guranteed
6 Months Warranty Period
_______________________________________________________________________________________________________
SPECIFICATION
Brand: INPLAY
Model: H20
Color: Black / White
Warranty: 6 Months
Brand: INPLAY
Model: H30
Color: Balck / White
Warranty: 6 Months
Variation
Brand: Inplay
Model: HG710
Color: Black / White
Driver Diameter: 50mm
Impedance: 30Ω
Sensitivity: 107-113db
Frequency Response: 20hz-20khz
Light Effect: Colorful led light
Cable Length: 1.8m
Product Size:200*190*85mm
Product Weight: 257-277g
Warranty: 6 Months
Brand: INPLAY
Model: S500
Color: Balck
Warranty: 6 Months","Performance: Works well, both mic and audio. | Best Feature: The adjustment ng volume sa side part ng headphones : )) | Product Quality: It is sulit for the price. I like how the audio sounds, quality na rin for 290 pesos. | ‘Di ka lugi. I’m not a techy person but I feel like this is a gem. Very accommodating din ang seller. Kudos din kasi well-packaged siya . Definitely will buy again. Sana tumagal .",ph-11134103-22100-lcxv8x5vtliv11.jpg;ph-11134103-22100-kcxv8x5vtlivc1.jpg;ph-11134103-22100-2wbx8x5vtlivac.jpg,2
prod_01,CCL PH USB Wired Gaming Mouse High Configuration with Backlight for PC & Laptop X1,"💯 High Quality
💯 Brand New
Easy to operate, USB plug and play, no driver needed. Anti-skid and waterproof design. ABS material, laser-etched, non-slip design, splash proof and durable.
Rainbow Color Backlight effects: bringing cool gaming experience, in particular increase gaming keys backlit effect and easy type in the dark.
Quickly control each function, ergonomic design, comfortable to operate.
Button service life: 5 million times
DPI adjustment provides 800/1200/1600 gear shift control for different games.
The smooth 3D roller with anti-skid scale grain ensures you to operate comfortably.
The buttons structure adopt precursor type streamline design provides excellent click sense.
Ergonomic design: perfect size fits naturally in your hand and provides comfortable touch feeling.
Product size: 12.3cm x 6.8cm  x 3.8cm (approx.)
🖌 FREE Shipping
🖌 Cash on Delivery (COD) is available       
🖌 Order Today Ship ASAP     
DELIVERY PERIOD:  
🚚 2-4 days Metro Manila
🚚 3-7 days Provincial
  ⚠️ Please CHOOSE THE CORRECT variation so we can avoid mistakes.
⚠️ If the item you received is defective, please contact us immediately. 
💡 Please leave us a positive feedback with 5 STARS ⭐️ ⭐️ ⭐️ ⭐️ ⭐️ if you are satisfied with our product and service. Your feedback will be much appreciated.
💡 Please contact us immediately before leaving any negative feedbacks or open a dispute on Shopee.",Product Quality: excellent | Performance: excellent | Best Feature: excellent | Complete ang items na inorder ko.. Super ganda at super sulit thank you seller at ky kuya rider...,ph-11134103-22110-pbrp8uhmsljvfd.jpg,2
prod_08,Inplay S500 Wired RGB Gaming Headset With Mic Surround Sound Over Ear Headphone For PC Laptop,"Inplay Official Service Center Guranteed
Variation
Brand: Inplay
Model: S500
Driver Diameter: 50mm
Impedance: 32Ω@1KHZ
Sensitivity: 115-121db at 1KHZ 1mV
Frequency Response: 20hz-20khz
Light Effect: Colorful led light
Cable Length: 1.8m
Product Size:190*170*90mm
Product Weight: 228-248g
Warranty: 6 Months
Microphone Parameters
Sensitivity: -38-42dB@1KHz
Input mode: DC 3.5 plug
Signal to Noise Ratio: ≥60db
Frequency Response: 100Hz-8KHz","Product Quality: Cheap plastic material | Performance: Sounds not loud enough but bearable | Best Feature: Price? Yes and No | Medyo di kalakasan ang sound. Very cheap looking ang plastic material na ginamit, like it can easily break. Pag sobrang humihina or nawawala either left or right channel, need ayusin ang pagkakabit ng jack. Hindi pwedeng magalaw galaw. Medyo maingay din ang mic. If may option ang driver ng audio ng PC mo na ""noise cancellation"" pwede mo siyang gamitin para ma lessen yung static noise ng mic...then again, it will not fully eliminate the static sound. Overall goods siya sa price niya kung pang samantala mo lang gagamitin. Di rin recommended na gamitin pang compshop or pisonet dahil panigurado di tatagal. Better up your budget kung pangsamantagal mo gagamitin ang headset. ***will possibly update this feedback if masira agad 😅***",ph-11134103-7r98r-lwx14eb3fqld93.jpg,1
prod_07,Inplay H20 RGB Wired Headset RGB Light Gaming Headset Headphones With Microphone For Pc Laptop,"Inplay Official Service Center Guranteed
6 Months Warranty Period
_______________________________________________________________________________________________________
SPECIFICATION
Brand: INPLAY
Model: H20
Color: Black / White
Warranty: 6 Months
Brand: INPLAY
Model: H30
Color: Balck / White
Warranty: 6 Months
Variation
Brand: Inplay
Model: HG710
Color: Black / White
Driver Diameter: 50mm
Impedance: 30Ω
Sensitivity: 107-113db
Frequency Response: 20hz-20khz
Light Effect: Colorful led light
Cable Length: 1.8m
Product Size:200*190*85mm
Product Weight: 257-277g
Warranty: 6 Months
Brand: INPLAY
Model: S500
Color: Balck
Warranty: 6 Months",Product Quality: Worth the price | Performance: Not bad | Best Feature: bulky headset and thick cords | Wrong color.,ph-11134103-7r98q-lq8plqwqtvtbe3.jpg;ph-11134103-7r98t-lq8plqwqvadr52.jpg,0
prod_08,Inplay S500 Wired RGB Gaming Headset With Mic Surround Sound Over Ear Headphone For PC Laptop,"Inplay Official Service Center Guranteed
Variation
Brand: Inplay
Model: S500
Driver Diameter: 50mm
Impedance: 32Ω@1KHZ
Sensitivity: 115-121db at 1KHZ 1mV
Frequency Response: 20hz-20khz
Light Effect: Colorful led light
Cable Length: 1.8m
Product Size:190*170*90mm
Product Weight: 228-248g
Warranty: 6 Months
Microphone Parameters
Sensitivity: -38-42dB@1KHz
Input mode: DC 3.5 plug
Signal to Noise Ratio: ≥60db
Frequency Response: 100Hz-8KHz","Performance: Mahina yong volume nya not advisable for gaming, goods for watching videos or music dahil hindi masakit sa tenga at maganda nman yung quality ng sound kaya lang mahina talaga siya para sakin:(",ph-11134103-7ras9-m9ebk8d9vmou04.jpg,0
prod_04,Garnier Brightening Foam Facial Cleanser Skin care For Dark Spots Dull Skin Garnier Facial Wash 50ml,"WHAT IS IT
A gentle, easy to rinse foam with the power of Pure Lemon Extract to intensively cleanse and clear dullness.
 WHAT IT DOES
Cleanses and brightens skin.
 WHY IT'S PERFECT FOR YOU
Cleanse and clear away dullness with the power of pure lemon extract.
 HOW TO USE
Gently massage onto wet face while avoiding eye area. Rinse off with water. Use day and night as needed.
 CARE INSTRUCTIONS
Keep away from direct sunlight. Store at room temperature.
 INGREDIENTS
AQUA/WATER, GLYCERIN, MYRISTIC ACID, PAMITIC ACID, STEARIC ACID, GLYCERYL STEARATE, KAOLIN, BENZYL SALICYLATE, CITRUS MEDICA EXTRACT, LIMONENE, LINALOOL. METHYLISOTHIAZOLINONE, PEG-14M, TETRASODIUM EDTA, PARFUM/ FRAGRANCE (B45631/1)
Daytime Morning Regimen
STEP 1: REMOVE MAKEUP & IMPURITIES with the Garnier Vitamin C Micellar Water. Saturate a cotton pad with micellar water and gently wipe your face to remove dirt and excess oil.
STEP 2: CLEANSE your face with the Garnier Vitamin C Brightening Cleanser Foam OR Gel Cleanser Wash. Wet your face with water, apply a small amount of the cleanser, and massage in circular motions. Rinse thoroughly.
STEP 3: TREAT with the Garnier Vitamin C Booster Serum. Apply 3-4 drops of the serum all over your face in upward motion. Let it absorb fully before moving on to the next steps. This will help to fade dark spots in 3 days!
STEP 4: ENHANCE your skin with the Garnier Vitamin C Ampoule Serum. Apply a small amount of the ampoule serum on problem areas, or all over your face to fade hyperpigmentation, sunspots (pekas), melasma, and dark undereye circles.
STEP 5: MOISTURIZE with the Garnier Vitamin C Day Cream Moisturizer. Massage in upward circular motion all over your face, to lock in moisture and create a protective barrier on your skin.
STEP 6: PROTECT your skin from harmful UV rays with the Garnier Vitamin C UV Sunscreen. Apply a thin layer of sunscreen evenly on your face, at least 15 minutes before sun exposure. Reapply throughout the day for maximum sun protection.
Nighttime Evening Regimen
STEP 1: REMOVE MAKEUP & IMPURITIES with the Garnier Vitamin C Micellar Water. Saturate a cotton pad with micellar water and gently wipe your face to remove dirt and excess oil.
STEP 2: CLEANSE your face with the Garnier Vitamin C Brightening Cleanser Foam OR Gel Cleanser Wash. Wet your face with water, apply a small amount of the cleanser, and massage in circular motions. Rinse thoroughly.
STEP 3: TREAT with the Garnier 10% Pure Vitamin C Overnight Booster Serum. Apply 3-4 drops of the serum all over your face in upward motion to support overnight skin repair and recovery. all over your face in upward motion. Let it absorb fully before moving on to the next steps.
STEP 4: ENHANCE your skin with the Garnier Vitamin C Ampoule Serum. Apply a small amount of the ampoule serum on problem areas, or all over your face to fade hyperpigmentation, sunspots (pekas), melasma, and dark undereye circles.
STEP 5: REJUVENATE and nourish your skin with the Garnier Vitamin C Night Cream Moisturizer. Apply the night cream to lock in moisture for optimum repair and recovery especially during at night","Effectiveness: havent use yet | Texture: fine | Fragrance: fine | Worst transaction with Garnier, 1st time to order but experience the worst quality and customer service. I ordered twice 1 was paid 1,115 and the other cod worh 608.00 but they shipped only the COD and this 1,115 that was paid already wasnt shipped until I contacted numerous time shopee thats the time they shipped out. It is also very difficult to contact CS of Garnier and see the box how it was done? very poor quality and customer service Garnier Philippines. My bad I did not read a lot of negative reviews here and mine is additional.",ph-11134103-7r98y-lmzm5nq6ji6f79.jpg;ph-11134103-7r98w-lmzm5nq7eekfb6.jpg;ph-11134103-7r98u-lmzm5nq6kwn3fe.jpg;ph-11134103-7r990-lmzm5nq6npvr96.jpg;ph-11134103-7r990-lmzm5nq6ji2n43.jpg,0
prod_07,Inplay H20 RGB Wired Headset RGB Light Gaming Headset Headphones With Microphone For Pc Laptop,"Inplay Official Service Center Guranteed
6 Months Warranty Period
_______________________________________________________________________________________________________
SPECIFICATION
Brand: INPLAY
Model: H20
Color: Black / White
Warranty: 6 Months
Brand: INPLAY
Model: H30
Color: Balck / White
Warranty: 6 Months
Variation
Brand: Inplay
Model: HG710
Color: Black / White
Driver Diameter: 50mm
Impedance: 30Ω
Sensitivity: 107-113db
Frequency Response: 20hz-20khz
Light Effect: Colorful led light
Cable Length: 1.8m
Product Size:200*190*85mm
Product Weight: 257-277g
Warranty: 6 Months
Brand: INPLAY
Model: S500
Color: Balck
Warranty: 6 Months","Performance: eh | Product Quality: mid | Best Feature: looks | just received it today and i must say im barely satisfied with it:( sound qual is so not good, super mahina sya even if u max the volume:( sayang it looks cute pa naman, now im left w no choice but to use volume booster :( not recommended. everything was fine tho, it's just the sound qual",ph-11134103-22120-y5q0jlba7llv17.webp.jpg,0
prod_09,Jeep EW011 TWS True Wireless Bluetooth Earphones HiFi Sound Noise Cancellation HD Calls Earbuds,"Specification:
Brand: Jeep
Model: JP EW011
Wireless version: V5.3
Speaker size: Φ13mm
Sensitivity:118±3dB
Impedance: 250
Frequency response:50HZ-20KHZ
Cell voltage: 3.7V
Music playing time:About 4H (80% volume)
Standby time:About 50H
Charging time:About 2H
Headphone battery capacity: 30mAh/3.7V
Charging compartment battery capacity: 300mAh/3.7V
Product size:61.5x25x45.5mm
What's in the box
2 x Bluetooth Earphones
1 x Charging Case
1 x Charging Cable
1 x User Manual",the packaging is good and the delivery is very fast the product is good overall good sya problema lang is di kasya sa ear ko dumudulas,ph-11134103-7rasm-m3eiqvo5o01b67.jpg,1
prod_17,Baggy Jeans Korean Style Jeans pants for Men straight cut Men's denim pants for men wide leg pants comfortable pants,"🌴S(27/28) Waist 26.7"" Length 38.1"" Hips 40.1"" 150-160cm. 40-45kg.
🌴M(29/30) Waist 28.7"" Length 38.5"" Hips 41.7"" 160-165cm. 45-55kg.
🌴L(31) Waist 30.7"" Length 38.9"" Hips 43.3"" 165-170cm. 55-60kg.
🌴XL(32/33) Waist 32.6"" Length 39.3"" Hips 44.4"" 165-173cm. 60-65kg.
🌴XXL(34/36) Waist 34.6"" Length 39.7"" Hips 46"" 170-175cm. 65-70kg.
🌴XXXL(38) Waist 36.6"" Length 40.1"" Hips 47.6"" 170-175cm. 70-80kg.",Material Quality: Goods | Colour: Goods | Appearance: Goods | Not wide leg enough,ph-11134103-7rasi-m7qe15rjed269d.webp.jpg,1
prod_13,High quality rubber shoes Black school shoes for boy and men's,"No in box
Welcome to the shop, our quality guarantee is cheap
EU  size                   36     37       38    39      40    41    42    43    44    45 
inner length (mm) 225  230   235   240   245   250  255  260  265  270
feet length (mm)  220  225  230  235   240   245    250   255   260  265
       width              8-8.5 /8.5/ 9/ 9-9.5 /9.5-10/10 /10-10.5/10.5/10.5-11/11
 NOTE: If your feet are wide and fat, please choose to place an order in one size larger
This shoe is made of rubber material and may be squeezed or deformed during transportation, but it does not affect wearing. You can soak the shoes in hot water for 5 minutes to restore them to their original shape.
happy shopping for you
✅EARN LOTS OF SHOPEE COINS
✅CASH ON DELIVERY
✅ON HAND AND READY TO SHIP
✅PAY TODAY SHIP TOMORROW
NOTE: WRONG PLACEMENT OF SHIPPING FEE WILL NOT BE PROCESS
DELIVERY PERIOD:
 1-2 days Metro Manila
 3-4 days Provincial
PLEASE READ CAREFULLY BEFORE PLACING AN ORDER/S ️
 ✔️ALL ITEMS ARE AVAILABLE UNLESS MARKED AS ""SOLD OUT""
✔CHOOSE THE CORRECT  IF THE ITEMS HAS DIFFERENT COLORS/PRINTS SO WE CAN AVOID MISTAKES
✔WE ACCEPT RETURNS IF THE ITEM IS NOT YET WORN OR USED. BUYER WILL SHOULDER THE RETURN SHIPPING COST
LIKE & FOLLOW US FOR UPDATES! 
HAPPY SHOPPING!",Appearance: good | Material Quality: good | Colour: black | Hindi pa din nag kasya sa anak ko na 9 yrs old ang sukat na size 39 😅😭😭😭 pwede kayang ppalitan iyon,ph-11134103-7r98o-ll2pudn1oc3kf1.jpg;ph-11134103-7r98o-ll2pudn1oc9z40.jpg;ph-11134103-7r98o-ll2pudnlnj1j2d.jpg,1
prod_18,POND'S Acne Clear Pore Conditioning Toner with Salicylic Acid and Tea Tree Oil for Anti Pimple 100ml,"Pond’s Acne Clear Pore Conditioning Toner cares for pores to give you clearer skin that is smooth and refined up close. It has Salicylic Acid and Tea Tree Oil that deeply cleans and unclogs pores, helping to reduce pimples for clearer skin. It also has Pore Tightening Essence that conditions pores for smooth and refined skin.",Effectiveness: Lessen pimples | Fragrance: Not that bad can use to it pag nasanay ka na | Texture: Smooth | Humiyang ako pamula nung nag Ponds products ako Buti na lng kc very sensitive ang skin and di afford mamahaling prooducts This one is very affordable loved it salamat sa freebie Thank you seller Unilever,79301c031444ce2178031a19eeb7f730.jpg;a93be4fae8656552d8a1206aa7bda73c.jpg;7757e52c5731cfb2dc8028e1abdca8ac.jpg,2
prod_03,"Cetaphil Gentle Skin Cleanser 59ml (For Sensitive Skin, Non-Drying Facial Wash, And Paraben Free)","Our best-selling gentle skin cleanser is clinically proven to actively hydrate while cleansing the skin, and defends against the five signs of skin sensitivity including dryness, irritation, roughness, toughness, and a weakened skin barrier
Our best-seller and fan favorite - a mild, non-irritating and soap-free formula that soothes skin as it cleanses. This award-winning cleanser is clinically proven to hydrate while cleansing, and helps to strengthen the skin&#39;s moisture barrier. It can be specifically used for everyday cleansing, and defends against the five signs of skin sensitivity - dryness, irritation, roughness, toughness, and weakened skin barrier. Non-comodogenic, fragrance-free, pH balanced, and dermatologically tested.
Cetaphil is the most prescribed skincare brand by dermatologists.
- Gentle, soap-free, non-irritating cleanser actively hydrates while cleansing
- Defends against the five signs of skin sensitivity, including dryness, irritation, roughness, tightness and weakened skin barrier
- Non-foaming cleanser can be used with or without water
- Suitable for all skin types, including dry and sensitive skin
- Dermatologist tested and clinically proven to be gentle on sensitive skin
- Fragrance free, hypoallergenic and non-comedogenic, so it won&#39;t irritate skin or clog pores
INGREDIENTS:
Aqua, Glycerin, Cetearyl Alcohol, Panthenol, Niacinamide, Pantolactone, Xanthan Gum, Sodium Cocoyl Isethionate, Sodium Benzoate, Citric Acid
Directions for Use:
With water: 
Apply cleanser and gentle massage into skin. Rinse.
Without water:
Apply a liberal amount of cleanser and gently massage into skin.
About the Brand:
Cetaphil is a gentle skincare brand that has been recommended by dermatologists for over 70 years, and is today used by millions of people with sensitive skin from all around the world. It offers a complete range of cleansers, moisturizers and sun protection ideal for face and body, providing gentle yet effective skincare formula to strengthen and protect even the most sensitive skin.
MOST PRESCRIBED SKINCARE BRAND
Cetaphil is the original sensitive cleanser recommended by dermatologists for over 70 years
CLINICALLY TESTED FOR SENSITIVE SKIN
Our soap-free, skin nourishing products will treat your skin without irritation and is hypoallergenic
DEFENDS AGAINST 5 SIGNS OF SENSITIVITY
Clinically proven to soothe, hydrate, and nourish sensitive skin",sakto lang,ph-11134103-7qukw-lj19spw8dwxy47.jpg,1
prod_04,Garnier Brightening Foam Facial Cleanser Skin care For Dark Spots Dull Skin Garnier Facial Wash 50ml,"WHAT IS IT
A gentle, easy to rinse foam with the power of Pure Lemon Extract to intensively cleanse and clear dullness.
 WHAT IT DOES
Cleanses and brightens skin.
 WHY IT'S PERFECT FOR YOU
Cleanse and clear away dullness with the power of pure lemon extract.
 HOW TO USE
Gently massage onto wet face while avoiding eye area. Rinse off with water. Use day and night as needed.
 CARE INSTRUCTIONS
Keep away from direct sunlight. Store at room temperature.
 INGREDIENTS
AQUA/WATER, GLYCERIN, MYRISTIC ACID, PAMITIC ACID, STEARIC ACID, GLYCERYL STEARATE, KAOLIN, BENZYL SALICYLATE, CITRUS MEDICA EXTRACT, LIMONENE, LINALOOL. METHYLISOTHIAZOLINONE, PEG-14M, TETRASODIUM EDTA, PARFUM/ FRAGRANCE (B45631/1)
Daytime Morning Regimen
STEP 1: REMOVE MAKEUP & IMPURITIES with the Garnier Vitamin C Micellar Water. Saturate a cotton pad with micellar water and gently wipe your face to remove dirt and excess oil.
STEP 2: CLEANSE your face with the Garnier Vitamin C Brightening Cleanser Foam OR Gel Cleanser Wash. Wet your face with water, apply a small amount of the cleanser, and massage in circular motions. Rinse thoroughly.
STEP 3: TREAT with the Garnier Vitamin C Booster Serum. Apply 3-4 drops of the serum all over your face in upward motion. Let it absorb fully before moving on to the next steps. This will help to fade dark spots in 3 days!
STEP 4: ENHANCE your skin with the Garnier Vitamin C Ampoule Serum. Apply a small amount of the ampoule serum on problem areas, or all over your face to fade hyperpigmentation, sunspots (pekas), melasma, and dark undereye circles.
STEP 5: MOISTURIZE with the Garnier Vitamin C Day Cream Moisturizer. Massage in upward circular motion all over your face, to lock in moisture and create a protective barrier on your skin.
STEP 6: PROTECT your skin from harmful UV rays with the Garnier Vitamin C UV Sunscreen. Apply a thin layer of sunscreen evenly on your face, at least 15 minutes before sun exposure. Reapply throughout the day for maximum sun protection.
Nighttime Evening Regimen
STEP 1: REMOVE MAKEUP & IMPURITIES with the Garnier Vitamin C Micellar Water. Saturate a cotton pad with micellar water and gently wipe your face to remove dirt and excess oil.
STEP 2: CLEANSE your face with the Garnier Vitamin C Brightening Cleanser Foam OR Gel Cleanser Wash. Wet your face with water, apply a small amount of the cleanser, and massage in circular motions. Rinse thoroughly.
STEP 3: TREAT with the Garnier 10% Pure Vitamin C Overnight Booster Serum. Apply 3-4 drops of the serum all over your face in upward motion to support overnight skin repair and recovery. all over your face in upward motion. Let it absorb fully before moving on to the next steps.
STEP 4: ENHANCE your skin with the Garnier Vitamin C Ampoule Serum. Apply a small amount of the ampoule serum on problem areas, or all over your face to fade hyperpigmentation, sunspots (pekas), melasma, and dark undereye circles.
STEP 5: REJUVENATE and nourish your skin with the Garnier Vitamin C Night Cream Moisturizer. Apply the night cream to lock in moisture for optimum repair and recovery especially during at night",Texture: good | Fragrance: good | Effectiveness: diko pa alam,ph-11134103-7r98o-ltytiala8mfd2f.jpg,1
prod_07,Inplay H20 RGB Wired Headset RGB Light Gaming Headset Headphones With Microphone For Pc Laptop,"Inplay Official Service Center Guranteed
6 Months Warranty Period
_______________________________________________________________________________________________________
SPECIFICATION
Brand: INPLAY
Model: H20
Color: Black / White
Warranty: 6 Months
Brand: INPLAY
Model: H30
Color: Balck / White
Warranty: 6 Months
Variation
Brand: Inplay
Model: HG710
Color: Black / White
Driver Diameter: 50mm
Impedance: 30Ω
Sensitivity: 107-113db
Frequency Response: 20hz-20khz
Light Effect: Colorful led light
Cable Length: 1.8m
Product Size:200*190*85mm
Product Weight: 257-277g
Warranty: 6 Months
Brand: INPLAY
Model: S500
Color: Balck
Warranty: 6 Months","Performance: 10/10 | Best Feature: clear microphone | Product Quality: good 9/10 | it’s just so sad hindi sya naka box and hindi na wrapped that much kaya nag bend. But overall okay naman performance & quality ng headset, performing very well naman and clear yung mic. Packaging lang talaga problem but will definitely order again from this shop😊",ph-11134103-81ztn-mh4jkhxfoe1b52.jpg;ph-11134103-81ztd-mh4jkhx86ozx48.jpg,2
prod_04,Garnier Brightening Foam Facial Cleanser Skin care For Dark Spots Dull Skin Garnier Facial Wash 50ml,"WHAT IS IT
A gentle, easy to rinse foam with the power of Pure Lemon Extract to intensively cleanse and clear dullness.
 WHAT IT DOES
Cleanses and brightens skin.
 WHY IT'S PERFECT FOR YOU
Cleanse and clear away dullness with the power of pure lemon extract.
 HOW TO USE
Gently massage onto wet face while avoiding eye area. Rinse off with water. Use day and night as needed.
 CARE INSTRUCTIONS
Keep away from direct sunlight. Store at room temperature.
 INGREDIENTS
AQUA/WATER, GLYCERIN, MYRISTIC ACID, PAMITIC ACID, STEARIC ACID, GLYCERYL STEARATE, KAOLIN, BENZYL SALICYLATE, CITRUS MEDICA EXTRACT, LIMONENE, LINALOOL. METHYLISOTHIAZOLINONE, PEG-14M, TETRASODIUM EDTA, PARFUM/ FRAGRANCE (B45631/1)
Daytime Morning Regimen
STEP 1: REMOVE MAKEUP & IMPURITIES with the Garnier Vitamin C Micellar Water. Saturate a cotton pad with micellar water and gently wipe your face to remove dirt and excess oil.
STEP 2: CLEANSE your face with the Garnier Vitamin C Brightening Cleanser Foam OR Gel Cleanser Wash. Wet your face with water, apply a small amount of the cleanser, and massage in circular motions. Rinse thoroughly.
STEP 3: TREAT with the Garnier Vitamin C Booster Serum. Apply 3-4 drops of the serum all over your face in upward motion. Let it absorb fully before moving on to the next steps. This will help to fade dark spots in 3 days!
STEP 4: ENHANCE your skin with the Garnier Vitamin C Ampoule Serum. Apply a small amount of the ampoule serum on problem areas, or all over your face to fade hyperpigmentation, sunspots (pekas), melasma, and dark undereye circles.
STEP 5: MOISTURIZE with the Garnier Vitamin C Day Cream Moisturizer. Massage in upward circular motion all over your face, to lock in moisture and create a protective barrier on your skin.
STEP 6: PROTECT your skin from harmful UV rays with the Garnier Vitamin C UV Sunscreen. Apply a thin layer of sunscreen evenly on your face, at least 15 minutes before sun exposure. Reapply throughout the day for maximum sun protection.
Nighttime Evening Regimen
STEP 1: REMOVE MAKEUP & IMPURITIES with the Garnier Vitamin C Micellar Water. Saturate a cotton pad with micellar water and gently wipe your face to remove dirt and excess oil.
STEP 2: CLEANSE your face with the Garnier Vitamin C Brightening Cleanser Foam OR Gel Cleanser Wash. Wet your face with water, apply a small amount of the cleanser, and massage in circular motions. Rinse thoroughly.
STEP 3: TREAT with the Garnier 10% Pure Vitamin C Overnight Booster Serum. Apply 3-4 drops of the serum all over your face in upward motion to support overnight skin repair and recovery. all over your face in upward motion. Let it absorb fully before moving on to the next steps.
STEP 4: ENHANCE your skin with the Garnier Vitamin C Ampoule Serum. Apply a small amount of the ampoule serum on problem areas, or all over your face to fade hyperpigmentation, sunspots (pekas), melasma, and dark undereye circles.
STEP 5: REJUVENATE and nourish your skin with the Garnier Vitamin C Night Cream Moisturizer. Apply the night cream to lock in moisture for optimum repair and recovery especially during at night","Fragrance: bango po, amoy na amoy yung lemon | 3 stars po muna, balikan po ito after ko gámitin, after a week. Will buy po ulit next time. Thanks",ph-11134103-7r98t-lt6lu7ky5flw99.jpg,1
prod_17,Baggy Jeans Korean Style Jeans pants for Men straight cut Men's denim pants for men wide leg pants comfortable pants,"🌴S(27/28) Waist 26.7"" Length 38.1"" Hips 40.1"" 150-160cm. 40-45kg.
🌴M(29/30) Waist 28.7"" Length 38.5"" Hips 41.7"" 160-165cm. 45-55kg.
🌴L(31) Waist 30.7"" Length 38.9"" Hips 43.3"" 165-170cm. 55-60kg.
🌴XL(32/33) Waist 32.6"" Length 39.3"" Hips 44.4"" 165-173cm. 60-65kg.
🌴XXL(34/36) Waist 34.6"" Length 39.7"" Hips 46"" 170-175cm. 65-70kg.
🌴XXXL(38) Waist 36.6"" Length 40.1"" Hips 47.6"" 170-175cm. 70-80kg.",Material Quality: soft | Appearance: same as the picture,ph-11134103-7rase-m8fugovrhsp99f@resize_w72_nl.webp.jpg,1
prod_10,Nvision 22 24 27 Inch IPS Monitor 100Hz/144Hz Framless FHD Gaming Monitor PC Laptop Monitor,"Nvision Frameless Flat Gaming Monitor
Energy Star Certified Monitor
Nvision Official Service Center Guranteed 
180 Days For Feplacement.
24 Months Warranty Period.
Specification:
___________________________________________________________________
Variation:
Model:  N2455PRO 24"" FHD
Color: Black/White
Display Size: 23.8""
Panel Type:  IPS
Refresh Rate: 100Hz
Response Time: 5Ms
Resolution: 1920*1080 Fhd
Brightness: 230Cd/m2
Contrast Ratio: 1000:1
Display Colors：16.7M
Viewing Angle：170(H) X 170(V)
Interface：HDMI*1 VGA*1,  DC input
Power Adaptor: AC220V, DC 12V/2.5A
Accessories: HDMI Cable *1, Metal Stand&Screw, Screw Driver, Instruction Manual, Warranty Card
Vesa Mount:  75mm * 75mm
___________________________________________________________________
Model:  N2455GT 24"" FHD
Color: Black/White
Display Size: 23.8""
Panel Type:  IPS
Refresh Rate: 144Hz
Response Time: 5Ms
Resolution: 1920*1080 Fhd
Brightness: 230Cd/m2
Contrast Ratio: 1000:1
Display Colors：16.7M
Viewing Angle：170(H) X 170(V)
Interface：HDMI*1 VGA*1,  DC input
Power Adaptor: AC220V, DC 12V/2.5A
Accessories: HDMI Cable *1, Metal Stand&Screw, Screw Driver, Instruction Manual, Warranty Card
Vesa Mount:  75mm * 75mm
___________________________________________________________________
Variation:
Model:  N2755PRO 27'' FHD
Color: Black/White
Display Size: 27''
Panel Type:  IPS
Refresh Rate: 100Hz
Response Time: 5Ms
Resolution: 1920*1080 Fhd
Brightness: 230cd/m2
Contrast Ratio: 1000:1
Display Colors：16.7M
Viewing Angle：170(H) X 170(V)
Interface：HDMI*1 VGA*1,  DC input
Power Adaptor: AC220V, DC 12V/2.5A
Accessories: HDMI Cable *1, Metal Stand&Screw, Screw Driver, Instruction Manual, Warranty Card
Vesa Mount:  75mm * 75mm
___________________________________________________________________
Variation:
Model:  N2255GP 22'' FHD
Color: Black/White
Display Size: 21.5''
Panel Type:  IPS
Refresh Rate: 120Hz
Response Time: 5Ms
Resolution: 1920*1080 Fhd
Brightness: 230cd/m2
Contrast Ratio: 1000:1
Display Colors：16.7M
Viewing Angle：170(H) X 170(V)
Interface：HDMI*1 VGA*1,  DC input
Power Adaptor: AC220V, DC 12V/2.5A
Accessories: HDMI Cable *1, Metal Stand&Screw, Screw Driver, Instruction Manual, Warranty Card
Vesa Mount:  75mm * 75mm
___________________________________________________________________
Model:  N2510 25"" FHD
Color: Black/White
Display Size: 24.5""
Panel Type: VA
Refresh Rate: 100Hz
Response Time: 5Ms
Resolution: 1920*1080P
Brightness: 250Cd/m2
Contrast Ratio: 1000:1
Display Colors：16.7M
Viewing Angle：170(H) X 170(V)
Interface：HDMI*1,VGA*1, DC Input*1
Power Adaptor: AC220V, DC 12V/2.5A
Package Size: 63*13*42cm
Weight: 4.5kg
Accessories: HDMI Cable *1, Metal Stand&Screw, Screw Driver, Instruction Manual, Warranty Card
Vesa Mount:  75mm * 75mm
___________________________________________________________________
Model:  Q2760 27"" QHD
Color: Black/White
Display Size: 27""
Panel Type: IPS
Refresh Rate: 100Hz
Response Time: 5Ms
Resolution: 2560*1440P
Speaker: Build-in Speaker
Brightness: 250Cd/m2
Contrast Ratio: 1000:1
Display Colors：16.7M
Viewing Angle：170(H) X 170(V)
Interface：HDMI*1, DP*1, Audio Out*1, DC Input*1
Power Adaptor: AC220V, DC 12V/2.5A
Package Size: 63*13*42cm
Weight: 4.5kg
Accessories: HDMI Cable *1, Metal Stand&Screw, Screw Driver, Instruction Manual, Warranty Card
Vesa Mount:  75mm * 75mm",There is a lot of bulk/dust on the socker for the stand. Just cleaned it base on the image. No screws included and manual have to buy. No rubber on the stand below. Was able to compare this because i have another purchase like this,ph-11134103-820lc-mn74obro6ww234.jpg;ph-11134103-820la-mn74obrznvuw21.jpg,0
prod_01,CCL PH USB Wired Gaming Mouse High Configuration with Backlight for PC & Laptop X1,"💯 High Quality
💯 Brand New
Easy to operate, USB plug and play, no driver needed. Anti-skid and waterproof design. ABS material, laser-etched, non-slip design, splash proof and durable.
Rainbow Color Backlight effects: bringing cool gaming experience, in particular increase gaming keys backlit effect and easy type in the dark.
Quickly control each function, ergonomic design, comfortable to operate.
Button service life: 5 million times
DPI adjustment provides 800/1200/1600 gear shift control for different games.
The smooth 3D roller with anti-skid scale grain ensures you to operate comfortably.
The buttons structure adopt precursor type streamline design provides excellent click sense.
Ergonomic design: perfect size fits naturally in your hand and provides comfortable touch feeling.
Product size: 12.3cm x 6.8cm  x 3.8cm (approx.)
🖌 FREE Shipping
🖌 Cash on Delivery (COD) is available       
🖌 Order Today Ship ASAP     
DELIVERY PERIOD:  
🚚 2-4 days Metro Manila
🚚 3-7 days Provincial
  ⚠️ Please CHOOSE THE CORRECT variation so we can avoid mistakes.
⚠️ If the item you received is defective, please contact us immediately. 
💡 Please leave us a positive feedback with 5 STARS ⭐️ ⭐️ ⭐️ ⭐️ ⭐️ if you are satisfied with our product and service. Your feedback will be much appreciated.
💡 Please contact us immediately before leaving any negative feedbacks or open a dispute on Shopee.",why naman di manlang po hiniwalay oh binalot sa plastik 😔 nabasa tuloy . di pa namin natatry yung mouse. pero sana okay sya 🙂,0ae2fb41a5c47aa5c8515e4483cf92cd.jpg,1
prod_05,Dermorepubliq 7% Glycolic Acid (AHA) Skin Renewing Toner,"This skin-renewing toner is perfect for improving dull, tired skin, it contains 7% Glycolic Acid, which sloughs off the outermost layer of the dead skin cells, revealing brighter and smoother skin.
Superstar herbs such as Centella Asiatica, Witch Hazel, Papaya, Cucumber, and Aloe Vera Extracts work synergistically for effective acne control and skin-soothing action.
Formulated with sensitive skin in mind, we made sure that this toner does not contain:
• Alcohol
• Sulfates
• Silicones
• Parabens
• Polymers
• Formaldehyde
• Artificial Colorants
• Artificial Scents
Ingredients List
Aqua, 7% Glycolic Acid (AHA), Aloe Barbadensis (Aloe Vera) Leaf Juice, Propylene Glycol, Glycerin, Sodium Hydroxide, Cucumis Sativus (Cucumber) Extract, Centella Asiatica (Gotu Kola) Extract, Carica Papaya (Papaya) Fruit Extract, Hamamelis Virginiana (Witch Hazel) Leaf Extract, Phenoxyethanol, Ethylhexylglycerin
pH 3.5 - 3.7
Dear valued customers,
We are excited to announce that Dermorepubliq is currently transitioning from using plastic shrink wraps to paper boxes as part of our commitment to reducing plastic pollution and protecting the environment. While this transition is underway, some of our products may still arrive with shrink wraps, but we are working hard to make paper boxes the new norm. We appreciate your support as we take this important step toward a more sustainable future.",User Tips: haven't tried yet | Benefits: clears the skin daw | Packaging: -1000/10 | Iba yung packaging ng pinadala sa advertised kaya nakaka-disappoint. Parang nag-downgrade naman hindi upgrade hays. Sana lang effective ito.,ph-11134103-7r992-lsdz7vl3uvp153.jpg;ph-11134103-7r98w-lsdz7vmrsfgk0a.jpg,0
prod_16,URBAN PIPE Fashionable Cargo Pants For Men 6 Pocket Drawstring Pant High Quality Bottoms 42917,"Discover the perfect blend of style and comfort with the URBAN PIPE Cargo Pants for Men. Designed for a modern urban look, these oversized pants feature multiple pockets and a versatile wide-leg design.
Functional Design: Equipped with 6 pockets for ample storage.
Stylish Fit: Oversized hip-hop style with wide-leg straight cut.
Adjustable Comfort: Drawstring waist for a customizable fit.
Add these trendy cargo pants to your wardrobe and elevate your casual outfits effortlessly!",Appearance: Okay | Colour: Okay | Material Quality: So-so | Product: Poor quality | Manipis sya for its price mas makapal pa yung mga cargo sa tiangge.,ph-11134103-81ztp-meejim9llbt3be.jpg,0
prod_08,Inplay S500 Wired RGB Gaming Headset With Mic Surround Sound Over Ear Headphone For PC Laptop,"Inplay Official Service Center Guranteed
Variation
Brand: Inplay
Model: S500
Driver Diameter: 50mm
Impedance: 32Ω@1KHZ
Sensitivity: 115-121db at 1KHZ 1mV
Frequency Response: 20hz-20khz
Light Effect: Colorful led light
Cable Length: 1.8m
Product Size:190*170*90mm
Product Weight: 228-248g
Warranty: 6 Months
Microphone Parameters
Sensitivity: -38-42dB@1KHz
Input mode: DC 3.5 plug
Signal to Noise Ratio: ≥60db
Frequency Response: 100Hz-8KHz",Product Quality: aight | Performance: aight | Best Feature: none | Aight,ph-11134103-7r98r-lwx14eb3fqld93.jpg,1
prod_04,Garnier Brightening Foam Facial Cleanser Skin care For Dark Spots Dull Skin Garnier Facial Wash 50ml,"WHAT IS IT
A gentle, easy to rinse foam with the power of Pure Lemon Extract to intensively cleanse and clear dullness.
 WHAT IT DOES
Cleanses and brightens skin.
 WHY IT'S PERFECT FOR YOU
Cleanse and clear away dullness with the power of pure lemon extract.
 HOW TO USE
Gently massage onto wet face while avoiding eye area. Rinse off with water. Use day and night as needed.
 CARE INSTRUCTIONS
Keep away from direct sunlight. Store at room temperature.
 INGREDIENTS
AQUA/WATER, GLYCERIN, MYRISTIC ACID, PAMITIC ACID, STEARIC ACID, GLYCERYL STEARATE, KAOLIN, BENZYL SALICYLATE, CITRUS MEDICA EXTRACT, LIMONENE, LINALOOL. METHYLISOTHIAZOLINONE, PEG-14M, TETRASODIUM EDTA, PARFUM/ FRAGRANCE (B45631/1)
Daytime Morning Regimen
STEP 1: REMOVE MAKEUP & IMPURITIES with the Garnier Vitamin C Micellar Water. Saturate a cotton pad with micellar water and gently wipe your face to remove dirt and excess oil.
STEP 2: CLEANSE your face with the Garnier Vitamin C Brightening Cleanser Foam OR Gel Cleanser Wash. Wet your face with water, apply a small amount of the cleanser, and massage in circular motions. Rinse thoroughly.
STEP 3: TREAT with the Garnier Vitamin C Booster Serum. Apply 3-4 drops of the serum all over your face in upward motion. Let it absorb fully before moving on to the next steps. This will help to fade dark spots in 3 days!
STEP 4: ENHANCE your skin with the Garnier Vitamin C Ampoule Serum. Apply a small amount of the ampoule serum on problem areas, or all over your face to fade hyperpigmentation, sunspots (pekas), melasma, and dark undereye circles.
STEP 5: MOISTURIZE with the Garnier Vitamin C Day Cream Moisturizer. Massage in upward circular motion all over your face, to lock in moisture and create a protective barrier on your skin.
STEP 6: PROTECT your skin from harmful UV rays with the Garnier Vitamin C UV Sunscreen. Apply a thin layer of sunscreen evenly on your face, at least 15 minutes before sun exposure. Reapply throughout the day for maximum sun protection.
Nighttime Evening Regimen
STEP 1: REMOVE MAKEUP & IMPURITIES with the Garnier Vitamin C Micellar Water. Saturate a cotton pad with micellar water and gently wipe your face to remove dirt and excess oil.
STEP 2: CLEANSE your face with the Garnier Vitamin C Brightening Cleanser Foam OR Gel Cleanser Wash. Wet your face with water, apply a small amount of the cleanser, and massage in circular motions. Rinse thoroughly.
STEP 3: TREAT with the Garnier 10% Pure Vitamin C Overnight Booster Serum. Apply 3-4 drops of the serum all over your face in upward motion to support overnight skin repair and recovery. all over your face in upward motion. Let it absorb fully before moving on to the next steps.
STEP 4: ENHANCE your skin with the Garnier Vitamin C Ampoule Serum. Apply a small amount of the ampoule serum on problem areas, or all over your face to fade hyperpigmentation, sunspots (pekas), melasma, and dark undereye circles.
STEP 5: REJUVENATE and nourish your skin with the Garnier Vitamin C Night Cream Moisturizer. Apply the night cream to lock in moisture for optimum repair and recovery especially during at night","Texture: ok nman | Effectiveness: itry p lang so wla pang rate, hoping effective s aking anak, ty | Fragrance: ok lng | Ang bilis ng delivery at n pack ng mhusay, Thank you delivery at ang bilis.",ph-11134103-7r98o-ltytiala8mfd2f.jpg,1
prod_01,CCL PH USB Wired Gaming Mouse High Configuration with Backlight for PC & Laptop X1,"💯 High Quality
💯 Brand New
Easy to operate, USB plug and play, no driver needed. Anti-skid and waterproof design. ABS material, laser-etched, non-slip design, splash proof and durable.
Rainbow Color Backlight effects: bringing cool gaming experience, in particular increase gaming keys backlit effect and easy type in the dark.
Quickly control each function, ergonomic design, comfortable to operate.
Button service life: 5 million times
DPI adjustment provides 800/1200/1600 gear shift control for different games.
The smooth 3D roller with anti-skid scale grain ensures you to operate comfortably.
The buttons structure adopt precursor type streamline design provides excellent click sense.
Ergonomic design: perfect size fits naturally in your hand and provides comfortable touch feeling.
Product size: 12.3cm x 6.8cm  x 3.8cm (approx.)
🖌 FREE Shipping
🖌 Cash on Delivery (COD) is available       
🖌 Order Today Ship ASAP     
DELIVERY PERIOD:  
🚚 2-4 days Metro Manila
🚚 3-7 days Provincial
  ⚠️ Please CHOOSE THE CORRECT variation so we can avoid mistakes.
⚠️ If the item you received is defective, please contact us immediately. 
💡 Please leave us a positive feedback with 5 STARS ⭐️ ⭐️ ⭐️ ⭐️ ⭐️ if you are satisfied with our product and service. Your feedback will be much appreciated.
💡 Please contact us immediately before leaving any negative feedbacks or open a dispute on Shopee.",Best Feature: maganda | Product Quality: quality | Performance: 9/10 | All goods,ph-11134103-7r98t-lmcpwdd017rj41.jpg;ph-11134103-7r98v-lmcpwdd02mbz01.jpg,2
prod_09,Jeep EW011 TWS True Wireless Bluetooth Earphones HiFi Sound Noise Cancellation HD Calls Earbuds,"Specification:
Brand: Jeep
Model: JP EW011
Wireless version: V5.3
Speaker size: Φ13mm
Sensitivity:118±3dB
Impedance: 250
Frequency response:50HZ-20KHZ
Cell voltage: 3.7V
Music playing time:About 4H (80% volume)
Standby time:About 50H
Charging time:About 2H
Headphone battery capacity: 30mAh/3.7V
Charging compartment battery capacity: 300mAh/3.7V
Product size:61.5x25x45.5mm
What's in the box
2 x Bluetooth Earphones
1 x Charging Case
1 x Charging Cable
1 x User Manual","Best Feature: Nothing special | Product Quality: 11 days ago na nabili ko itong product, humihina yung music hindi na pantay yung volume ng kaliwa at kanan na earbuds. hindi siya stable isuot sa ears kapag nasa labas ka na gamit tong earbuds parang mahuhulog siya so need mo pa iadjust para maayos isuot. Sound quality naman parang bumili kalang ng 150 pesos wired earphone. | Performance: Masyadong overhype, may mas better na brand sa presyo nitong jeep earbuds.",ph-11134103-7rasc-m1ej4s174ik98a.jpg,0
prod_04,Garnier Brightening Foam Facial Cleanser Skin care For Dark Spots Dull Skin Garnier Facial Wash 50ml,"WHAT IS IT
A gentle, easy to rinse foam with the power of Pure Lemon Extract to intensively cleanse and clear dullness.
 WHAT IT DOES
Cleanses and brightens skin.
 WHY IT'S PERFECT FOR YOU
Cleanse and clear away dullness with the power of pure lemon extract.
 HOW TO USE
Gently massage onto wet face while avoiding eye area. Rinse off with water. Use day and night as needed.
 CARE INSTRUCTIONS
Keep away from direct sunlight. Store at room temperature.
 INGREDIENTS
AQUA/WATER, GLYCERIN, MYRISTIC ACID, PAMITIC ACID, STEARIC ACID, GLYCERYL STEARATE, KAOLIN, BENZYL SALICYLATE, CITRUS MEDICA EXTRACT, LIMONENE, LINALOOL. METHYLISOTHIAZOLINONE, PEG-14M, TETRASODIUM EDTA, PARFUM/ FRAGRANCE (B45631/1)
Daytime Morning Regimen
STEP 1: REMOVE MAKEUP & IMPURITIES with the Garnier Vitamin C Micellar Water. Saturate a cotton pad with micellar water and gently wipe your face to remove dirt and excess oil.
STEP 2: CLEANSE your face with the Garnier Vitamin C Brightening Cleanser Foam OR Gel Cleanser Wash. Wet your face with water, apply a small amount of the cleanser, and massage in circular motions. Rinse thoroughly.
STEP 3: TREAT with the Garnier Vitamin C Booster Serum. Apply 3-4 drops of the serum all over your face in upward motion. Let it absorb fully before moving on to the next steps. This will help to fade dark spots in 3 days!
STEP 4: ENHANCE your skin with the Garnier Vitamin C Ampoule Serum. Apply a small amount of the ampoule serum on problem areas, or all over your face to fade hyperpigmentation, sunspots (pekas), melasma, and dark undereye circles.
STEP 5: MOISTURIZE with the Garnier Vitamin C Day Cream Moisturizer. Massage in upward circular motion all over your face, to lock in moisture and create a protective barrier on your skin.
STEP 6: PROTECT your skin from harmful UV rays with the Garnier Vitamin C UV Sunscreen. Apply a thin layer of sunscreen evenly on your face, at least 15 minutes before sun exposure. Reapply throughout the day for maximum sun protection.
Nighttime Evening Regimen
STEP 1: REMOVE MAKEUP & IMPURITIES with the Garnier Vitamin C Micellar Water. Saturate a cotton pad with micellar water and gently wipe your face to remove dirt and excess oil.
STEP 2: CLEANSE your face with the Garnier Vitamin C Brightening Cleanser Foam OR Gel Cleanser Wash. Wet your face with water, apply a small amount of the cleanser, and massage in circular motions. Rinse thoroughly.
STEP 3: TREAT with the Garnier 10% Pure Vitamin C Overnight Booster Serum. Apply 3-4 drops of the serum all over your face in upward motion to support overnight skin repair and recovery. all over your face in upward motion. Let it absorb fully before moving on to the next steps.
STEP 4: ENHANCE your skin with the Garnier Vitamin C Ampoule Serum. Apply a small amount of the ampoule serum on problem areas, or all over your face to fade hyperpigmentation, sunspots (pekas), melasma, and dark undereye circles.
STEP 5: REJUVENATE and nourish your skin with the Garnier Vitamin C Night Cream Moisturizer. Apply the night cream to lock in moisture for optimum repair and recovery especially during at night","Hello seller, bakit iba na ngayon ang ipinadala mo ang baho. Iba pati ang hitsura kaysa noong una kong bili, parang fake ito. Sana lang hindi ito nakakasira ng balat. Nadismaya lang ako wala din sa box di kagaya nung una kong bili. Hays nakakainis. Ayaw ko ng bumili pag ganyan pinadala niyo ibang iba sa pic at sa una kong bili. Sa halip na irekomenda ko ay hindi nalang. Sa mall nalang ako bibili at mga friends ko.",ph-11134103-7r98x-lyqa7osp8kfu19.jpg;ph-11134103-7r992-lyqab5n2jloa06.jpg,0
prod_16,URBAN PIPE Fashionable Cargo Pants For Men 6 Pocket Drawstring Pant High Quality Bottoms 42917,"Discover the perfect blend of style and comfort with the URBAN PIPE Cargo Pants for Men. Designed for a modern urban look, these oversized pants feature multiple pockets and a versatile wide-leg design.
Functional Design: Equipped with 6 pockets for ample storage.
Stylish Fit: Oversized hip-hop style with wide-leg straight cut.
Adjustable Comfort: Drawstring waist for a customizable fit.
Add these trendy cargo pants to your wardrobe and elevate your casual outfits effortlessly!",Mabilis dumting tama yung size sakto sa anak ko. Maganda quality ayos din haba. thank you sa shop and kay kuya rider for fast and safe delivery,ph-11134103-7ra0g-mbnu3bq4itw0a0.jpg,2
prod_13,High quality rubber shoes Black school shoes for boy and men's,"No in box
Welcome to the shop, our quality guarantee is cheap
EU  size                   36     37       38    39      40    41    42    43    44    45 
inner length (mm) 225  230   235   240   245   250  255  260  265  270
feet length (mm)  220  225  230  235   240   245    250   255   260  265
       width              8-8.5 /8.5/ 9/ 9-9.5 /9.5-10/10 /10-10.5/10.5/10.5-11/11
 NOTE: If your feet are wide and fat, please choose to place an order in one size larger
This shoe is made of rubber material and may be squeezed or deformed during transportation, but it does not affect wearing. You can soak the shoes in hot water for 5 minutes to restore them to their original shape.
happy shopping for you
✅EARN LOTS OF SHOPEE COINS
✅CASH ON DELIVERY
✅ON HAND AND READY TO SHIP
✅PAY TODAY SHIP TOMORROW
NOTE: WRONG PLACEMENT OF SHIPPING FEE WILL NOT BE PROCESS
DELIVERY PERIOD:
 1-2 days Metro Manila
 3-4 days Provincial
PLEASE READ CAREFULLY BEFORE PLACING AN ORDER/S ️
 ✔️ALL ITEMS ARE AVAILABLE UNLESS MARKED AS ""SOLD OUT""
✔CHOOSE THE CORRECT  IF THE ITEMS HAS DIFFERENT COLORS/PRINTS SO WE CAN AVOID MISTAKES
✔WE ACCEPT RETURNS IF THE ITEM IS NOT YET WORN OR USED. BUYER WILL SHOULDER THE RETURN SHIPPING COST
LIKE & FOLLOW US FOR UPDATES! 
HAPPY SHOPPING!",Colour: black | Material Quality: goods | Appearance: maganda sya goma saktong sakto sa paa nya,ph-11134103-7r98x-lpwxdmp50bej0d.jpg,0
prod_11,ICON Webcam 2K/ 1080P/ 720P Full HD Video Call For PC Laptop With Microphone Home USB Video Webcam,"Name: ICON 1080X1920P Webcam 2K
8 million high-definition image sensor, effective resolution 1920*1080
Main control chip: Lingtong GP2247
Camera chip: F37
Camera physical pixels: 800W
Camera angle: 90 degrees
Microphone: built-in noise reduction microphone
Drive type: free drive (plug and play)
Interface type: USB 2.0 (built-in mark)
USB cable length: 140cm
Camera chip size: 1/4'' CMOS
---------------------------------------------------------------------------------------------------------------------------------------------------------
Name: ICON webcam 720P
5 million high-definition image sensor, effective resolution 1280*720
Main control chip: Lingtong GP2247
Camera chip: F37
Camera physical pixels: 500W
Camera angle: 90 degrees
Microphone: built-in noise reduction microphone
Drive type: free drive (plug and play)
Interface type: USB 2.0 (built-in mark)
USB cable length: 140cm
Camera chip size: 1/4'' CMOS
---------------------------------------------------------------------------------------------------------------------------------------------------------
Name: ICON webcam 1080P
5 million high-definition image sensor, effective resolution 1920X1080
Main control chip: Lingtong GP2247
Camera chip: F37
Camera physical pixels: 800W
Camera angle: 90 degrees
Microphone: built-in noise reduction microphone
Drive type: free drive (plug and play)
Interface type: USB 2.0 (built-in mark)
USB cable length: 140cm
Camera chip size: 1/4'' CMOS
warranty service
Replacement within 15 days: Within 15 days after the receipt of the product, if there is a product quality problem that is not artificially damaged, you can contact customer service and we will provide replacement services.
1 year warranty: From the date of receipt of the product, if there is a hardware failure problem under normal use, non-artificial damage, any natural disasters. Free warranty for one year.
Lifetime technical maintenance: After purchasing the product, you can enjoy free lifetime technical consulting services provided by engineers
About shipping: If there is a quality problem within 1 month of purchasing the product, the shipping will be borne by each other.
After one month to one year, the return shipping fee shall be borne by the customer.",Value For Money: pwede na | Product Quality: pwede na | Best Feature: I don't know | Sobrang lapit ng ratio.. Need malakas ung ilaw para klaro ung mukha mo. Mas ok pa ung old ko na Cam.. Not satisfied..,ph-11134103-7r991-m084pcbanev818.jpg,1
prod_18,POND'S Acne Clear Pore Conditioning Toner with Salicylic Acid and Tea Tree Oil for Anti Pimple 100ml,"Pond’s Acne Clear Pore Conditioning Toner cares for pores to give you clearer skin that is smooth and refined up close. It has Salicylic Acid and Tea Tree Oil that deeply cleans and unclogs pores, helping to reduce pimples for clearer skin. It also has Pore Tightening Essence that conditions pores for smooth and refined skin.","Items came with leaks, spread all over inside the box. Requested a refund but required items to be return. I only requested for 1 item but still needs to be returned. Amount is Not worthy of the inconvenience you are giving. Plus, never got a reply when trying to contact. Such a lousy company!",72fdb541e2444b73025a22bf5ba59fa9.jpg,0
prod_14,2022 Chinese Collar Polo for Men Long/Short Sleeves Full Buttons Cotton Korean Shirt,"Color: White, Black, Cream, Navy Blue
Size: M, L, XL，XXL
Material: Cotton
Pattern: Plain
Fit Type: Regular Fit
Style: Casual, Fashion
Thickness: Regular
Length: Regular
Decorations: Buttons
Season: Summer
Collar: Chinese Collar",Appearance: manipis ang tela | Colour: beige and green | Goods naman kaso lang malaki sa hubby ko and s anak ko.. medium cguro kasya s 155cm. Dpende kc anak ko payat lang,ph-11134103-7r98x-lph41g9pmui140.jpg;ph-11134103-7r98y-lph41g9po92h2e.jpg,1
prod_09,Jeep EW011 TWS True Wireless Bluetooth Earphones HiFi Sound Noise Cancellation HD Calls Earbuds,"Specification:
Brand: Jeep
Model: JP EW011
Wireless version: V5.3
Speaker size: Φ13mm
Sensitivity:118±3dB
Impedance: 250
Frequency response:50HZ-20KHZ
Cell voltage: 3.7V
Music playing time:About 4H (80% volume)
Standby time:About 50H
Charging time:About 2H
Headphone battery capacity: 30mAh/3.7V
Charging compartment battery capacity: 300mAh/3.7V
Product size:61.5x25x45.5mm
What's in the box
2 x Bluetooth Earphones
1 x Charging Case
1 x Charging Cable
1 x User Manual","Product: Poor quality, Defective/Damaged Item | Deffectice item after ma lowbatt di na maicharge trinay na lahat ng type c charger ayaw tlga sayang pera nakakainis report dapt shop na to",ph-11134103-81zte-mgzdepjl7t3e7d.jpg,0
prod_05,Dermorepubliq 7% Glycolic Acid (AHA) Skin Renewing Toner,"This skin-renewing toner is perfect for improving dull, tired skin, it contains 7% Glycolic Acid, which sloughs off the outermost layer of the dead skin cells, revealing brighter and smoother skin.
Superstar herbs such as Centella Asiatica, Witch Hazel, Papaya, Cucumber, and Aloe Vera Extracts work synergistically for effective acne control and skin-soothing action.
Formulated with sensitive skin in mind, we made sure that this toner does not contain:
• Alcohol
• Sulfates
• Silicones
• Parabens
• Polymers
• Formaldehyde
• Artificial Colorants
• Artificial Scents
Ingredients List
Aqua, 7% Glycolic Acid (AHA), Aloe Barbadensis (Aloe Vera) Leaf Juice, Propylene Glycol, Glycerin, Sodium Hydroxide, Cucumis Sativus (Cucumber) Extract, Centella Asiatica (Gotu Kola) Extract, Carica Papaya (Papaya) Fruit Extract, Hamamelis Virginiana (Witch Hazel) Leaf Extract, Phenoxyethanol, Ethylhexylglycerin
pH 3.5 - 3.7
Dear valued customers,
We are excited to announce that Dermorepubliq is currently transitioning from using plastic shrink wraps to paper boxes as part of our commitment to reducing plastic pollution and protecting the environment. While this transition is underway, some of our products may still arrive with shrink wraps, but we are working hard to make paper boxes the new norm. We appreciate your support as we take this important step toward a more sustainable future.","Welcome to Gboard clipboard, any text you copy will be saved here.Tap on a clip to paste it in the text box.Use the edit icon to pin, add or delete clips.",ph-11134103-7rasl-m9yi1bkebv7we0.jpg,1
prod_13,High quality rubber shoes Black school shoes for boy and men's,"No in box
Welcome to the shop, our quality guarantee is cheap
EU  size                   36     37       38    39      40    41    42    43    44    45 
inner length (mm) 225  230   235   240   245   250  255  260  265  270
feet length (mm)  220  225  230  235   240   245    250   255   260  265
       width              8-8.5 /8.5/ 9/ 9-9.5 /9.5-10/10 /10-10.5/10.5/10.5-11/11
 NOTE: If your feet are wide and fat, please choose to place an order in one size larger
This shoe is made of rubber material and may be squeezed or deformed during transportation, but it does not affect wearing. You can soak the shoes in hot water for 5 minutes to restore them to their original shape.
happy shopping for you
✅EARN LOTS OF SHOPEE COINS
✅CASH ON DELIVERY
✅ON HAND AND READY TO SHIP
✅PAY TODAY SHIP TOMORROW
NOTE: WRONG PLACEMENT OF SHIPPING FEE WILL NOT BE PROCESS
DELIVERY PERIOD:
 1-2 days Metro Manila
 3-4 days Provincial
PLEASE READ CAREFULLY BEFORE PLACING AN ORDER/S ️
 ✔️ALL ITEMS ARE AVAILABLE UNLESS MARKED AS ""SOLD OUT""
✔CHOOSE THE CORRECT  IF THE ITEMS HAS DIFFERENT COLORS/PRINTS SO WE CAN AVOID MISTAKES
✔WE ACCEPT RETURNS IF THE ITEM IS NOT YET WORN OR USED. BUYER WILL SHOULDER THE RETURN SHIPPING COST
LIKE & FOLLOW US FOR UPDATES! 
HAPPY SHOPPING!","Appearance: nice | Colour: black | Material Quality: good | Got my purchase in good condition and right size. Well packaged and delivered fast. Looks like leather but it is rubber, light weight and shiny. Good quality for cheap price.",ph-11134103-7r98q-lqsn8jzurfbj9b.jpg;ph-11134103-7r991-lqsn8jzkruez43.jpg;ph-11134103-7r98x-lqsn8k0ypsun29.jpg,2
prod_02,Luxe Organix Whitening Repair Ultra Light Glow Cleanser 150ml,"Evens out skin tone, lighten scars and dark spots, brighten skin
LUXE ORGANIX WHITENING REPAIR GENTLE FOAM CLEANSER IS MADE WITH NIACINAMIDE AND LICORICE ROOT EXTRACT TO REDUCE APPEARANCE OF HYPERPGMENTATION. ENLARGED PORES AND EXCESS OIL. IT LIGHTENS SKIN AND EVENS OUT SKIN TONE LEAVING YOU WITH A FRESH AND NATURAL GLOW.
HOW TO USE: SQUEEZE A PEA SIZED AMOUNT ONTO HANDS, GENTLY MASSAGE INTO DAMP FACE IN CIRCULAR MOTIONS, AVOIDING THE EYE AREA. RINSE THROUGHLY WITH WATER.CAUTION: FOR EXTERNAL USE ONLY. AVOID CONTACT WITH EYES. CONDUCT A SKIN TEST FIRST. STOP USING AND CONSULT A DOCTOR IF SKIN BECOMES RED, SWOLLEN AND ITCHYDURING USE. KEEP OUT OF REACH OF CHILDREN. STORE AT ROOM TEMPERATURE.
INGREDIENTS: WATER, MYRISTIC ACID, GLYCERIN, POTASSIUM HYDROXIDE, PALMITIC ACID, STEARID ACID, LAURAMIDE DEA, SODIUM LAURETH SULFATE, COCAMIDOPROPYL BETAINE, GLYCERYL STEARATE, BENZYL GLYCOL, PEG-100 STEARATE, NIACINAMIDE, GLYCYRRHIZA GLABRA (LICORICE) ROOT EXTRACT, SODIUM CHLORIDE, BUTYLENE GLYCOL, 1,2- HEXANEDIOL, GLYCOL DISTEARATE, RASPBERRY KETONE, CARBOMER, DISODIUM EDTA, LAURIC ACID, ETHYLHEXYLGLYCERIN, CITRIC ACID, SODIUM CARBONATE, FRAGRANCE.",Fragrance: may scent pero di overpowered | Effectiveness: saks lang | Texture: foam | Using this product for days and I say hindi siya hiyang for me (I have sensitive-combo skin) kasi stripping siya and not a fan of any fragrance. Thought this will work wonders for my skin since favorite ko yung cica cleanser nila kaso hindi talaga.,ph-11134103-7r98s-lq1kfjsif6fj7c.jpg,0
prod_04,Garnier Brightening Foam Facial Cleanser Skin care For Dark Spots Dull Skin Garnier Facial Wash 50ml,"WHAT IS IT
A gentle, easy to rinse foam with the power of Pure Lemon Extract to intensively cleanse and clear dullness.
 WHAT IT DOES
Cleanses and brightens skin.
 WHY IT'S PERFECT FOR YOU
Cleanse and clear away dullness with the power of pure lemon extract.
 HOW TO USE
Gently massage onto wet face while avoiding eye area. Rinse off with water. Use day and night as needed.
 CARE INSTRUCTIONS
Keep away from direct sunlight. Store at room temperature.
 INGREDIENTS
AQUA/WATER, GLYCERIN, MYRISTIC ACID, PAMITIC ACID, STEARIC ACID, GLYCERYL STEARATE, KAOLIN, BENZYL SALICYLATE, CITRUS MEDICA EXTRACT, LIMONENE, LINALOOL. METHYLISOTHIAZOLINONE, PEG-14M, TETRASODIUM EDTA, PARFUM/ FRAGRANCE (B45631/1)
Daytime Morning Regimen
STEP 1: REMOVE MAKEUP & IMPURITIES with the Garnier Vitamin C Micellar Water. Saturate a cotton pad with micellar water and gently wipe your face to remove dirt and excess oil.
STEP 2: CLEANSE your face with the Garnier Vitamin C Brightening Cleanser Foam OR Gel Cleanser Wash. Wet your face with water, apply a small amount of the cleanser, and massage in circular motions. Rinse thoroughly.
STEP 3: TREAT with the Garnier Vitamin C Booster Serum. Apply 3-4 drops of the serum all over your face in upward motion. Let it absorb fully before moving on to the next steps. This will help to fade dark spots in 3 days!
STEP 4: ENHANCE your skin with the Garnier Vitamin C Ampoule Serum. Apply a small amount of the ampoule serum on problem areas, or all over your face to fade hyperpigmentation, sunspots (pekas), melasma, and dark undereye circles.
STEP 5: MOISTURIZE with the Garnier Vitamin C Day Cream Moisturizer. Massage in upward circular motion all over your face, to lock in moisture and create a protective barrier on your skin.
STEP 6: PROTECT your skin from harmful UV rays with the Garnier Vitamin C UV Sunscreen. Apply a thin layer of sunscreen evenly on your face, at least 15 minutes before sun exposure. Reapply throughout the day for maximum sun protection.
Nighttime Evening Regimen
STEP 1: REMOVE MAKEUP & IMPURITIES with the Garnier Vitamin C Micellar Water. Saturate a cotton pad with micellar water and gently wipe your face to remove dirt and excess oil.
STEP 2: CLEANSE your face with the Garnier Vitamin C Brightening Cleanser Foam OR Gel Cleanser Wash. Wet your face with water, apply a small amount of the cleanser, and massage in circular motions. Rinse thoroughly.
STEP 3: TREAT with the Garnier 10% Pure Vitamin C Overnight Booster Serum. Apply 3-4 drops of the serum all over your face in upward motion to support overnight skin repair and recovery. all over your face in upward motion. Let it absorb fully before moving on to the next steps.
STEP 4: ENHANCE your skin with the Garnier Vitamin C Ampoule Serum. Apply a small amount of the ampoule serum on problem areas, or all over your face to fade hyperpigmentation, sunspots (pekas), melasma, and dark undereye circles.
STEP 5: REJUVENATE and nourish your skin with the Garnier Vitamin C Night Cream Moisturizer. Apply the night cream to lock in moisture for optimum repair and recovery especially during at night",Fragrance: ok siya | Effectiveness: dh ako sure kasi kaka use ko lang. | Texture: good | Sorry natagalan mag review due to the some problem of internet saka busy din.,ph-11134103-7r98o-ltytiala8mfd2f.jpg,1
prod_14,2022 Chinese Collar Polo for Men Long/Short Sleeves Full Buttons Cotton Korean Shirt,"Color: White, Black, Cream, Navy Blue
Size: M, L, XL，XXL
Material: Cotton
Pattern: Plain
Fit Type: Regular Fit
Style: Casual, Fashion
Thickness: Regular
Length: Regular
Decorations: Buttons
Season: Summer
Collar: Chinese Collar",bro chill out bruhhhh pwede na to,ph-11134103-7r98s-lpn50fszpgqk94.jpg,1
prod_03,"Cetaphil Gentle Skin Cleanser 59ml (For Sensitive Skin, Non-Drying Facial Wash, And Paraben Free)","Our best-selling gentle skin cleanser is clinically proven to actively hydrate while cleansing the skin, and defends against the five signs of skin sensitivity including dryness, irritation, roughness, toughness, and a weakened skin barrier
Our best-seller and fan favorite - a mild, non-irritating and soap-free formula that soothes skin as it cleanses. This award-winning cleanser is clinically proven to hydrate while cleansing, and helps to strengthen the skin&#39;s moisture barrier. It can be specifically used for everyday cleansing, and defends against the five signs of skin sensitivity - dryness, irritation, roughness, toughness, and weakened skin barrier. Non-comodogenic, fragrance-free, pH balanced, and dermatologically tested.
Cetaphil is the most prescribed skincare brand by dermatologists.
- Gentle, soap-free, non-irritating cleanser actively hydrates while cleansing
- Defends against the five signs of skin sensitivity, including dryness, irritation, roughness, tightness and weakened skin barrier
- Non-foaming cleanser can be used with or without water
- Suitable for all skin types, including dry and sensitive skin
- Dermatologist tested and clinically proven to be gentle on sensitive skin
- Fragrance free, hypoallergenic and non-comedogenic, so it won&#39;t irritate skin or clog pores
INGREDIENTS:
Aqua, Glycerin, Cetearyl Alcohol, Panthenol, Niacinamide, Pantolactone, Xanthan Gum, Sodium Cocoyl Isethionate, Sodium Benzoate, Citric Acid
Directions for Use:
With water: 
Apply cleanser and gentle massage into skin. Rinse.
Without water:
Apply a liberal amount of cleanser and gently massage into skin.
About the Brand:
Cetaphil is a gentle skincare brand that has been recommended by dermatologists for over 70 years, and is today used by millions of people with sensitive skin from all around the world. It offers a complete range of cleansers, moisturizers and sun protection ideal for face and body, providing gentle yet effective skincare formula to strengthen and protect even the most sensitive skin.
MOST PRESCRIBED SKINCARE BRAND
Cetaphil is the original sensitive cleanser recommended by dermatologists for over 70 years
CLINICALLY TESTED FOR SENSITIVE SKIN
Our soap-free, skin nourishing products will treat your skin without irritation and is hypoallergenic
DEFENDS AGAINST 5 SIGNS OF SENSITIVITY
Clinically proven to soothe, hydrate, and nourish sensitive skin",Packaging: nice packaging | Benefits: for sensitive skin | Usage Experience: morning and evening usage | received in good condition! well packed!,ph-11134103-7ra0p-mbxj15jcowr472.jpg,2
prod_14,2022 Chinese Collar Polo for Men Long/Short Sleeves Full Buttons Cotton Korean Shirt,"Color: White, Black, Cream, Navy Blue
Size: M, L, XL，XXL
Material: Cotton
Pattern: Plain
Fit Type: Regular Fit
Style: Casual, Fashion
Thickness: Regular
Length: Regular
Decorations: Buttons
Season: Summer
Collar: Chinese Collar",Material Quality: Maganda yung tela hindi mainit | Appearance: Pleasing to the eyes. nakakasosyal | Colour: Black 9/10. hindi sya sobrang black talaga | Maganda naman yung item. Nagamit namin sa shoot. Salamat po,ph-11134103-7r98s-lokzhea30tolee.jpg,2
prod_06,Baseus H19 Wired Earphones 6D Stereo Bass Headphone In-Ear 3.5mm Headset with MIC,"Hey~ Welcome to Baseus Flagship Official Store!!! Please read the product description clearly,choose u need.Most items have ready stocks! Enjoy~
 ❥Package:
1*H19 3.5mm wired earphone
❥Specifications:
Brand: Baseus
Length:1.2m
❥Feature:
1. Inclined in the ear design, comfortable to wear all day.
2. Φ 14 mm moving coil + PU composite diaphragm, 6 d sound quality,
3. Thin wire control design, sensitive keys, durable
4. Built-in HD microphone, high restoration degree,
5. TPE pattern wire, soft and anti-winding
6. Support all devices with 3.5mm interface",Best Feature: the wire | Product Quality: average at best | Performance: below average | Sound quality is below average. Comparable to free earphones you get when buying a smartphone. The only thing its good at is for calls. If you're into music better skip this one and get a decent branded earphones.,919a9bc33bcb4bb9ccaedd3958d54dbe.jpg,0
prod_15,Infinitee Japanese Inspired Oversized T Shirt For Men Women Oversize Plus Size Tshirt Top Tops Tees,"Premium Quality Cotton T-Shirt
✔ 100% Brand New
✔ Material: Cotton-blend
✔ Fit: Loose Fit
✔ Style: Casual
✔ Fabric Density: 200 gsm
✔ Comfortable and Long-Wearing
✔ Asian Size
📏 Please refer to the Size Chart for accurate measurements.
🧺 Care Instructions:
• Do not bleach
• Do not dry clean
⚠️ Note: Color may appear slightly lighter or darker due to lighting.","Material Quality: Cotton | Appearance: Minimalist | Colour: Vibrant | Will definitely order for more prints, love it. Thank you so much! 🤍",ph-11134103-7qul5-lkaichtsyrzy57.jpg;ph-11134103-7qul0-lkaichtiz6m653.jpg;ph-11134103-7qukx-lkaichtiz6bwf3.jpg;ph-11134103-7qul0-lkaichtjemks96.jpg,2
prod_08,Inplay S500 Wired RGB Gaming Headset With Mic Surround Sound Over Ear Headphone For PC Laptop,"Inplay Official Service Center Guranteed
Variation
Brand: Inplay
Model: S500
Driver Diameter: 50mm
Impedance: 32Ω@1KHZ
Sensitivity: 115-121db at 1KHZ 1mV
Frequency Response: 20hz-20khz
Light Effect: Colorful led light
Cable Length: 1.8m
Product Size:190*170*90mm
Product Weight: 228-248g
Warranty: 6 Months
Microphone Parameters
Sensitivity: -38-42dB@1KHz
Input mode: DC 3.5 plug
Signal to Noise Ratio: ≥60db
Frequency Response: 100Hz-8KHz","Product Quality: Maayos naman ang design | Best Feature: design | Performance: Mahina ang tunog, pati mic ang hina low quality | Product Quality:Maayos naman ang design Best Feature:idk Performance:Mahina ang tunog",ph-11134103-7ras9-m9ebk8d9vmou04.jpg,0
prod_05,Dermorepubliq 7% Glycolic Acid (AHA) Skin Renewing Toner,"This skin-renewing toner is perfect for improving dull, tired skin, it contains 7% Glycolic Acid, which sloughs off the outermost layer of the dead skin cells, revealing brighter and smoother skin.
Superstar herbs such as Centella Asiatica, Witch Hazel, Papaya, Cucumber, and Aloe Vera Extracts work synergistically for effective acne control and skin-soothing action.
Formulated with sensitive skin in mind, we made sure that this toner does not contain:
• Alcohol
• Sulfates
• Silicones
• Parabens
• Polymers
• Formaldehyde
• Artificial Colorants
• Artificial Scents
Ingredients List
Aqua, 7% Glycolic Acid (AHA), Aloe Barbadensis (Aloe Vera) Leaf Juice, Propylene Glycol, Glycerin, Sodium Hydroxide, Cucumis Sativus (Cucumber) Extract, Centella Asiatica (Gotu Kola) Extract, Carica Papaya (Papaya) Fruit Extract, Hamamelis Virginiana (Witch Hazel) Leaf Extract, Phenoxyethanol, Ethylhexylglycerin
pH 3.5 - 3.7
Dear valued customers,
We are excited to announce that Dermorepubliq is currently transitioning from using plastic shrink wraps to paper boxes as part of our commitment to reducing plastic pollution and protecting the environment. While this transition is underway, some of our products may still arrive with shrink wraps, but we are working hard to make paper boxes the new norm. We appreciate your support as we take this important step toward a more sustainable future.","Dermorepublique Glycolic Acid is a solid pick for smoother, brighter skin. It gently exfoliates without causing irritation, making it great for beginners and sensitive skin types. After consistent use, I noticed a visible glow and lighter dark spots. It’s lightweight, absorbs quickly, and layers well with other skincare. One star off because the bottle is small for the price, and results take time. Still, it’s effective and worth trying if you’re looking to level up your skincare routine. Just remember to wear sunscreen daily! 4/5.",ph-11134103-7ra0q-mc6858g8z4u3e6.jpg,0
prod_17,Baggy Jeans Korean Style Jeans pants for Men straight cut Men's denim pants for men wide leg pants comfortable pants,"🌴S(27/28) Waist 26.7"" Length 38.1"" Hips 40.1"" 150-160cm. 40-45kg.
🌴M(29/30) Waist 28.7"" Length 38.5"" Hips 41.7"" 160-165cm. 45-55kg.
🌴L(31) Waist 30.7"" Length 38.9"" Hips 43.3"" 165-170cm. 55-60kg.
🌴XL(32/33) Waist 32.6"" Length 39.3"" Hips 44.4"" 165-173cm. 60-65kg.
🌴XXL(34/36) Waist 34.6"" Length 39.7"" Hips 46"" 170-175cm. 65-70kg.
🌴XXXL(38) Waist 36.6"" Length 40.1"" Hips 47.6"" 170-175cm. 70-80kg.","Appearance: 10/10 | Material Quality: 9/10 | Colour: 10/10 | Ok naman siya, sana Large nalang pinili ko",ph-11134103-7rase-m8fugovrhsp99f@resize_w72_nl.webp.jpg,1
prod_04,Garnier Brightening Foam Facial Cleanser Skin care For Dark Spots Dull Skin Garnier Facial Wash 50ml,"WHAT IS IT
A gentle, easy to rinse foam with the power of Pure Lemon Extract to intensively cleanse and clear dullness.
 WHAT IT DOES
Cleanses and brightens skin.
 WHY IT'S PERFECT FOR YOU
Cleanse and clear away dullness with the power of pure lemon extract.
 HOW TO USE
Gently massage onto wet face while avoiding eye area. Rinse off with water. Use day and night as needed.
 CARE INSTRUCTIONS
Keep away from direct sunlight. Store at room temperature.
 INGREDIENTS
AQUA/WATER, GLYCERIN, MYRISTIC ACID, PAMITIC ACID, STEARIC ACID, GLYCERYL STEARATE, KAOLIN, BENZYL SALICYLATE, CITRUS MEDICA EXTRACT, LIMONENE, LINALOOL. METHYLISOTHIAZOLINONE, PEG-14M, TETRASODIUM EDTA, PARFUM/ FRAGRANCE (B45631/1)
Daytime Morning Regimen
STEP 1: REMOVE MAKEUP & IMPURITIES with the Garnier Vitamin C Micellar Water. Saturate a cotton pad with micellar water and gently wipe your face to remove dirt and excess oil.
STEP 2: CLEANSE your face with the Garnier Vitamin C Brightening Cleanser Foam OR Gel Cleanser Wash. Wet your face with water, apply a small amount of the cleanser, and massage in circular motions. Rinse thoroughly.
STEP 3: TREAT with the Garnier Vitamin C Booster Serum. Apply 3-4 drops of the serum all over your face in upward motion. Let it absorb fully before moving on to the next steps. This will help to fade dark spots in 3 days!
STEP 4: ENHANCE your skin with the Garnier Vitamin C Ampoule Serum. Apply a small amount of the ampoule serum on problem areas, or all over your face to fade hyperpigmentation, sunspots (pekas), melasma, and dark undereye circles.
STEP 5: MOISTURIZE with the Garnier Vitamin C Day Cream Moisturizer. Massage in upward circular motion all over your face, to lock in moisture and create a protective barrier on your skin.
STEP 6: PROTECT your skin from harmful UV rays with the Garnier Vitamin C UV Sunscreen. Apply a thin layer of sunscreen evenly on your face, at least 15 minutes before sun exposure. Reapply throughout the day for maximum sun protection.
Nighttime Evening Regimen
STEP 1: REMOVE MAKEUP & IMPURITIES with the Garnier Vitamin C Micellar Water. Saturate a cotton pad with micellar water and gently wipe your face to remove dirt and excess oil.
STEP 2: CLEANSE your face with the Garnier Vitamin C Brightening Cleanser Foam OR Gel Cleanser Wash. Wet your face with water, apply a small amount of the cleanser, and massage in circular motions. Rinse thoroughly.
STEP 3: TREAT with the Garnier 10% Pure Vitamin C Overnight Booster Serum. Apply 3-4 drops of the serum all over your face in upward motion to support overnight skin repair and recovery. all over your face in upward motion. Let it absorb fully before moving on to the next steps.
STEP 4: ENHANCE your skin with the Garnier Vitamin C Ampoule Serum. Apply a small amount of the ampoule serum on problem areas, or all over your face to fade hyperpigmentation, sunspots (pekas), melasma, and dark undereye circles.
STEP 5: REJUVENATE and nourish your skin with the Garnier Vitamin C Night Cream Moisturizer. Apply the night cream to lock in moisture for optimum repair and recovery especially during at night","Benefits: it says here that this product is brightening but for me i cant really tell | User Tips: make it foamy before applying to skin | Usage Experience: i use it since june 5, so far as now i cant really tell the brightening | I get tiny bumps in this product but got faded away easily, it is also drying for me🥹",ph-11134103-7r98p-lx51f318n1i9eb.jpg,0
prod_11,ICON Webcam 2K/ 1080P/ 720P Full HD Video Call For PC Laptop With Microphone Home USB Video Webcam,"Name: ICON 1080X1920P Webcam 2K
8 million high-definition image sensor, effective resolution 1920*1080
Main control chip: Lingtong GP2247
Camera chip: F37
Camera physical pixels: 800W
Camera angle: 90 degrees
Microphone: built-in noise reduction microphone
Drive type: free drive (plug and play)
Interface type: USB 2.0 (built-in mark)
USB cable length: 140cm
Camera chip size: 1/4'' CMOS
---------------------------------------------------------------------------------------------------------------------------------------------------------
Name: ICON webcam 720P
5 million high-definition image sensor, effective resolution 1280*720
Main control chip: Lingtong GP2247
Camera chip: F37
Camera physical pixels: 500W
Camera angle: 90 degrees
Microphone: built-in noise reduction microphone
Drive type: free drive (plug and play)
Interface type: USB 2.0 (built-in mark)
USB cable length: 140cm
Camera chip size: 1/4'' CMOS
---------------------------------------------------------------------------------------------------------------------------------------------------------
Name: ICON webcam 1080P
5 million high-definition image sensor, effective resolution 1920X1080
Main control chip: Lingtong GP2247
Camera chip: F37
Camera physical pixels: 800W
Camera angle: 90 degrees
Microphone: built-in noise reduction microphone
Drive type: free drive (plug and play)
Interface type: USB 2.0 (built-in mark)
USB cable length: 140cm
Camera chip size: 1/4'' CMOS
warranty service
Replacement within 15 days: Within 15 days after the receipt of the product, if there is a product quality problem that is not artificially damaged, you can contact customer service and we will provide replacement services.
1 year warranty: From the date of receipt of the product, if there is a hardware failure problem under normal use, non-artificial damage, any natural disasters. Free warranty for one year.
Lifetime technical maintenance: After purchasing the product, you can enjoy free lifetime technical consulting services provided by engineers
About shipping: If there is a quality problem within 1 month of purchasing the product, the shipping will be borne by each other.
After one month to one year, the return shipping fee shall be borne by the customer.",Best Feature: hd | Product Quality: good | Value For Money: fair | Hd nga malinaw pero dapat may proper lighting para effective ang hd Masyadong zoom saka may tendency na may binabago siyang kulay sa background mo Saka ang bilis ideliver at mabait si seller,ph-11134103-7r991-m084pcbanev818.jpg,1
prod_10,Nvision 22 24 27 Inch IPS Monitor 100Hz/144Hz Framless FHD Gaming Monitor PC Laptop Monitor,"Nvision Frameless Flat Gaming Monitor
Energy Star Certified Monitor
Nvision Official Service Center Guranteed 
180 Days For Feplacement.
24 Months Warranty Period.
Specification:
___________________________________________________________________
Variation:
Model:  N2455PRO 24"" FHD
Color: Black/White
Display Size: 23.8""
Panel Type:  IPS
Refresh Rate: 100Hz
Response Time: 5Ms
Resolution: 1920*1080 Fhd
Brightness: 230Cd/m2
Contrast Ratio: 1000:1
Display Colors：16.7M
Viewing Angle：170(H) X 170(V)
Interface：HDMI*1 VGA*1,  DC input
Power Adaptor: AC220V, DC 12V/2.5A
Accessories: HDMI Cable *1, Metal Stand&Screw, Screw Driver, Instruction Manual, Warranty Card
Vesa Mount:  75mm * 75mm
___________________________________________________________________
Model:  N2455GT 24"" FHD
Color: Black/White
Display Size: 23.8""
Panel Type:  IPS
Refresh Rate: 144Hz
Response Time: 5Ms
Resolution: 1920*1080 Fhd
Brightness: 230Cd/m2
Contrast Ratio: 1000:1
Display Colors：16.7M
Viewing Angle：170(H) X 170(V)
Interface：HDMI*1 VGA*1,  DC input
Power Adaptor: AC220V, DC 12V/2.5A
Accessories: HDMI Cable *1, Metal Stand&Screw, Screw Driver, Instruction Manual, Warranty Card
Vesa Mount:  75mm * 75mm
___________________________________________________________________
Variation:
Model:  N2755PRO 27'' FHD
Color: Black/White
Display Size: 27''
Panel Type:  IPS
Refresh Rate: 100Hz
Response Time: 5Ms
Resolution: 1920*1080 Fhd
Brightness: 230cd/m2
Contrast Ratio: 1000:1
Display Colors：16.7M
Viewing Angle：170(H) X 170(V)
Interface：HDMI*1 VGA*1,  DC input
Power Adaptor: AC220V, DC 12V/2.5A
Accessories: HDMI Cable *1, Metal Stand&Screw, Screw Driver, Instruction Manual, Warranty Card
Vesa Mount:  75mm * 75mm
___________________________________________________________________
Variation:
Model:  N2255GP 22'' FHD
Color: Black/White
Display Size: 21.5''
Panel Type:  IPS
Refresh Rate: 120Hz
Response Time: 5Ms
Resolution: 1920*1080 Fhd
Brightness: 230cd/m2
Contrast Ratio: 1000:1
Display Colors：16.7M
Viewing Angle：170(H) X 170(V)
Interface：HDMI*1 VGA*1,  DC input
Power Adaptor: AC220V, DC 12V/2.5A
Accessories: HDMI Cable *1, Metal Stand&Screw, Screw Driver, Instruction Manual, Warranty Card
Vesa Mount:  75mm * 75mm
___________________________________________________________________
Model:  N2510 25"" FHD
Color: Black/White
Display Size: 24.5""
Panel Type: VA
Refresh Rate: 100Hz
Response Time: 5Ms
Resolution: 1920*1080P
Brightness: 250Cd/m2
Contrast Ratio: 1000:1
Display Colors：16.7M
Viewing Angle：170(H) X 170(V)
Interface：HDMI*1,VGA*1, DC Input*1
Power Adaptor: AC220V, DC 12V/2.5A
Package Size: 63*13*42cm
Weight: 4.5kg
Accessories: HDMI Cable *1, Metal Stand&Screw, Screw Driver, Instruction Manual, Warranty Card
Vesa Mount:  75mm * 75mm
___________________________________________________________________
Model:  Q2760 27"" QHD
Color: Black/White
Display Size: 27""
Panel Type: IPS
Refresh Rate: 100Hz
Response Time: 5Ms
Resolution: 2560*1440P
Speaker: Build-in Speaker
Brightness: 250Cd/m2
Contrast Ratio: 1000:1
Display Colors：16.7M
Viewing Angle：170(H) X 170(V)
Interface：HDMI*1, DP*1, Audio Out*1, DC Input*1
Power Adaptor: AC220V, DC 12V/2.5A
Package Size: 63*13*42cm
Weight: 4.5kg
Accessories: HDMI Cable *1, Metal Stand&Screw, Screw Driver, Instruction Manual, Warranty Card
Vesa Mount:  75mm * 75mm",Sorry to review this pero received ko po eto april 28 and ngayon po ganito na sya as of May 14😭 active nmn po ang seller mag response pro di ko alam kng anu action nila dito. wla pa nmn akong sweldo kakawork pa lang. maganda pa naman sana to and helpful yung monitor sa field of work ko.,ph-11134103-820lh-mo8g4hb3e1vn74.jpg,0
prod_16,URBAN PIPE Fashionable Cargo Pants For Men 6 Pocket Drawstring Pant High Quality Bottoms 42917,"Discover the perfect blend of style and comfort with the URBAN PIPE Cargo Pants for Men. Designed for a modern urban look, these oversized pants feature multiple pockets and a versatile wide-leg design.
Functional Design: Equipped with 6 pockets for ample storage.
Stylish Fit: Oversized hip-hop style with wide-leg straight cut.
Adjustable Comfort: Drawstring waist for a customizable fit.
Add these trendy cargo pants to your wardrobe and elevate your casual outfits effortlessly!",Appearance: very nice maganda at bagay pang casual wear | Colour: khaki true to color | Material Quality: mall quality for a very cheap price only | My son's height is 5'11 sakto lang Haba Fast delivery Secured great job to our ever reliable rider na naka assign sa amin. Mabait,ph-11134103-7rasb-m9fng3oxouq5b0.jpg;ph-11134103-7rasc-m9fng3oxq9al46.jpg,2
prod_17,Baggy Jeans Korean Style Jeans pants for Men straight cut Men's denim pants for men wide leg pants comfortable pants,"🌴S(27/28) Waist 26.7"" Length 38.1"" Hips 40.1"" 150-160cm. 40-45kg.
🌴M(29/30) Waist 28.7"" Length 38.5"" Hips 41.7"" 160-165cm. 45-55kg.
🌴L(31) Waist 30.7"" Length 38.9"" Hips 43.3"" 165-170cm. 55-60kg.
🌴XL(32/33) Waist 32.6"" Length 39.3"" Hips 44.4"" 165-173cm. 60-65kg.
🌴XXL(34/36) Waist 34.6"" Length 39.7"" Hips 46"" 170-175cm. 65-70kg.
🌴XXXL(38) Waist 36.6"" Length 40.1"" Hips 47.6"" 170-175cm. 70-80kg.","Appearance: makapal | Colour: blue | Material Quality: maganda | okay yung mismong itsura ng pants maayos, malaki tignan sa akin kasi this is for my boyfriend finit ko lang",ph-11134103-7ra0p-mblowcbxsro3fb.jpg;ph-11134103-7ra0m-mblowcby883j2d.jpg;ph-11134103-7ra0p-mblowcby87wzab.jpg;ph-11134103-7ra0h-mblowcbynocf9c.jpg;ph-11134103-7ra0j-mblowcbxsrunc7.jpg,2
prod_14,2022 Chinese Collar Polo for Men Long/Short Sleeves Full Buttons Cotton Korean Shirt,"Color: White, Black, Cream, Navy Blue
Size: M, L, XL，XXL
Material: Cotton
Pattern: Plain
Fit Type: Regular Fit
Style: Casual, Fashion
Thickness: Regular
Length: Regular
Decorations: Buttons
Season: Summer
Collar: Chinese Collar",Material Quality: cheap. It’s POLYESTER | Pwede na for the price. TY,ph-11134103-7r98o-lovdj78uce7d58.jpg,1
prod_16,URBAN PIPE Fashionable Cargo Pants For Men 6 Pocket Drawstring Pant High Quality Bottoms 42917,"Discover the perfect blend of style and comfort with the URBAN PIPE Cargo Pants for Men. Designed for a modern urban look, these oversized pants feature multiple pockets and a versatile wide-leg design.
Functional Design: Equipped with 6 pockets for ample storage.
Stylish Fit: Oversized hip-hop style with wide-leg straight cut.
Adjustable Comfort: Drawstring waist for a customizable fit.
Add these trendy cargo pants to your wardrobe and elevate your casual outfits effortlessly!","Product: Defective/Damaged Item | +1 for good quality -4 for defect product (Right side pocket was shorten the size of space given to the other side. To which you can see the difference between the left and right side.) I was dissatisfied and disappointed by this level of quality. The product itself is decent, but ruined by a mistake. I considered getting this refund, but I chose to fix this easy mistake. But still, don't make this mistake to other customers often or more. Let this be a reminder.",ph-11134103-81ztd-mh5k3oc1n4loa9.jpg;ph-11134103-81ztm-mh5k3ob1fll650.jpg,0
prod_02,Luxe Organix Whitening Repair Ultra Light Glow Cleanser 150ml,"Evens out skin tone, lighten scars and dark spots, brighten skin
LUXE ORGANIX WHITENING REPAIR GENTLE FOAM CLEANSER IS MADE WITH NIACINAMIDE AND LICORICE ROOT EXTRACT TO REDUCE APPEARANCE OF HYPERPGMENTATION. ENLARGED PORES AND EXCESS OIL. IT LIGHTENS SKIN AND EVENS OUT SKIN TONE LEAVING YOU WITH A FRESH AND NATURAL GLOW.
HOW TO USE: SQUEEZE A PEA SIZED AMOUNT ONTO HANDS, GENTLY MASSAGE INTO DAMP FACE IN CIRCULAR MOTIONS, AVOIDING THE EYE AREA. RINSE THROUGHLY WITH WATER.CAUTION: FOR EXTERNAL USE ONLY. AVOID CONTACT WITH EYES. CONDUCT A SKIN TEST FIRST. STOP USING AND CONSULT A DOCTOR IF SKIN BECOMES RED, SWOLLEN AND ITCHYDURING USE. KEEP OUT OF REACH OF CHILDREN. STORE AT ROOM TEMPERATURE.
INGREDIENTS: WATER, MYRISTIC ACID, GLYCERIN, POTASSIUM HYDROXIDE, PALMITIC ACID, STEARID ACID, LAURAMIDE DEA, SODIUM LAURETH SULFATE, COCAMIDOPROPYL BETAINE, GLYCERYL STEARATE, BENZYL GLYCOL, PEG-100 STEARATE, NIACINAMIDE, GLYCYRRHIZA GLABRA (LICORICE) ROOT EXTRACT, SODIUM CHLORIDE, BUTYLENE GLYCOL, 1,2- HEXANEDIOL, GLYCOL DISTEARATE, RASPBERRY KETONE, CARBOMER, DISODIUM EDTA, LAURIC ACID, ETHYLHEXYLGLYCERIN, CITRIC ACID, SODIUM CARBONATE, FRAGRANCE.",Packaging: nice | Benefits: good for skin | Beauty Profile: normal | Ganda ng product talaga ng luxe organix ..ang smooth sa face..thank you seller,ph-11134103-7r98o-ltmfrbg7gqkjb8.jpg,2
prod_13,High quality rubber shoes Black school shoes for boy and men's,"No in box
Welcome to the shop, our quality guarantee is cheap
EU  size                   36     37       38    39      40    41    42    43    44    45 
inner length (mm) 225  230   235   240   245   250  255  260  265  270
feet length (mm)  220  225  230  235   240   245    250   255   260  265
       width              8-8.5 /8.5/ 9/ 9-9.5 /9.5-10/10 /10-10.5/10.5/10.5-11/11
 NOTE: If your feet are wide and fat, please choose to place an order in one size larger
This shoe is made of rubber material and may be squeezed or deformed during transportation, but it does not affect wearing. You can soak the shoes in hot water for 5 minutes to restore them to their original shape.
happy shopping for you
✅EARN LOTS OF SHOPEE COINS
✅CASH ON DELIVERY
✅ON HAND AND READY TO SHIP
✅PAY TODAY SHIP TOMORROW
NOTE: WRONG PLACEMENT OF SHIPPING FEE WILL NOT BE PROCESS
DELIVERY PERIOD:
 1-2 days Metro Manila
 3-4 days Provincial
PLEASE READ CAREFULLY BEFORE PLACING AN ORDER/S ️
 ✔️ALL ITEMS ARE AVAILABLE UNLESS MARKED AS ""SOLD OUT""
✔CHOOSE THE CORRECT  IF THE ITEMS HAS DIFFERENT COLORS/PRINTS SO WE CAN AVOID MISTAKES
✔WE ACCEPT RETURNS IF THE ITEM IS NOT YET WORN OR USED. BUYER WILL SHOULDER THE RETURN SHIPPING COST
LIKE & FOLLOW US FOR UPDATES! 
HAPPY SHOPPING!",Appearance: rubber | Material Quality: rubber | Colour: black | okay na sana. kaso nagka problema sa size. 37 lang paa ng anak ko so nag add ako isa para sana magamit nya pa ng matagal kaya 38 order ko. kaso yung dumating parang 36 sobrang sikip sa paa ng anak ko wala kahit konti na allowance. sana makapag refund ako..,ph-11134103-7r98w-lz1p82mnfwqi2e.jpg;ph-11134103-7r992-lz1p82mdgbcqf2.jpg;ph-11134103-7r98z-lz1p82mdrk72cf.jpg;ph-11134103-7r98o-lz1p82mdhq7y31.jpg;ph-11134103-7r98r-lz1p82mdvrlm57.jpg,0
prod_04,Garnier Brightening Foam Facial Cleanser Skin care For Dark Spots Dull Skin Garnier Facial Wash 50ml,"WHAT IS IT
A gentle, easy to rinse foam with the power of Pure Lemon Extract to intensively cleanse and clear dullness.
 WHAT IT DOES
Cleanses and brightens skin.
 WHY IT'S PERFECT FOR YOU
Cleanse and clear away dullness with the power of pure lemon extract.
 HOW TO USE
Gently massage onto wet face while avoiding eye area. Rinse off with water. Use day and night as needed.
 CARE INSTRUCTIONS
Keep away from direct sunlight. Store at room temperature.
 INGREDIENTS
AQUA/WATER, GLYCERIN, MYRISTIC ACID, PAMITIC ACID, STEARIC ACID, GLYCERYL STEARATE, KAOLIN, BENZYL SALICYLATE, CITRUS MEDICA EXTRACT, LIMONENE, LINALOOL. METHYLISOTHIAZOLINONE, PEG-14M, TETRASODIUM EDTA, PARFUM/ FRAGRANCE (B45631/1)
Daytime Morning Regimen
STEP 1: REMOVE MAKEUP & IMPURITIES with the Garnier Vitamin C Micellar Water. Saturate a cotton pad with micellar water and gently wipe your face to remove dirt and excess oil.
STEP 2: CLEANSE your face with the Garnier Vitamin C Brightening Cleanser Foam OR Gel Cleanser Wash. Wet your face with water, apply a small amount of the cleanser, and massage in circular motions. Rinse thoroughly.
STEP 3: TREAT with the Garnier Vitamin C Booster Serum. Apply 3-4 drops of the serum all over your face in upward motion. Let it absorb fully before moving on to the next steps. This will help to fade dark spots in 3 days!
STEP 4: ENHANCE your skin with the Garnier Vitamin C Ampoule Serum. Apply a small amount of the ampoule serum on problem areas, or all over your face to fade hyperpigmentation, sunspots (pekas), melasma, and dark undereye circles.
STEP 5: MOISTURIZE with the Garnier Vitamin C Day Cream Moisturizer. Massage in upward circular motion all over your face, to lock in moisture and create a protective barrier on your skin.
STEP 6: PROTECT your skin from harmful UV rays with the Garnier Vitamin C UV Sunscreen. Apply a thin layer of sunscreen evenly on your face, at least 15 minutes before sun exposure. Reapply throughout the day for maximum sun protection.
Nighttime Evening Regimen
STEP 1: REMOVE MAKEUP & IMPURITIES with the Garnier Vitamin C Micellar Water. Saturate a cotton pad with micellar water and gently wipe your face to remove dirt and excess oil.
STEP 2: CLEANSE your face with the Garnier Vitamin C Brightening Cleanser Foam OR Gel Cleanser Wash. Wet your face with water, apply a small amount of the cleanser, and massage in circular motions. Rinse thoroughly.
STEP 3: TREAT with the Garnier 10% Pure Vitamin C Overnight Booster Serum. Apply 3-4 drops of the serum all over your face in upward motion to support overnight skin repair and recovery. all over your face in upward motion. Let it absorb fully before moving on to the next steps.
STEP 4: ENHANCE your skin with the Garnier Vitamin C Ampoule Serum. Apply a small amount of the ampoule serum on problem areas, or all over your face to fade hyperpigmentation, sunspots (pekas), melasma, and dark undereye circles.
STEP 5: REJUVENATE and nourish your skin with the Garnier Vitamin C Night Cream Moisturizer. Apply the night cream to lock in moisture for optimum repair and recovery especially during at night",Texture: smooth and foamy | Fragrance: mabango siya | Effectiveness: may salicylic acid sya pero siguro hiyangan lang talaga. Hindi siya effective sakin dahil nag breakouts ako siguro depende sa type ng skin mo.,ph-11134103-7r98q-lxv0cqtjup6s1d.jpg,1
prod_10,Nvision 22 24 27 Inch IPS Monitor 100Hz/144Hz Framless FHD Gaming Monitor PC Laptop Monitor,"Nvision Frameless Flat Gaming Monitor
Energy Star Certified Monitor
Nvision Official Service Center Guranteed 
180 Days For Feplacement.
24 Months Warranty Period.
Specification:
___________________________________________________________________
Variation:
Model:  N2455PRO 24"" FHD
Color: Black/White
Display Size: 23.8""
Panel Type:  IPS
Refresh Rate: 100Hz
Response Time: 5Ms
Resolution: 1920*1080 Fhd
Brightness: 230Cd/m2
Contrast Ratio: 1000:1
Display Colors：16.7M
Viewing Angle：170(H) X 170(V)
Interface：HDMI*1 VGA*1,  DC input
Power Adaptor: AC220V, DC 12V/2.5A
Accessories: HDMI Cable *1, Metal Stand&Screw, Screw Driver, Instruction Manual, Warranty Card
Vesa Mount:  75mm * 75mm
___________________________________________________________________
Model:  N2455GT 24"" FHD
Color: Black/White
Display Size: 23.8""
Panel Type:  IPS
Refresh Rate: 144Hz
Response Time: 5Ms
Resolution: 1920*1080 Fhd
Brightness: 230Cd/m2
Contrast Ratio: 1000:1
Display Colors：16.7M
Viewing Angle：170(H) X 170(V)
Interface：HDMI*1 VGA*1,  DC input
Power Adaptor: AC220V, DC 12V/2.5A
Accessories: HDMI Cable *1, Metal Stand&Screw, Screw Driver, Instruction Manual, Warranty Card
Vesa Mount:  75mm * 75mm
___________________________________________________________________
Variation:
Model:  N2755PRO 27'' FHD
Color: Black/White
Display Size: 27''
Panel Type:  IPS
Refresh Rate: 100Hz
Response Time: 5Ms
Resolution: 1920*1080 Fhd
Brightness: 230cd/m2
Contrast Ratio: 1000:1
Display Colors：16.7M
Viewing Angle：170(H) X 170(V)
Interface：HDMI*1 VGA*1,  DC input
Power Adaptor: AC220V, DC 12V/2.5A
Accessories: HDMI Cable *1, Metal Stand&Screw, Screw Driver, Instruction Manual, Warranty Card
Vesa Mount:  75mm * 75mm
___________________________________________________________________
Variation:
Model:  N2255GP 22'' FHD
Color: Black/White
Display Size: 21.5''
Panel Type:  IPS
Refresh Rate: 120Hz
Response Time: 5Ms
Resolution: 1920*1080 Fhd
Brightness: 230cd/m2
Contrast Ratio: 1000:1
Display Colors：16.7M
Viewing Angle：170(H) X 170(V)
Interface：HDMI*1 VGA*1,  DC input
Power Adaptor: AC220V, DC 12V/2.5A
Accessories: HDMI Cable *1, Metal Stand&Screw, Screw Driver, Instruction Manual, Warranty Card
Vesa Mount:  75mm * 75mm
___________________________________________________________________
Model:  N2510 25"" FHD
Color: Black/White
Display Size: 24.5""
Panel Type: VA
Refresh Rate: 100Hz
Response Time: 5Ms
Resolution: 1920*1080P
Brightness: 250Cd/m2
Contrast Ratio: 1000:1
Display Colors：16.7M
Viewing Angle：170(H) X 170(V)
Interface：HDMI*1,VGA*1, DC Input*1
Power Adaptor: AC220V, DC 12V/2.5A
Package Size: 63*13*42cm
Weight: 4.5kg
Accessories: HDMI Cable *1, Metal Stand&Screw, Screw Driver, Instruction Manual, Warranty Card
Vesa Mount:  75mm * 75mm
___________________________________________________________________
Model:  Q2760 27"" QHD
Color: Black/White
Display Size: 27""
Panel Type: IPS
Refresh Rate: 100Hz
Response Time: 5Ms
Resolution: 2560*1440P
Speaker: Build-in Speaker
Brightness: 250Cd/m2
Contrast Ratio: 1000:1
Display Colors：16.7M
Viewing Angle：170(H) X 170(V)
Interface：HDMI*1, DP*1, Audio Out*1, DC Input*1
Power Adaptor: AC220V, DC 12V/2.5A
Package Size: 63*13*42cm
Weight: 4.5kg
Accessories: HDMI Cable *1, Metal Stand&Screw, Screw Driver, Instruction Manual, Warranty Card
Vesa Mount:  75mm * 75mm","complete and was delivered safely! customer rep was also very helpful with all my queries and requests. super useful as a 2nd monitor for you to be more productive sa work hehe tried watching movie din, ganda and linaw! ❤️ tho cons: you need to buy a new and separate hdmi cable kasi yung free cable i'm not sure if defective or di lang talaga swak sa laptop na gamit ko kasi may mga green and pink pixels na lumalabas sa screen. overall, satisfied customer pa rin naman me ❤️💯",ph-11134103-7qul4-lju4ybdrg60cce.jpg;ph-11134103-7quky-lju4ybdrg6fj33.jpg;ph-11134103-7qul0-lju4ybdrhkzzbc.jpg,2
prod_02,Luxe Organix Whitening Repair Ultra Light Glow Cleanser 150ml,"Evens out skin tone, lighten scars and dark spots, brighten skin
LUXE ORGANIX WHITENING REPAIR GENTLE FOAM CLEANSER IS MADE WITH NIACINAMIDE AND LICORICE ROOT EXTRACT TO REDUCE APPEARANCE OF HYPERPGMENTATION. ENLARGED PORES AND EXCESS OIL. IT LIGHTENS SKIN AND EVENS OUT SKIN TONE LEAVING YOU WITH A FRESH AND NATURAL GLOW.
HOW TO USE: SQUEEZE A PEA SIZED AMOUNT ONTO HANDS, GENTLY MASSAGE INTO DAMP FACE IN CIRCULAR MOTIONS, AVOIDING THE EYE AREA. RINSE THROUGHLY WITH WATER.CAUTION: FOR EXTERNAL USE ONLY. AVOID CONTACT WITH EYES. CONDUCT A SKIN TEST FIRST. STOP USING AND CONSULT A DOCTOR IF SKIN BECOMES RED, SWOLLEN AND ITCHYDURING USE. KEEP OUT OF REACH OF CHILDREN. STORE AT ROOM TEMPERATURE.
INGREDIENTS: WATER, MYRISTIC ACID, GLYCERIN, POTASSIUM HYDROXIDE, PALMITIC ACID, STEARID ACID, LAURAMIDE DEA, SODIUM LAURETH SULFATE, COCAMIDOPROPYL BETAINE, GLYCERYL STEARATE, BENZYL GLYCOL, PEG-100 STEARATE, NIACINAMIDE, GLYCYRRHIZA GLABRA (LICORICE) ROOT EXTRACT, SODIUM CHLORIDE, BUTYLENE GLYCOL, 1,2- HEXANEDIOL, GLYCOL DISTEARATE, RASPBERRY KETONE, CARBOMER, DISODIUM EDTA, LAURIC ACID, ETHYLHEXYLGLYCERIN, CITRIC ACID, SODIUM CARBONATE, FRAGRANCE.","Effectiveness: not sure if authentic | Texture: haven’t opened yet | I’m currently using Luxe Organix which I purchased from Watsons, it’s my 1st time buying here because it’s a little cheaper… but now I’m quite regretting it.. it cannot be new packaging because both are expiring on 2026 the sealed one from is the one i received from this shop..",ph-11134103-7r98w-lms51ocvs70vaa.jpg;ph-11134103-7r98z-lms51od5cc5rb2.jpg;ph-11134103-7r98o-lms51ocve58155.jpg;ph-11134103-7r98x-lms51ocw7n9r68.jpg,0
prod_08,Inplay S500 Wired RGB Gaming Headset With Mic Surround Sound Over Ear Headphone For PC Laptop,"Inplay Official Service Center Guranteed
Variation
Brand: Inplay
Model: S500
Driver Diameter: 50mm
Impedance: 32Ω@1KHZ
Sensitivity: 115-121db at 1KHZ 1mV
Frequency Response: 20hz-20khz
Light Effect: Colorful led light
Cable Length: 1.8m
Product Size:190*170*90mm
Product Weight: 228-248g
Warranty: 6 Months
Microphone Parameters
Sensitivity: -38-42dB@1KHz
Input mode: DC 3.5 plug
Signal to Noise Ratio: ≥60db
Frequency Response: 100Hz-8KHz",Best Feature: okay na rin | Product Quality: 6/10 | Performance: 8/10 | mukha makunat pero pwede na rin,ph-11134103-7r98r-lwx14eb3fqld93.jpg,1
prod_03,"Cetaphil Gentle Skin Cleanser 59ml (For Sensitive Skin, Non-Drying Facial Wash, And Paraben Free)","Our best-selling gentle skin cleanser is clinically proven to actively hydrate while cleansing the skin, and defends against the five signs of skin sensitivity including dryness, irritation, roughness, toughness, and a weakened skin barrier
Our best-seller and fan favorite - a mild, non-irritating and soap-free formula that soothes skin as it cleanses. This award-winning cleanser is clinically proven to hydrate while cleansing, and helps to strengthen the skin&#39;s moisture barrier. It can be specifically used for everyday cleansing, and defends against the five signs of skin sensitivity - dryness, irritation, roughness, toughness, and weakened skin barrier. Non-comodogenic, fragrance-free, pH balanced, and dermatologically tested.
Cetaphil is the most prescribed skincare brand by dermatologists.
- Gentle, soap-free, non-irritating cleanser actively hydrates while cleansing
- Defends against the five signs of skin sensitivity, including dryness, irritation, roughness, tightness and weakened skin barrier
- Non-foaming cleanser can be used with or without water
- Suitable for all skin types, including dry and sensitive skin
- Dermatologist tested and clinically proven to be gentle on sensitive skin
- Fragrance free, hypoallergenic and non-comedogenic, so it won&#39;t irritate skin or clog pores
INGREDIENTS:
Aqua, Glycerin, Cetearyl Alcohol, Panthenol, Niacinamide, Pantolactone, Xanthan Gum, Sodium Cocoyl Isethionate, Sodium Benzoate, Citric Acid
Directions for Use:
With water: 
Apply cleanser and gentle massage into skin. Rinse.
Without water:
Apply a liberal amount of cleanser and gently massage into skin.
About the Brand:
Cetaphil is a gentle skincare brand that has been recommended by dermatologists for over 70 years, and is today used by millions of people with sensitive skin from all around the world. It offers a complete range of cleansers, moisturizers and sun protection ideal for face and body, providing gentle yet effective skincare formula to strengthen and protect even the most sensitive skin.
MOST PRESCRIBED SKINCARE BRAND
Cetaphil is the original sensitive cleanser recommended by dermatologists for over 70 years
CLINICALLY TESTED FOR SENSITIVE SKIN
Our soap-free, skin nourishing products will treat your skin without irritation and is hypoallergenic
DEFENDS AGAINST 5 SIGNS OF SENSITIVITY
Clinically proven to soothe, hydrate, and nourish sensitive skin",Effectiveness: not knowledgeable in this area but I feel like it gets the job done | Texture: it's more like a serum than a liquid soap which is nice | I don't know how to review this properly but if you don't want to use your body soap on your face this is a good alternative. it's not strong. it's mild without any extra gimmick. it's a straightforward product. nothing fancy. just a trusty cleanser. And the delivery is fast. Ordered and shipped immediately on the same day.,ph-11134103-81ztm-ml4cmn3phhj4db.jpg,2
prod_17,Baggy Jeans Korean Style Jeans pants for Men straight cut Men's denim pants for men wide leg pants comfortable pants,"🌴S(27/28) Waist 26.7"" Length 38.1"" Hips 40.1"" 150-160cm. 40-45kg.
🌴M(29/30) Waist 28.7"" Length 38.5"" Hips 41.7"" 160-165cm. 45-55kg.
🌴L(31) Waist 30.7"" Length 38.9"" Hips 43.3"" 165-170cm. 55-60kg.
🌴XL(32/33) Waist 32.6"" Length 39.3"" Hips 44.4"" 165-173cm. 60-65kg.
🌴XXL(34/36) Waist 34.6"" Length 39.7"" Hips 46"" 170-175cm. 65-70kg.
🌴XXXL(38) Waist 36.6"" Length 40.1"" Hips 47.6"" 170-175cm. 70-80kg.",I refuse to believe that these are the correct sizes. It's too small for me even though I already ordered XL and 2XL,ph-11134103-7rase-ma87wlrw1sku0c.jpg;ph-11134103-7rasl-ma87wlrm275y2c.jpg,0
prod_18,POND'S Acne Clear Pore Conditioning Toner with Salicylic Acid and Tea Tree Oil for Anti Pimple 100ml,"Pond’s Acne Clear Pore Conditioning Toner cares for pores to give you clearer skin that is smooth and refined up close. It has Salicylic Acid and Tea Tree Oil that deeply cleans and unclogs pores, helping to reduce pimples for clearer skin. It also has Pore Tightening Essence that conditions pores for smooth and refined skin.",Effectiveness: good | Fragrance: good | Texture: good | Item was shipped immediately. Sealed with tape but still leaked.,ph-11134103-7rash-m7c039dbzss21f.jpg,1
prod_01,CCL PH USB Wired Gaming Mouse High Configuration with Backlight for PC & Laptop X1,"💯 High Quality
💯 Brand New
Easy to operate, USB plug and play, no driver needed. Anti-skid and waterproof design. ABS material, laser-etched, non-slip design, splash proof and durable.
Rainbow Color Backlight effects: bringing cool gaming experience, in particular increase gaming keys backlit effect and easy type in the dark.
Quickly control each function, ergonomic design, comfortable to operate.
Button service life: 5 million times
DPI adjustment provides 800/1200/1600 gear shift control for different games.
The smooth 3D roller with anti-skid scale grain ensures you to operate comfortably.
The buttons structure adopt precursor type streamline design provides excellent click sense.
Ergonomic design: perfect size fits naturally in your hand and provides comfortable touch feeling.
Product size: 12.3cm x 6.8cm  x 3.8cm (approx.)
🖌 FREE Shipping
🖌 Cash on Delivery (COD) is available       
🖌 Order Today Ship ASAP     
DELIVERY PERIOD:  
🚚 2-4 days Metro Manila
🚚 3-7 days Provincial
  ⚠️ Please CHOOSE THE CORRECT variation so we can avoid mistakes.
⚠️ If the item you received is defective, please contact us immediately. 
💡 Please leave us a positive feedback with 5 STARS ⭐️ ⭐️ ⭐️ ⭐️ ⭐️ if you are satisfied with our product and service. Your feedback will be much appreciated.
💡 Please contact us immediately before leaving any negative feedbacks or open a dispute on Shopee.",No Good product(Honest review) napakadaling nasira hindi nagtagal nang isang buwan very dissapointed😠😠,ph-11134103-22110-pbrp8uhmsljvfd.jpg,0
prod_10,Nvision 22 24 27 Inch IPS Monitor 100Hz/144Hz Framless FHD Gaming Monitor PC Laptop Monitor,"Nvision Frameless Flat Gaming Monitor
Energy Star Certified Monitor
Nvision Official Service Center Guranteed 
180 Days For Feplacement.
24 Months Warranty Period.
Specification:
___________________________________________________________________
Variation:
Model:  N2455PRO 24"" FHD
Color: Black/White
Display Size: 23.8""
Panel Type:  IPS
Refresh Rate: 100Hz
Response Time: 5Ms
Resolution: 1920*1080 Fhd
Brightness: 230Cd/m2
Contrast Ratio: 1000:1
Display Colors：16.7M
Viewing Angle：170(H) X 170(V)
Interface：HDMI*1 VGA*1,  DC input
Power Adaptor: AC220V, DC 12V/2.5A
Accessories: HDMI Cable *1, Metal Stand&Screw, Screw Driver, Instruction Manual, Warranty Card
Vesa Mount:  75mm * 75mm
___________________________________________________________________
Model:  N2455GT 24"" FHD
Color: Black/White
Display Size: 23.8""
Panel Type:  IPS
Refresh Rate: 144Hz
Response Time: 5Ms
Resolution: 1920*1080 Fhd
Brightness: 230Cd/m2
Contrast Ratio: 1000:1
Display Colors：16.7M
Viewing Angle：170(H) X 170(V)
Interface：HDMI*1 VGA*1,  DC input
Power Adaptor: AC220V, DC 12V/2.5A
Accessories: HDMI Cable *1, Metal Stand&Screw, Screw Driver, Instruction Manual, Warranty Card
Vesa Mount:  75mm * 75mm
___________________________________________________________________
Variation:
Model:  N2755PRO 27'' FHD
Color: Black/White
Display Size: 27''
Panel Type:  IPS
Refresh Rate: 100Hz
Response Time: 5Ms
Resolution: 1920*1080 Fhd
Brightness: 230cd/m2
Contrast Ratio: 1000:1
Display Colors：16.7M
Viewing Angle：170(H) X 170(V)
Interface：HDMI*1 VGA*1,  DC input
Power Adaptor: AC220V, DC 12V/2.5A
Accessories: HDMI Cable *1, Metal Stand&Screw, Screw Driver, Instruction Manual, Warranty Card
Vesa Mount:  75mm * 75mm
___________________________________________________________________
Variation:
Model:  N2255GP 22'' FHD
Color: Black/White
Display Size: 21.5''
Panel Type:  IPS
Refresh Rate: 120Hz
Response Time: 5Ms
Resolution: 1920*1080 Fhd
Brightness: 230cd/m2
Contrast Ratio: 1000:1
Display Colors：16.7M
Viewing Angle：170(H) X 170(V)
Interface：HDMI*1 VGA*1,  DC input
Power Adaptor: AC220V, DC 12V/2.5A
Accessories: HDMI Cable *1, Metal Stand&Screw, Screw Driver, Instruction Manual, Warranty Card
Vesa Mount:  75mm * 75mm
___________________________________________________________________
Model:  N2510 25"" FHD
Color: Black/White
Display Size: 24.5""
Panel Type: VA
Refresh Rate: 100Hz
Response Time: 5Ms
Resolution: 1920*1080P
Brightness: 250Cd/m2
Contrast Ratio: 1000:1
Display Colors：16.7M
Viewing Angle：170(H) X 170(V)
Interface：HDMI*1,VGA*1, DC Input*1
Power Adaptor: AC220V, DC 12V/2.5A
Package Size: 63*13*42cm
Weight: 4.5kg
Accessories: HDMI Cable *1, Metal Stand&Screw, Screw Driver, Instruction Manual, Warranty Card
Vesa Mount:  75mm * 75mm
___________________________________________________________________
Model:  Q2760 27"" QHD
Color: Black/White
Display Size: 27""
Panel Type: IPS
Refresh Rate: 100Hz
Response Time: 5Ms
Resolution: 2560*1440P
Speaker: Build-in Speaker
Brightness: 250Cd/m2
Contrast Ratio: 1000:1
Display Colors：16.7M
Viewing Angle：170(H) X 170(V)
Interface：HDMI*1, DP*1, Audio Out*1, DC Input*1
Power Adaptor: AC220V, DC 12V/2.5A
Package Size: 63*13*42cm
Weight: 4.5kg
Accessories: HDMI Cable *1, Metal Stand&Screw, Screw Driver, Instruction Manual, Warranty Card
Vesa Mount:  75mm * 75mm","Product Quality: 7 | Best Feature: 10 | Performance: 10 | After 8 days of use, goods naman ang monitor the only problem i notice is may backlight bleeding, im not so sure if natural pero visible sya if naka black yung background or screen",ph-11134103-7r98t-llserlj3ji4v65.jpg;ph-11134103-7r98s-llserljdj3e96e.jpg,1
prod_16,URBAN PIPE Fashionable Cargo Pants For Men 6 Pocket Drawstring Pant High Quality Bottoms 42917,"Discover the perfect blend of style and comfort with the URBAN PIPE Cargo Pants for Men. Designed for a modern urban look, these oversized pants feature multiple pockets and a versatile wide-leg design.
Functional Design: Equipped with 6 pockets for ample storage.
Stylish Fit: Oversized hip-hop style with wide-leg straight cut.
Adjustable Comfort: Drawstring waist for a customizable fit.
Add these trendy cargo pants to your wardrobe and elevate your casual outfits effortlessly!",Appearance: maganda ang quality | Material Quality: maganda ang tela | Colour: Ash Blue,ph-11134103-81ztp-meejim9llbt3be.jpg,2
prod_01,CCL PH USB Wired Gaming Mouse High Configuration with Backlight for PC & Laptop X1,"💯 High Quality
💯 Brand New
Easy to operate, USB plug and play, no driver needed. Anti-skid and waterproof design. ABS material, laser-etched, non-slip design, splash proof and durable.
Rainbow Color Backlight effects: bringing cool gaming experience, in particular increase gaming keys backlit effect and easy type in the dark.
Quickly control each function, ergonomic design, comfortable to operate.
Button service life: 5 million times
DPI adjustment provides 800/1200/1600 gear shift control for different games.
The smooth 3D roller with anti-skid scale grain ensures you to operate comfortably.
The buttons structure adopt precursor type streamline design provides excellent click sense.
Ergonomic design: perfect size fits naturally in your hand and provides comfortable touch feeling.
Product size: 12.3cm x 6.8cm  x 3.8cm (approx.)
🖌 FREE Shipping
🖌 Cash on Delivery (COD) is available       
🖌 Order Today Ship ASAP     
DELIVERY PERIOD:  
🚚 2-4 days Metro Manila
🚚 3-7 days Provincial
  ⚠️ Please CHOOSE THE CORRECT variation so we can avoid mistakes.
⚠️ If the item you received is defective, please contact us immediately. 
💡 Please leave us a positive feedback with 5 STARS ⭐️ ⭐️ ⭐️ ⭐️ ⭐️ if you are satisfied with our product and service. Your feedback will be much appreciated.
💡 Please contact us immediately before leaving any negative feedbacks or open a dispute on Shopee.","Performance: excellent | Best Feature: excellent | Product Quality: excellent | Vids not related,, anyways sobrang nagandahan talaga ako akala ko iisang color lng ung light nya madami pala salamach seller",ph-11134103-22120-bi1frq3fs3kv60.jpg;ph-11134103-22120-b7799g2fs3kv46.jpg;ph-11134103-22120-4renj81fs3kvd0.jpg;ph-11134103-22120-6renj81fs3kv2c.jpg,2
prod_03,"Cetaphil Gentle Skin Cleanser 59ml (For Sensitive Skin, Non-Drying Facial Wash, And Paraben Free)","Our best-selling gentle skin cleanser is clinically proven to actively hydrate while cleansing the skin, and defends against the five signs of skin sensitivity including dryness, irritation, roughness, toughness, and a weakened skin barrier
Our best-seller and fan favorite - a mild, non-irritating and soap-free formula that soothes skin as it cleanses. This award-winning cleanser is clinically proven to hydrate while cleansing, and helps to strengthen the skin&#39;s moisture barrier. It can be specifically used for everyday cleansing, and defends against the five signs of skin sensitivity - dryness, irritation, roughness, toughness, and weakened skin barrier. Non-comodogenic, fragrance-free, pH balanced, and dermatologically tested.
Cetaphil is the most prescribed skincare brand by dermatologists.
- Gentle, soap-free, non-irritating cleanser actively hydrates while cleansing
- Defends against the five signs of skin sensitivity, including dryness, irritation, roughness, tightness and weakened skin barrier
- Non-foaming cleanser can be used with or without water
- Suitable for all skin types, including dry and sensitive skin
- Dermatologist tested and clinically proven to be gentle on sensitive skin
- Fragrance free, hypoallergenic and non-comedogenic, so it won&#39;t irritate skin or clog pores
INGREDIENTS:
Aqua, Glycerin, Cetearyl Alcohol, Panthenol, Niacinamide, Pantolactone, Xanthan Gum, Sodium Cocoyl Isethionate, Sodium Benzoate, Citric Acid
Directions for Use:
With water: 
Apply cleanser and gentle massage into skin. Rinse.
Without water:
Apply a liberal amount of cleanser and gently massage into skin.
About the Brand:
Cetaphil is a gentle skincare brand that has been recommended by dermatologists for over 70 years, and is today used by millions of people with sensitive skin from all around the world. It offers a complete range of cleansers, moisturizers and sun protection ideal for face and body, providing gentle yet effective skincare formula to strengthen and protect even the most sensitive skin.
MOST PRESCRIBED SKINCARE BRAND
Cetaphil is the original sensitive cleanser recommended by dermatologists for over 70 years
CLINICALLY TESTED FOR SENSITIVE SKIN
Our soap-free, skin nourishing products will treat your skin without irritation and is hypoallergenic
DEFENDS AGAINST 5 SIGNS OF SENSITIVITY
Clinically proven to soothe, hydrate, and nourish sensitive skin",Fragrance: 10/10 | Texture: 10/10 | Effectiveness: not sure 😊 | Fast shipping and handling with buble wrap products is legit and handling is good no damage thanks seller and courier more transactions pa,ph-11134103-7r98x-lmznxgilgvgff5.jpg;ph-11134103-7r992-lmznxgiljolb0f.jpg,2
prod_01,CCL PH USB Wired Gaming Mouse High Configuration with Backlight for PC & Laptop X1,"💯 High Quality
💯 Brand New
Easy to operate, USB plug and play, no driver needed. Anti-skid and waterproof design. ABS material, laser-etched, non-slip design, splash proof and durable.
Rainbow Color Backlight effects: bringing cool gaming experience, in particular increase gaming keys backlit effect and easy type in the dark.
Quickly control each function, ergonomic design, comfortable to operate.
Button service life: 5 million times
DPI adjustment provides 800/1200/1600 gear shift control for different games.
The smooth 3D roller with anti-skid scale grain ensures you to operate comfortably.
The buttons structure adopt precursor type streamline design provides excellent click sense.
Ergonomic design: perfect size fits naturally in your hand and provides comfortable touch feeling.
Product size: 12.3cm x 6.8cm  x 3.8cm (approx.)
🖌 FREE Shipping
🖌 Cash on Delivery (COD) is available       
🖌 Order Today Ship ASAP     
DELIVERY PERIOD:  
🚚 2-4 days Metro Manila
🚚 3-7 days Provincial
  ⚠️ Please CHOOSE THE CORRECT variation so we can avoid mistakes.
⚠️ If the item you received is defective, please contact us immediately. 
💡 Please leave us a positive feedback with 5 STARS ⭐️ ⭐️ ⭐️ ⭐️ ⭐️ if you are satisfied with our product and service. Your feedback will be much appreciated.
💡 Please contact us immediately before leaving any negative feedbacks or open a dispute on Shopee.","Performance: 0 | Best Feature: 0 | Product Quality: 0 | BULOK. HINDI NAPIPINDOT YUNG MOUSE, SAYANG LANG BINAYAD KO. HINDI MAN LANG BINALIK YUNG BAYAD PARA SANA MAKABILI AKO NG BAGO ULIT YUNG HINDI NA SIRA KAGAYA NG NAKUHA KO SA INYO.",ph-11134103-22100-gxqx8mstm1ivc7.jpg,0
prod_03,"Cetaphil Gentle Skin Cleanser 59ml (For Sensitive Skin, Non-Drying Facial Wash, And Paraben Free)","Our best-selling gentle skin cleanser is clinically proven to actively hydrate while cleansing the skin, and defends against the five signs of skin sensitivity including dryness, irritation, roughness, toughness, and a weakened skin barrier
Our best-seller and fan favorite - a mild, non-irritating and soap-free formula that soothes skin as it cleanses. This award-winning cleanser is clinically proven to hydrate while cleansing, and helps to strengthen the skin&#39;s moisture barrier. It can be specifically used for everyday cleansing, and defends against the five signs of skin sensitivity - dryness, irritation, roughness, toughness, and weakened skin barrier. Non-comodogenic, fragrance-free, pH balanced, and dermatologically tested.
Cetaphil is the most prescribed skincare brand by dermatologists.
- Gentle, soap-free, non-irritating cleanser actively hydrates while cleansing
- Defends against the five signs of skin sensitivity, including dryness, irritation, roughness, tightness and weakened skin barrier
- Non-foaming cleanser can be used with or without water
- Suitable for all skin types, including dry and sensitive skin
- Dermatologist tested and clinically proven to be gentle on sensitive skin
- Fragrance free, hypoallergenic and non-comedogenic, so it won&#39;t irritate skin or clog pores
INGREDIENTS:
Aqua, Glycerin, Cetearyl Alcohol, Panthenol, Niacinamide, Pantolactone, Xanthan Gum, Sodium Cocoyl Isethionate, Sodium Benzoate, Citric Acid
Directions for Use:
With water: 
Apply cleanser and gentle massage into skin. Rinse.
Without water:
Apply a liberal amount of cleanser and gently massage into skin.
About the Brand:
Cetaphil is a gentle skincare brand that has been recommended by dermatologists for over 70 years, and is today used by millions of people with sensitive skin from all around the world. It offers a complete range of cleansers, moisturizers and sun protection ideal for face and body, providing gentle yet effective skincare formula to strengthen and protect even the most sensitive skin.
MOST PRESCRIBED SKINCARE BRAND
Cetaphil is the original sensitive cleanser recommended by dermatologists for over 70 years
CLINICALLY TESTED FOR SENSITIVE SKIN
Our soap-free, skin nourishing products will treat your skin without irritation and is hypoallergenic
DEFENDS AGAINST 5 SIGNS OF SENSITIVITY
Clinically proven to soothe, hydrate, and nourish sensitive skin","Fragrance: good | Texture: good | Effectiveness: good | Absolutely thrilled with my recent purchase! This product exceeded my expectations in every way. From its sleek design to its impressive performance, it's truly a game-changer. The craftsmanship is top-notch, showcasing durability and attention to detail. Setup was a breeze, and the user-friendly interface makes operation a delight. I've noticed a significant improvement in [specific benefit or feature], enhancing my overall experience. Plus, the customer service was exceptional, providing helpful assistance whenever needed. Overall, this product has definitely enhanced my daily life and I highly recommend it to anyone in search of quality and reliability.",ph-11134103-7r98z-m09luo7hdt9q60.jpg,2
prod_15,Infinitee Japanese Inspired Oversized T Shirt For Men Women Oversize Plus Size Tshirt Top Tops Tees,"Premium Quality Cotton T-Shirt
✔ 100% Brand New
✔ Material: Cotton-blend
✔ Fit: Loose Fit
✔ Style: Casual
✔ Fabric Density: 200 gsm
✔ Comfortable and Long-Wearing
✔ Asian Size
📏 Please refer to the Size Chart for accurate measurements.
🧺 Care Instructions:
• Do not bleach
• Do not dry clean
⚠️ Note: Color may appear slightly lighter or darker due to lighting.",Material Quality: good | Colour: good | Appearance: good | Maganda Naman Kaso iBang size dumating XL order ko M. Bibigay kahit L. Nalang sana.,ph-11134103-7qul7-libgzdh6m5mu67.jpg,1
prod_15,Infinitee Japanese Inspired Oversized T Shirt For Men Women Oversize Plus Size Tshirt Top Tops Tees,"Premium Quality Cotton T-Shirt
✔ 100% Brand New
✔ Material: Cotton-blend
✔ Fit: Loose Fit
✔ Style: Casual
✔ Fabric Density: 200 gsm
✔ Comfortable and Long-Wearing
✔ Asian Size
📏 Please refer to the Size Chart for accurate measurements.
🧺 Care Instructions:
• Do not bleach
• Do not dry clean
⚠️ Note: Color may appear slightly lighter or darker due to lighting.","Dapat nag contact kayo na di pala available yong isang design, nagkapareho tuloy yong shirt na dalawa. Tsk..",ph-11134103-7r990-lyrhwzsgxgxq49.jpg,0
prod_06,Baseus H19 Wired Earphones 6D Stereo Bass Headphone In-Ear 3.5mm Headset with MIC,"Hey~ Welcome to Baseus Flagship Official Store!!! Please read the product description clearly,choose u need.Most items have ready stocks! Enjoy~
 ❥Package:
1*H19 3.5mm wired earphone
❥Specifications:
Brand: Baseus
Length:1.2m
❥Feature:
1. Inclined in the ear design, comfortable to wear all day.
2. Φ 14 mm moving coil + PU composite diaphragm, 6 d sound quality,
3. Thin wire control design, sensitive keys, durable
4. Built-in HD microphone, high restoration degree,
5. TPE pattern wire, soft and anti-winding
6. Support all devices with 3.5mm interface",Hours before I received this my mom died so I'm giving it a 1 star. But the products quality is 11/10,ph-11134103-7rasl-m8s0f2hcvwvn23.webp.jpg,0
prod_13,High quality rubber shoes Black school shoes for boy and men's,"No in box
Welcome to the shop, our quality guarantee is cheap
EU  size                   36     37       38    39      40    41    42    43    44    45 
inner length (mm) 225  230   235   240   245   250  255  260  265  270
feet length (mm)  220  225  230  235   240   245    250   255   260  265
       width              8-8.5 /8.5/ 9/ 9-9.5 /9.5-10/10 /10-10.5/10.5/10.5-11/11
 NOTE: If your feet are wide and fat, please choose to place an order in one size larger
This shoe is made of rubber material and may be squeezed or deformed during transportation, but it does not affect wearing. You can soak the shoes in hot water for 5 minutes to restore them to their original shape.
happy shopping for you
✅EARN LOTS OF SHOPEE COINS
✅CASH ON DELIVERY
✅ON HAND AND READY TO SHIP
✅PAY TODAY SHIP TOMORROW
NOTE: WRONG PLACEMENT OF SHIPPING FEE WILL NOT BE PROCESS
DELIVERY PERIOD:
 1-2 days Metro Manila
 3-4 days Provincial
PLEASE READ CAREFULLY BEFORE PLACING AN ORDER/S ️
 ✔️ALL ITEMS ARE AVAILABLE UNLESS MARKED AS ""SOLD OUT""
✔CHOOSE THE CORRECT  IF THE ITEMS HAS DIFFERENT COLORS/PRINTS SO WE CAN AVOID MISTAKES
✔WE ACCEPT RETURNS IF THE ITEM IS NOT YET WORN OR USED. BUYER WILL SHOULDER THE RETURN SHIPPING COST
LIKE & FOLLOW US FOR UPDATES! 
HAPPY SHOPPING!",Appearance: nice | Colour: black | Material Quality: rubber | Ganda ng sapatos at tama ang sukat para to sa 8 y.o kong anak malaki kasi ang paa nya size 8 kaya nag adjust ako ng 1 size at nagustuhan ko naman ang quality at itsura niya salamat seller,ph-11134103-23010-3a1mp93i8fmv75.jpg;ph-11134103-23010-3q1llaij8fmve9.jpg;ph-11134103-23010-ewk7qomj8fmve2.jpg;ph-11134103-23010-xhi5y1yj8fmv2b.jpg,2
prod_16,URBAN PIPE Fashionable Cargo Pants For Men 6 Pocket Drawstring Pant High Quality Bottoms 42917,"Discover the perfect blend of style and comfort with the URBAN PIPE Cargo Pants for Men. Designed for a modern urban look, these oversized pants feature multiple pockets and a versatile wide-leg design.
Functional Design: Equipped with 6 pockets for ample storage.
Stylish Fit: Oversized hip-hop style with wide-leg straight cut.
Adjustable Comfort: Drawstring waist for a customizable fit.
Add these trendy cargo pants to your wardrobe and elevate your casual outfits effortlessly!",Material Quality: good | Colour: black | Appearance: black | It not as comfortable you need nore help to move out from this,ph-11134103-7ra0u-md7eqd8ke340e0.jpg,1
prod_10,Nvision 22 24 27 Inch IPS Monitor 100Hz/144Hz Framless FHD Gaming Monitor PC Laptop Monitor,"Nvision Frameless Flat Gaming Monitor
Energy Star Certified Monitor
Nvision Official Service Center Guranteed 
180 Days For Feplacement.
24 Months Warranty Period.
Specification:
___________________________________________________________________
Variation:
Model:  N2455PRO 24"" FHD
Color: Black/White
Display Size: 23.8""
Panel Type:  IPS
Refresh Rate: 100Hz
Response Time: 5Ms
Resolution: 1920*1080 Fhd
Brightness: 230Cd/m2
Contrast Ratio: 1000:1
Display Colors：16.7M
Viewing Angle：170(H) X 170(V)
Interface：HDMI*1 VGA*1,  DC input
Power Adaptor: AC220V, DC 12V/2.5A
Accessories: HDMI Cable *1, Metal Stand&Screw, Screw Driver, Instruction Manual, Warranty Card
Vesa Mount:  75mm * 75mm
___________________________________________________________________
Model:  N2455GT 24"" FHD
Color: Black/White
Display Size: 23.8""
Panel Type:  IPS
Refresh Rate: 144Hz
Response Time: 5Ms
Resolution: 1920*1080 Fhd
Brightness: 230Cd/m2
Contrast Ratio: 1000:1
Display Colors：16.7M
Viewing Angle：170(H) X 170(V)
Interface：HDMI*1 VGA*1,  DC input
Power Adaptor: AC220V, DC 12V/2.5A
Accessories: HDMI Cable *1, Metal Stand&Screw, Screw Driver, Instruction Manual, Warranty Card
Vesa Mount:  75mm * 75mm
___________________________________________________________________
Variation:
Model:  N2755PRO 27'' FHD
Color: Black/White
Display Size: 27''
Panel Type:  IPS
Refresh Rate: 100Hz
Response Time: 5Ms
Resolution: 1920*1080 Fhd
Brightness: 230cd/m2
Contrast Ratio: 1000:1
Display Colors：16.7M
Viewing Angle：170(H) X 170(V)
Interface：HDMI*1 VGA*1,  DC input
Power Adaptor: AC220V, DC 12V/2.5A
Accessories: HDMI Cable *1, Metal Stand&Screw, Screw Driver, Instruction Manual, Warranty Card
Vesa Mount:  75mm * 75mm
___________________________________________________________________
Variation:
Model:  N2255GP 22'' FHD
Color: Black/White
Display Size: 21.5''
Panel Type:  IPS
Refresh Rate: 120Hz
Response Time: 5Ms
Resolution: 1920*1080 Fhd
Brightness: 230cd/m2
Contrast Ratio: 1000:1
Display Colors：16.7M
Viewing Angle：170(H) X 170(V)
Interface：HDMI*1 VGA*1,  DC input
Power Adaptor: AC220V, DC 12V/2.5A
Accessories: HDMI Cable *1, Metal Stand&Screw, Screw Driver, Instruction Manual, Warranty Card
Vesa Mount:  75mm * 75mm
___________________________________________________________________
Model:  N2510 25"" FHD
Color: Black/White
Display Size: 24.5""
Panel Type: VA
Refresh Rate: 100Hz
Response Time: 5Ms
Resolution: 1920*1080P
Brightness: 250Cd/m2
Contrast Ratio: 1000:1
Display Colors：16.7M
Viewing Angle：170(H) X 170(V)
Interface：HDMI*1,VGA*1, DC Input*1
Power Adaptor: AC220V, DC 12V/2.5A
Package Size: 63*13*42cm
Weight: 4.5kg
Accessories: HDMI Cable *1, Metal Stand&Screw, Screw Driver, Instruction Manual, Warranty Card
Vesa Mount:  75mm * 75mm
___________________________________________________________________
Model:  Q2760 27"" QHD
Color: Black/White
Display Size: 27""
Panel Type: IPS
Refresh Rate: 100Hz
Response Time: 5Ms
Resolution: 2560*1440P
Speaker: Build-in Speaker
Brightness: 250Cd/m2
Contrast Ratio: 1000:1
Display Colors：16.7M
Viewing Angle：170(H) X 170(V)
Interface：HDMI*1, DP*1, Audio Out*1, DC Input*1
Power Adaptor: AC220V, DC 12V/2.5A
Package Size: 63*13*42cm
Weight: 4.5kg
Accessories: HDMI Cable *1, Metal Stand&Screw, Screw Driver, Instruction Manual, Warranty Card
Vesa Mount:  75mm * 75mm",So far okay naman ang quality ng monitor. I was just disappointed that I paid extra to put the parcel in a crate so that it is secured during transit. When it arrived it was only bubblewrapped! The good thing is that the seller was able to refund my payment for the crate.,ph-11134103-81ztj-me80ovlznbbb37.jpg,1
prod_07,Inplay H20 RGB Wired Headset RGB Light Gaming Headset Headphones With Microphone For Pc Laptop,"Inplay Official Service Center Guranteed
6 Months Warranty Period
_______________________________________________________________________________________________________
SPECIFICATION
Brand: INPLAY
Model: H20
Color: Black / White
Warranty: 6 Months
Brand: INPLAY
Model: H30
Color: Balck / White
Warranty: 6 Months
Variation
Brand: Inplay
Model: HG710
Color: Black / White
Driver Diameter: 50mm
Impedance: 30Ω
Sensitivity: 107-113db
Frequency Response: 20hz-20khz
Light Effect: Colorful led light
Cable Length: 1.8m
Product Size:200*190*85mm
Product Weight: 257-277g
Warranty: 6 Months
Brand: INPLAY
Model: S500
Color: Balck
Warranty: 6 Months",Product Quality: 2 | Performance: 10/10 | Best Feature: 8 | Goods ang sounds pero may damage na,ph-11134103-7r992-lv1k4lux81lg06.jpg,1
prod_08,Inplay S500 Wired RGB Gaming Headset With Mic Surround Sound Over Ear Headphone For PC Laptop,"Inplay Official Service Center Guranteed
Variation
Brand: Inplay
Model: S500
Driver Diameter: 50mm
Impedance: 32Ω@1KHZ
Sensitivity: 115-121db at 1KHZ 1mV
Frequency Response: 20hz-20khz
Light Effect: Colorful led light
Cable Length: 1.8m
Product Size:190*170*90mm
Product Weight: 228-248g
Warranty: 6 Months
Microphone Parameters
Sensitivity: -38-42dB@1KHz
Input mode: DC 3.5 plug
Signal to Noise Ratio: ≥60db
Frequency Response: 100Hz-8KHz",Product Quality: Great sound quality on a budget! Microphone works well too. | Performance: Excellent! Very helpful for gaming and school work. | Best Feature: Very comfortable cushioning and very attractive RGB lighting.,ph-11134103-81zti-mfpfw58hw4jt35.jpg;ph-11134103-81ztg-mfpfw58aefin4c.jpg;ph-11134103-81zti-mfpfw58ffmrw74.jpg;ph-11134103-81zto-mfpfw58goky585.jpg;ph-11134103-81ztm-mfpfw58hgoax23.jpg,2
prod_18,POND'S Acne Clear Pore Conditioning Toner with Salicylic Acid and Tea Tree Oil for Anti Pimple 100ml,"Pond’s Acne Clear Pore Conditioning Toner cares for pores to give you clearer skin that is smooth and refined up close. It has Salicylic Acid and Tea Tree Oil that deeply cleans and unclogs pores, helping to reduce pimples for clearer skin. It also has Pore Tightening Essence that conditions pores for smooth and refined skin.",Usage Experience: Dries out your skin easily but is good for pimples! | Packaging: 10/10 | Items arrived safely and well packed with carton and multiple layers of bubble wrap. Seller also sealed the products with a tape to avoid leakage. PONDS products are specially formulated for Filipina Skin :) This product easily dries out your pimples and the rest of your face so make sure to use a moisturizer :),ph-11134103-7qukx-lhsna1pntfxj42.jpg,2
prod_17,Baggy Jeans Korean Style Jeans pants for Men straight cut Men's denim pants for men wide leg pants comfortable pants,"🌴S(27/28) Waist 26.7"" Length 38.1"" Hips 40.1"" 150-160cm. 40-45kg.
🌴M(29/30) Waist 28.7"" Length 38.5"" Hips 41.7"" 160-165cm. 45-55kg.
🌴L(31) Waist 30.7"" Length 38.9"" Hips 43.3"" 165-170cm. 55-60kg.
🌴XL(32/33) Waist 32.6"" Length 39.3"" Hips 44.4"" 165-173cm. 60-65kg.
🌴XXL(34/36) Waist 34.6"" Length 39.7"" Hips 46"" 170-175cm. 65-70kg.
🌴XXXL(38) Waist 36.6"" Length 40.1"" Hips 47.6"" 170-175cm. 70-80kg.",Material Quality: goods | Colour: gooods | Appearance: goods naman | paano koto isasarado?,ph-11134103-7rask-m9o165kwv9n175.jpg;ph-11134103-7rasb-m9o165kwwo7h91.jpg,1
prod_02,Luxe Organix Whitening Repair Ultra Light Glow Cleanser 150ml,"Evens out skin tone, lighten scars and dark spots, brighten skin
LUXE ORGANIX WHITENING REPAIR GENTLE FOAM CLEANSER IS MADE WITH NIACINAMIDE AND LICORICE ROOT EXTRACT TO REDUCE APPEARANCE OF HYPERPGMENTATION. ENLARGED PORES AND EXCESS OIL. IT LIGHTENS SKIN AND EVENS OUT SKIN TONE LEAVING YOU WITH A FRESH AND NATURAL GLOW.
HOW TO USE: SQUEEZE A PEA SIZED AMOUNT ONTO HANDS, GENTLY MASSAGE INTO DAMP FACE IN CIRCULAR MOTIONS, AVOIDING THE EYE AREA. RINSE THROUGHLY WITH WATER.CAUTION: FOR EXTERNAL USE ONLY. AVOID CONTACT WITH EYES. CONDUCT A SKIN TEST FIRST. STOP USING AND CONSULT A DOCTOR IF SKIN BECOMES RED, SWOLLEN AND ITCHYDURING USE. KEEP OUT OF REACH OF CHILDREN. STORE AT ROOM TEMPERATURE.
INGREDIENTS: WATER, MYRISTIC ACID, GLYCERIN, POTASSIUM HYDROXIDE, PALMITIC ACID, STEARID ACID, LAURAMIDE DEA, SODIUM LAURETH SULFATE, COCAMIDOPROPYL BETAINE, GLYCERYL STEARATE, BENZYL GLYCOL, PEG-100 STEARATE, NIACINAMIDE, GLYCYRRHIZA GLABRA (LICORICE) ROOT EXTRACT, SODIUM CHLORIDE, BUTYLENE GLYCOL, 1,2- HEXANEDIOL, GLYCOL DISTEARATE, RASPBERRY KETONE, CARBOMER, DISODIUM EDTA, LAURIC ACID, ETHYLHEXYLGLYCERIN, CITRIC ACID, SODIUM CARBONATE, FRAGRANCE.",Effectiveness: tinigyawat lang ako and nagkaroon ng tiny bumps i guess because may buo buo sya and parang narereach yubg pores idk | Texture: okay naman,ph-11134103-7r98r-lvsf9op2ff84f8.jpg,0
prod_04,Garnier Brightening Foam Facial Cleanser Skin care For Dark Spots Dull Skin Garnier Facial Wash 50ml,"WHAT IS IT
A gentle, easy to rinse foam with the power of Pure Lemon Extract to intensively cleanse and clear dullness.
 WHAT IT DOES
Cleanses and brightens skin.
 WHY IT'S PERFECT FOR YOU
Cleanse and clear away dullness with the power of pure lemon extract.
 HOW TO USE
Gently massage onto wet face while avoiding eye area. Rinse off with water. Use day and night as needed.
 CARE INSTRUCTIONS
Keep away from direct sunlight. Store at room temperature.
 INGREDIENTS
AQUA/WATER, GLYCERIN, MYRISTIC ACID, PAMITIC ACID, STEARIC ACID, GLYCERYL STEARATE, KAOLIN, BENZYL SALICYLATE, CITRUS MEDICA EXTRACT, LIMONENE, LINALOOL. METHYLISOTHIAZOLINONE, PEG-14M, TETRASODIUM EDTA, PARFUM/ FRAGRANCE (B45631/1)
Daytime Morning Regimen
STEP 1: REMOVE MAKEUP & IMPURITIES with the Garnier Vitamin C Micellar Water. Saturate a cotton pad with micellar water and gently wipe your face to remove dirt and excess oil.
STEP 2: CLEANSE your face with the Garnier Vitamin C Brightening Cleanser Foam OR Gel Cleanser Wash. Wet your face with water, apply a small amount of the cleanser, and massage in circular motions. Rinse thoroughly.
STEP 3: TREAT with the Garnier Vitamin C Booster Serum. Apply 3-4 drops of the serum all over your face in upward motion. Let it absorb fully before moving on to the next steps. This will help to fade dark spots in 3 days!
STEP 4: ENHANCE your skin with the Garnier Vitamin C Ampoule Serum. Apply a small amount of the ampoule serum on problem areas, or all over your face to fade hyperpigmentation, sunspots (pekas), melasma, and dark undereye circles.
STEP 5: MOISTURIZE with the Garnier Vitamin C Day Cream Moisturizer. Massage in upward circular motion all over your face, to lock in moisture and create a protective barrier on your skin.
STEP 6: PROTECT your skin from harmful UV rays with the Garnier Vitamin C UV Sunscreen. Apply a thin layer of sunscreen evenly on your face, at least 15 minutes before sun exposure. Reapply throughout the day for maximum sun protection.
Nighttime Evening Regimen
STEP 1: REMOVE MAKEUP & IMPURITIES with the Garnier Vitamin C Micellar Water. Saturate a cotton pad with micellar water and gently wipe your face to remove dirt and excess oil.
STEP 2: CLEANSE your face with the Garnier Vitamin C Brightening Cleanser Foam OR Gel Cleanser Wash. Wet your face with water, apply a small amount of the cleanser, and massage in circular motions. Rinse thoroughly.
STEP 3: TREAT with the Garnier 10% Pure Vitamin C Overnight Booster Serum. Apply 3-4 drops of the serum all over your face in upward motion to support overnight skin repair and recovery. all over your face in upward motion. Let it absorb fully before moving on to the next steps.
STEP 4: ENHANCE your skin with the Garnier Vitamin C Ampoule Serum. Apply a small amount of the ampoule serum on problem areas, or all over your face to fade hyperpigmentation, sunspots (pekas), melasma, and dark undereye circles.
STEP 5: REJUVENATE and nourish your skin with the Garnier Vitamin C Night Cream Moisturizer. Apply the night cream to lock in moisture for optimum repair and recovery especially during at night",Fragrance: 1/10 | Texture: 1/10 | Effectiveness: 1/10 | nakaka disappointe. ung order ko face wash foam vit C + lemon.. hindi ang order ko ang dumating. mali mali kayo.. sana ayusin nyo nman trabaho nyo.. nag babayad nman kami ng maayos.. pangalawang order ko na to. ung una mali rin.. okey lang. sige.. dis time mali parin..,ph-11134103-7r98o-ltytiala8mfd2f.jpg,0
prod_04,Garnier Brightening Foam Facial Cleanser Skin care For Dark Spots Dull Skin Garnier Facial Wash 50ml,"WHAT IS IT
A gentle, easy to rinse foam with the power of Pure Lemon Extract to intensively cleanse and clear dullness.
 WHAT IT DOES
Cleanses and brightens skin.
 WHY IT'S PERFECT FOR YOU
Cleanse and clear away dullness with the power of pure lemon extract.
 HOW TO USE
Gently massage onto wet face while avoiding eye area. Rinse off with water. Use day and night as needed.
 CARE INSTRUCTIONS
Keep away from direct sunlight. Store at room temperature.
 INGREDIENTS
AQUA/WATER, GLYCERIN, MYRISTIC ACID, PAMITIC ACID, STEARIC ACID, GLYCERYL STEARATE, KAOLIN, BENZYL SALICYLATE, CITRUS MEDICA EXTRACT, LIMONENE, LINALOOL. METHYLISOTHIAZOLINONE, PEG-14M, TETRASODIUM EDTA, PARFUM/ FRAGRANCE (B45631/1)
Daytime Morning Regimen
STEP 1: REMOVE MAKEUP & IMPURITIES with the Garnier Vitamin C Micellar Water. Saturate a cotton pad with micellar water and gently wipe your face to remove dirt and excess oil.
STEP 2: CLEANSE your face with the Garnier Vitamin C Brightening Cleanser Foam OR Gel Cleanser Wash. Wet your face with water, apply a small amount of the cleanser, and massage in circular motions. Rinse thoroughly.
STEP 3: TREAT with the Garnier Vitamin C Booster Serum. Apply 3-4 drops of the serum all over your face in upward motion. Let it absorb fully before moving on to the next steps. This will help to fade dark spots in 3 days!
STEP 4: ENHANCE your skin with the Garnier Vitamin C Ampoule Serum. Apply a small amount of the ampoule serum on problem areas, or all over your face to fade hyperpigmentation, sunspots (pekas), melasma, and dark undereye circles.
STEP 5: MOISTURIZE with the Garnier Vitamin C Day Cream Moisturizer. Massage in upward circular motion all over your face, to lock in moisture and create a protective barrier on your skin.
STEP 6: PROTECT your skin from harmful UV rays with the Garnier Vitamin C UV Sunscreen. Apply a thin layer of sunscreen evenly on your face, at least 15 minutes before sun exposure. Reapply throughout the day for maximum sun protection.
Nighttime Evening Regimen
STEP 1: REMOVE MAKEUP & IMPURITIES with the Garnier Vitamin C Micellar Water. Saturate a cotton pad with micellar water and gently wipe your face to remove dirt and excess oil.
STEP 2: CLEANSE your face with the Garnier Vitamin C Brightening Cleanser Foam OR Gel Cleanser Wash. Wet your face with water, apply a small amount of the cleanser, and massage in circular motions. Rinse thoroughly.
STEP 3: TREAT with the Garnier 10% Pure Vitamin C Overnight Booster Serum. Apply 3-4 drops of the serum all over your face in upward motion to support overnight skin repair and recovery. all over your face in upward motion. Let it absorb fully before moving on to the next steps.
STEP 4: ENHANCE your skin with the Garnier Vitamin C Ampoule Serum. Apply a small amount of the ampoule serum on problem areas, or all over your face to fade hyperpigmentation, sunspots (pekas), melasma, and dark undereye circles.
STEP 5: REJUVENATE and nourish your skin with the Garnier Vitamin C Night Cream Moisturizer. Apply the night cream to lock in moisture for optimum repair and recovery especially during at night",Item arrived almost 3 weeks waiting. Packaging is 🥲,ad32d9e48616475a482b8c3fa367c977.jpg,0
prod_15,Infinitee Japanese Inspired Oversized T Shirt For Men Women Oversize Plus Size Tshirt Top Tops Tees,"Premium Quality Cotton T-Shirt
✔ 100% Brand New
✔ Material: Cotton-blend
✔ Fit: Loose Fit
✔ Style: Casual
✔ Fabric Density: 200 gsm
✔ Comfortable and Long-Wearing
✔ Asian Size
📏 Please refer to the Size Chart for accurate measurements.
🧺 Care Instructions:
• Do not bleach
• Do not dry clean
⚠️ Note: Color may appear slightly lighter or darker due to lighting.",Appearance: good | Colour: good | Material Quality: good,ph-11134103-7qul7-libgzdh6m5mu67.jpg,2
prod_03,"Cetaphil Gentle Skin Cleanser 59ml (For Sensitive Skin, Non-Drying Facial Wash, And Paraben Free)","Our best-selling gentle skin cleanser is clinically proven to actively hydrate while cleansing the skin, and defends against the five signs of skin sensitivity including dryness, irritation, roughness, toughness, and a weakened skin barrier
Our best-seller and fan favorite - a mild, non-irritating and soap-free formula that soothes skin as it cleanses. This award-winning cleanser is clinically proven to hydrate while cleansing, and helps to strengthen the skin&#39;s moisture barrier. It can be specifically used for everyday cleansing, and defends against the five signs of skin sensitivity - dryness, irritation, roughness, toughness, and weakened skin barrier. Non-comodogenic, fragrance-free, pH balanced, and dermatologically tested.
Cetaphil is the most prescribed skincare brand by dermatologists.
- Gentle, soap-free, non-irritating cleanser actively hydrates while cleansing
- Defends against the five signs of skin sensitivity, including dryness, irritation, roughness, tightness and weakened skin barrier
- Non-foaming cleanser can be used with or without water
- Suitable for all skin types, including dry and sensitive skin
- Dermatologist tested and clinically proven to be gentle on sensitive skin
- Fragrance free, hypoallergenic and non-comedogenic, so it won&#39;t irritate skin or clog pores
INGREDIENTS:
Aqua, Glycerin, Cetearyl Alcohol, Panthenol, Niacinamide, Pantolactone, Xanthan Gum, Sodium Cocoyl Isethionate, Sodium Benzoate, Citric Acid
Directions for Use:
With water: 
Apply cleanser and gentle massage into skin. Rinse.
Without water:
Apply a liberal amount of cleanser and gently massage into skin.
About the Brand:
Cetaphil is a gentle skincare brand that has been recommended by dermatologists for over 70 years, and is today used by millions of people with sensitive skin from all around the world. It offers a complete range of cleansers, moisturizers and sun protection ideal for face and body, providing gentle yet effective skincare formula to strengthen and protect even the most sensitive skin.
MOST PRESCRIBED SKINCARE BRAND
Cetaphil is the original sensitive cleanser recommended by dermatologists for over 70 years
CLINICALLY TESTED FOR SENSITIVE SKIN
Our soap-free, skin nourishing products will treat your skin without irritation and is hypoallergenic
DEFENDS AGAINST 5 SIGNS OF SENSITIVITY
Clinically proven to soothe, hydrate, and nourish sensitive skin","Effectiveness: Gentle to skin, baby approved | Fragrance: Pleasant smell | Texture: Lathery | Okayyy shipped immediately but Where's my freebie?? I got excited reading others reviews about the freebies and was hoping I could get one.. Where's my freebie??Where's my freebie??",ph-11134103-22100-kgg0hrt15uivab.jpg,1
prod_11,ICON Webcam 2K/ 1080P/ 720P Full HD Video Call For PC Laptop With Microphone Home USB Video Webcam,"Name: ICON 1080X1920P Webcam 2K
8 million high-definition image sensor, effective resolution 1920*1080
Main control chip: Lingtong GP2247
Camera chip: F37
Camera physical pixels: 800W
Camera angle: 90 degrees
Microphone: built-in noise reduction microphone
Drive type: free drive (plug and play)
Interface type: USB 2.0 (built-in mark)
USB cable length: 140cm
Camera chip size: 1/4'' CMOS
---------------------------------------------------------------------------------------------------------------------------------------------------------
Name: ICON webcam 720P
5 million high-definition image sensor, effective resolution 1280*720
Main control chip: Lingtong GP2247
Camera chip: F37
Camera physical pixels: 500W
Camera angle: 90 degrees
Microphone: built-in noise reduction microphone
Drive type: free drive (plug and play)
Interface type: USB 2.0 (built-in mark)
USB cable length: 140cm
Camera chip size: 1/4'' CMOS
---------------------------------------------------------------------------------------------------------------------------------------------------------
Name: ICON webcam 1080P
5 million high-definition image sensor, effective resolution 1920X1080
Main control chip: Lingtong GP2247
Camera chip: F37
Camera physical pixels: 800W
Camera angle: 90 degrees
Microphone: built-in noise reduction microphone
Drive type: free drive (plug and play)
Interface type: USB 2.0 (built-in mark)
USB cable length: 140cm
Camera chip size: 1/4'' CMOS
warranty service
Replacement within 15 days: Within 15 days after the receipt of the product, if there is a product quality problem that is not artificially damaged, you can contact customer service and we will provide replacement services.
1 year warranty: From the date of receipt of the product, if there is a hardware failure problem under normal use, non-artificial damage, any natural disasters. Free warranty for one year.
Lifetime technical maintenance: After purchasing the product, you can enjoy free lifetime technical consulting services provided by engineers
About shipping: If there is a quality problem within 1 month of purchasing the product, the shipping will be borne by each other.
After one month to one year, the return shipping fee shall be borne by the customer.","Product Quality: blurr | Best Feature: small | Value For Money: ok | I added special instructions to wrap it securely, still ended up with dents. Camera was not even wrapped. Poor packing. Seller offered 50 pesos refund but did nothing even after follow up. Lol",ph-11134103-820le-mmmmrt8v3yf83f.jpg,0
prod_11,ICON Webcam 2K/ 1080P/ 720P Full HD Video Call For PC Laptop With Microphone Home USB Video Webcam,"Name: ICON 1080X1920P Webcam 2K
8 million high-definition image sensor, effective resolution 1920*1080
Main control chip: Lingtong GP2247
Camera chip: F37
Camera physical pixels: 800W
Camera angle: 90 degrees
Microphone: built-in noise reduction microphone
Drive type: free drive (plug and play)
Interface type: USB 2.0 (built-in mark)
USB cable length: 140cm
Camera chip size: 1/4'' CMOS
---------------------------------------------------------------------------------------------------------------------------------------------------------
Name: ICON webcam 720P
5 million high-definition image sensor, effective resolution 1280*720
Main control chip: Lingtong GP2247
Camera chip: F37
Camera physical pixels: 500W
Camera angle: 90 degrees
Microphone: built-in noise reduction microphone
Drive type: free drive (plug and play)
Interface type: USB 2.0 (built-in mark)
USB cable length: 140cm
Camera chip size: 1/4'' CMOS
---------------------------------------------------------------------------------------------------------------------------------------------------------
Name: ICON webcam 1080P
5 million high-definition image sensor, effective resolution 1920X1080
Main control chip: Lingtong GP2247
Camera chip: F37
Camera physical pixels: 800W
Camera angle: 90 degrees
Microphone: built-in noise reduction microphone
Drive type: free drive (plug and play)
Interface type: USB 2.0 (built-in mark)
USB cable length: 140cm
Camera chip size: 1/4'' CMOS
warranty service
Replacement within 15 days: Within 15 days after the receipt of the product, if there is a product quality problem that is not artificially damaged, you can contact customer service and we will provide replacement services.
1 year warranty: From the date of receipt of the product, if there is a hardware failure problem under normal use, non-artificial damage, any natural disasters. Free warranty for one year.
Lifetime technical maintenance: After purchasing the product, you can enjoy free lifetime technical consulting services provided by engineers
About shipping: If there is a quality problem within 1 month of purchasing the product, the shipping will be borne by each other.
After one month to one year, the return shipping fee shall be borne by the customer.",Product Quality: happy to purchase this webcam. clear kong nakikita mukha ko😅 ganda ng quality. | Thank you seller. I loveeee it🤩,ph-11134103-7qula-liy537isotmu6f.jpg;ph-11134103-7qul4-liy537gl7iti1f.jpg;ph-11134103-7qukx-liy537gks2km37.jpg;ph-11134103-7qul9-liy537j2of0mc5.jpg,2
prod_13,High quality rubber shoes Black school shoes for boy and men's,"No in box
Welcome to the shop, our quality guarantee is cheap
EU  size                   36     37       38    39      40    41    42    43    44    45 
inner length (mm) 225  230   235   240   245   250  255  260  265  270
feet length (mm)  220  225  230  235   240   245    250   255   260  265
       width              8-8.5 /8.5/ 9/ 9-9.5 /9.5-10/10 /10-10.5/10.5/10.5-11/11
 NOTE: If your feet are wide and fat, please choose to place an order in one size larger
This shoe is made of rubber material and may be squeezed or deformed during transportation, but it does not affect wearing. You can soak the shoes in hot water for 5 minutes to restore them to their original shape.
happy shopping for you
✅EARN LOTS OF SHOPEE COINS
✅CASH ON DELIVERY
✅ON HAND AND READY TO SHIP
✅PAY TODAY SHIP TOMORROW
NOTE: WRONG PLACEMENT OF SHIPPING FEE WILL NOT BE PROCESS
DELIVERY PERIOD:
 1-2 days Metro Manila
 3-4 days Provincial
PLEASE READ CAREFULLY BEFORE PLACING AN ORDER/S ️
 ✔️ALL ITEMS ARE AVAILABLE UNLESS MARKED AS ""SOLD OUT""
✔CHOOSE THE CORRECT  IF THE ITEMS HAS DIFFERENT COLORS/PRINTS SO WE CAN AVOID MISTAKES
✔WE ACCEPT RETURNS IF THE ITEM IS NOT YET WORN OR USED. BUYER WILL SHOULDER THE RETURN SHIPPING COST
LIKE & FOLLOW US FOR UPDATES! 
HAPPY SHOPPING!",Appearance: good | Colour: good | Material Quality: good | Order ko size 43 ang dunating 39,ph-11134103-7r98x-lpwxdmp50bej0d.jpg,0
prod_16,URBAN PIPE Fashionable Cargo Pants For Men 6 Pocket Drawstring Pant High Quality Bottoms 42917,"Discover the perfect blend of style and comfort with the URBAN PIPE Cargo Pants for Men. Designed for a modern urban look, these oversized pants feature multiple pockets and a versatile wide-leg design.
Functional Design: Equipped with 6 pockets for ample storage.
Stylish Fit: Oversized hip-hop style with wide-leg straight cut.
Adjustable Comfort: Drawstring waist for a customizable fit.
Add these trendy cargo pants to your wardrobe and elevate your casual outfits effortlessly!",Material Quality: Durable | Appearance: Stylish | Colour: Versatile | My 2nd purchase from this shop — got a different color because I was impressed with the first one! The cargo pants are lightweight & very comfy to wear. Dark gray looks just as stylish as the dark green I previously bought. I even wear them to the hospital paired with my scrubs — very versatile and can be used almost anywhere. Packed well and arrived on time! Thank u very much,ph-11134103-7rase-ma1ema69wvg343.jpg;ph-11134103-7ras8-ma1ema7nuucz02.jpg,2
prod_01,CCL PH USB Wired Gaming Mouse High Configuration with Backlight for PC & Laptop X1,"💯 High Quality
💯 Brand New
Easy to operate, USB plug and play, no driver needed. Anti-skid and waterproof design. ABS material, laser-etched, non-slip design, splash proof and durable.
Rainbow Color Backlight effects: bringing cool gaming experience, in particular increase gaming keys backlit effect and easy type in the dark.
Quickly control each function, ergonomic design, comfortable to operate.
Button service life: 5 million times
DPI adjustment provides 800/1200/1600 gear shift control for different games.
The smooth 3D roller with anti-skid scale grain ensures you to operate comfortably.
The buttons structure adopt precursor type streamline design provides excellent click sense.
Ergonomic design: perfect size fits naturally in your hand and provides comfortable touch feeling.
Product size: 12.3cm x 6.8cm  x 3.8cm (approx.)
🖌 FREE Shipping
🖌 Cash on Delivery (COD) is available       
🖌 Order Today Ship ASAP     
DELIVERY PERIOD:  
🚚 2-4 days Metro Manila
🚚 3-7 days Provincial
  ⚠️ Please CHOOSE THE CORRECT variation so we can avoid mistakes.
⚠️ If the item you received is defective, please contact us immediately. 
💡 Please leave us a positive feedback with 5 STARS ⭐️ ⭐️ ⭐️ ⭐️ ⭐️ if you are satisfied with our product and service. Your feedback will be much appreciated.
💡 Please contact us immediately before leaving any negative feedbacks or open a dispute on Shopee.","Product Quality: okay for the prize | Performance: okay | Best Feature: affordable prize | gumagana naman lahat sana lang mgtagal, di ko lang na appreciate yung pagkabalot wala manlang bubble wrap .. cguro ng tipod lang sila kc mura ko na bili",ph-11134103-7qul3-lfnnwsw7abkv46.jpg,1
prod_09,Jeep EW011 TWS True Wireless Bluetooth Earphones HiFi Sound Noise Cancellation HD Calls Earbuds,"Specification:
Brand: Jeep
Model: JP EW011
Wireless version: V5.3
Speaker size: Φ13mm
Sensitivity:118±3dB
Impedance: 250
Frequency response:50HZ-20KHZ
Cell voltage: 3.7V
Music playing time:About 4H (80% volume)
Standby time:About 50H
Charging time:About 2H
Headphone battery capacity: 30mAh/3.7V
Charging compartment battery capacity: 300mAh/3.7V
Product size:61.5x25x45.5mm
What's in the box
2 x Bluetooth Earphones
1 x Charging Case
1 x Charging Cable
1 x User Manual",Sound Quality: the sound is build strong and balance | Design: unisex | Comfort: feel good and comfortable to wear all time | Medyo goods naman sa price pero di ganun ka quality since affordable naman.,ph-11134103-820lc-mmoaiqvwz09079.jpg;ph-11134103-820l7-mmoaiqvomepv0c.jpg;ph-11134103-820lg-mmoaiqvxsi6n38.jpg;ph-11134103-820lb-mmoaiqvz1gche8.jpg,2
prod_06,Baseus H19 Wired Earphones 6D Stereo Bass Headphone In-Ear 3.5mm Headset with MIC,"Hey~ Welcome to Baseus Flagship Official Store!!! Please read the product description clearly,choose u need.Most items have ready stocks! Enjoy~
 ❥Package:
1*H19 3.5mm wired earphone
❥Specifications:
Brand: Baseus
Length:1.2m
❥Feature:
1. Inclined in the ear design, comfortable to wear all day.
2. Φ 14 mm moving coil + PU composite diaphragm, 6 d sound quality,
3. Thin wire control design, sensitive keys, durable
4. Built-in HD microphone, high restoration degree,
5. TPE pattern wire, soft and anti-winding
6. Support all devices with 3.5mm interface",Performance: Loud sound and has a nice noise cancelling. | Best Feature: Buds are easy to insert. Convenient buttons. | Product Quality: 10/10 | It didnt really disappoint for its price. I highly recommend this earphones to those who wants a not so cheap not so expensive one. The sound is already loud enough even at middle volume. Thank you so much seller!,ph-11134103-22090-vlge76nr4lhv18.jpg;ph-11134103-22090-mz2dg7nr4lhvc3.jpg;ph-11134103-22090-rifck8nr4lhv1b.jpg;ph-11134103-22090-ftz089nr4lhvff.jpg,2
prod_17,Baggy Jeans Korean Style Jeans pants for Men straight cut Men's denim pants for men wide leg pants comfortable pants,"🌴S(27/28) Waist 26.7"" Length 38.1"" Hips 40.1"" 150-160cm. 40-45kg.
🌴M(29/30) Waist 28.7"" Length 38.5"" Hips 41.7"" 160-165cm. 45-55kg.
🌴L(31) Waist 30.7"" Length 38.9"" Hips 43.3"" 165-170cm. 55-60kg.
🌴XL(32/33) Waist 32.6"" Length 39.3"" Hips 44.4"" 165-173cm. 60-65kg.
🌴XXL(34/36) Waist 34.6"" Length 39.7"" Hips 46"" 170-175cm. 65-70kg.
🌴XXXL(38) Waist 36.6"" Length 40.1"" Hips 47.6"" 170-175cm. 70-80kg.","Colour: 6/10 | Appearance: 5/10 | The product is not a baggy pants, all i can say that this product is a straight loose pants. And when it comes to the waistline i suggest that you add extra size for it",ph-11134103-81ztn-mi5penigssn807.webp.jpg,0
prod_12,[JSJK] autumn new biscuit shoes canvas shoes women's low top Korean fashion shoes#F110,"Upper; Nylon fly woven  artificial leather elastic band
Sole: rubbe, sole,
Heel: flat bottom, split heel, thick heel and thin heel
Shoes: Sandals, sports, leisure and slippers
Height: generally 2-3 inches, 3-5 inches
Suitable season: spring, summer, autumn and winter
Suitable places: gathering, attending, working, shopping and leisure sports
Year of production: 2020                           
Euro size for women:   35-36-37-38-39-40
Euro size for men：    39-40-41-42-43-44
Size  charm : ADD SIZE PAG MALAPAD PAA!
Women ： 22.5cm-size 35        men ： 24.5cm- size39
23cm-size36                  25cm-size40
23.5cm-size37                 26cm -size41
24cm-size 38                  26.5cm--size42
24.5cm-size39                 27.5cm-size 43
25cm-size40                   28cm-size44
All PRODUCT are ON HAND & READY TO SHIP 
✅EARN SHOPEE COINS 
✅CASH ON DELIVERY
 ✅PAY TODAY SHIP TOMORROW ENJOY FREE SHIPPING & CASH ON DELIVERY FOR A MINIMUM PURCHASE OF 500 PESOS ONLY
DELIVERY PERIOD: 4-10days 
MUST READ 
✔️ALL ITEMS ARE AVAILABLE UNLESS MARKED AS ""SOLD OUT""
 ✔️ The Free Size Item may not Perfectly Fit to Every One 
✔️WE ACCEPT RETURNS IF THE ITEM IS NOT YET WORN OR USED. 
BUYER WILL SHOULDER THE RETURN SHIPPING COST 
LIKE & FOLLOW US FOR UPDATES! 
FOR NOT MISSING ANY DISCOUNT！！！！ 
AFTER SALES SERVICE 
(1)If the item you received is defective, please contact us immediately.
(2) REMINDERS 
(3)(1)Please kindly leave us a positive feedback (5 stars) , if you are satisfied with our items. And you could share with your friends on Facebook, Twitter...Thanks 
(4)(2)Please contact us before leaving any negative feedback or open a dispute on Shopee. 
(5)(3)Please give us the opportunity to resolve any problem .
s","Maganda naman yung sapatos, what ypu see is what you get, kaso mabaho parang pesticide, I don't know kung ba't ganon kahit nilabhan ko na andon pa din ang amoy.",675902d15b99b99ddded21fb8d59eff9.jpg,0
prod_07,Inplay H20 RGB Wired Headset RGB Light Gaming Headset Headphones With Microphone For Pc Laptop,"Inplay Official Service Center Guranteed
6 Months Warranty Period
_______________________________________________________________________________________________________
SPECIFICATION
Brand: INPLAY
Model: H20
Color: Black / White
Warranty: 6 Months
Brand: INPLAY
Model: H30
Color: Balck / White
Warranty: 6 Months
Variation
Brand: Inplay
Model: HG710
Color: Black / White
Driver Diameter: 50mm
Impedance: 30Ω
Sensitivity: 107-113db
Frequency Response: 20hz-20khz
Light Effect: Colorful led light
Cable Length: 1.8m
Product Size:200*190*85mm
Product Weight: 257-277g
Warranty: 6 Months
Brand: INPLAY
Model: S500
Color: Balck
Warranty: 6 Months",Product Quality: sakto lang mahina sya pag ginagamit ko | Best Feature: ganda color | Performance: Saks lang 50 50 Hina audio sakin kaya diko nagagamit e | Sdgs no poverty zero hunger,ph-11134103-7r98q-m0a5u6ult2x06c.jpg,1
prod_04,Garnier Brightening Foam Facial Cleanser Skin care For Dark Spots Dull Skin Garnier Facial Wash 50ml,"WHAT IS IT
A gentle, easy to rinse foam with the power of Pure Lemon Extract to intensively cleanse and clear dullness.
 WHAT IT DOES
Cleanses and brightens skin.
 WHY IT'S PERFECT FOR YOU
Cleanse and clear away dullness with the power of pure lemon extract.
 HOW TO USE
Gently massage onto wet face while avoiding eye area. Rinse off with water. Use day and night as needed.
 CARE INSTRUCTIONS
Keep away from direct sunlight. Store at room temperature.
 INGREDIENTS
AQUA/WATER, GLYCERIN, MYRISTIC ACID, PAMITIC ACID, STEARIC ACID, GLYCERYL STEARATE, KAOLIN, BENZYL SALICYLATE, CITRUS MEDICA EXTRACT, LIMONENE, LINALOOL. METHYLISOTHIAZOLINONE, PEG-14M, TETRASODIUM EDTA, PARFUM/ FRAGRANCE (B45631/1)
Daytime Morning Regimen
STEP 1: REMOVE MAKEUP & IMPURITIES with the Garnier Vitamin C Micellar Water. Saturate a cotton pad with micellar water and gently wipe your face to remove dirt and excess oil.
STEP 2: CLEANSE your face with the Garnier Vitamin C Brightening Cleanser Foam OR Gel Cleanser Wash. Wet your face with water, apply a small amount of the cleanser, and massage in circular motions. Rinse thoroughly.
STEP 3: TREAT with the Garnier Vitamin C Booster Serum. Apply 3-4 drops of the serum all over your face in upward motion. Let it absorb fully before moving on to the next steps. This will help to fade dark spots in 3 days!
STEP 4: ENHANCE your skin with the Garnier Vitamin C Ampoule Serum. Apply a small amount of the ampoule serum on problem areas, or all over your face to fade hyperpigmentation, sunspots (pekas), melasma, and dark undereye circles.
STEP 5: MOISTURIZE with the Garnier Vitamin C Day Cream Moisturizer. Massage in upward circular motion all over your face, to lock in moisture and create a protective barrier on your skin.
STEP 6: PROTECT your skin from harmful UV rays with the Garnier Vitamin C UV Sunscreen. Apply a thin layer of sunscreen evenly on your face, at least 15 minutes before sun exposure. Reapply throughout the day for maximum sun protection.
Nighttime Evening Regimen
STEP 1: REMOVE MAKEUP & IMPURITIES with the Garnier Vitamin C Micellar Water. Saturate a cotton pad with micellar water and gently wipe your face to remove dirt and excess oil.
STEP 2: CLEANSE your face with the Garnier Vitamin C Brightening Cleanser Foam OR Gel Cleanser Wash. Wet your face with water, apply a small amount of the cleanser, and massage in circular motions. Rinse thoroughly.
STEP 3: TREAT with the Garnier 10% Pure Vitamin C Overnight Booster Serum. Apply 3-4 drops of the serum all over your face in upward motion to support overnight skin repair and recovery. all over your face in upward motion. Let it absorb fully before moving on to the next steps.
STEP 4: ENHANCE your skin with the Garnier Vitamin C Ampoule Serum. Apply a small amount of the ampoule serum on problem areas, or all over your face to fade hyperpigmentation, sunspots (pekas), melasma, and dark undereye circles.
STEP 5: REJUVENATE and nourish your skin with the Garnier Vitamin C Night Cream Moisturizer. Apply the night cream to lock in moisture for optimum repair and recovery especially during at night",ang liit pala.... di man lang inindicate kung anong ml🤦‍♀️.... hindi cya naka box na dumating(yung sarili niyang box... natape lang yung head niya tapos naipaper wrap lang🤦‍♀️,ph-11134103-7r98o-ltytiala8mfd2f.jpg,0
prod_06,Baseus H19 Wired Earphones 6D Stereo Bass Headphone In-Ear 3.5mm Headset with MIC,"Hey~ Welcome to Baseus Flagship Official Store!!! Please read the product description clearly,choose u need.Most items have ready stocks! Enjoy~
 ❥Package:
1*H19 3.5mm wired earphone
❥Specifications:
Brand: Baseus
Length:1.2m
❥Feature:
1. Inclined in the ear design, comfortable to wear all day.
2. Φ 14 mm moving coil + PU composite diaphragm, 6 d sound quality,
3. Thin wire control design, sensitive keys, durable
4. Built-in HD microphone, high restoration degree,
5. TPE pattern wire, soft and anti-winding
6. Support all devices with 3.5mm interface","Performance: good | Best Feature: earphone/earplug shape | Product Quality: good | I like the wire as it feels sturdy and won't break easily. I also like how the earplugs (?) part of the earphones are very snug fitting on the ears. In terms of the performance of the earphones, it's good but it strangely feels like you're listening to something underwater (?? Idk if that makes sense). However, I do think it's just because I just tried these and they're new. Overall, I'm very happy with my purchase. Thank u!!!",ph-11134103-7rasg-m9zkp51iyfb764.jpg;ph-11134103-7rasj-m9zkp51jdvk3b4.jpg;ph-11134103-7rasi-m9zkp519ea7n72.jpg;ph-11134103-7rasa-m9zkp519tqgjde.jpg;ph-11134103-7rash-m9zkp518ytyrdc.jpg,2
prod_04,Garnier Brightening Foam Facial Cleanser Skin care For Dark Spots Dull Skin Garnier Facial Wash 50ml,"WHAT IS IT
A gentle, easy to rinse foam with the power of Pure Lemon Extract to intensively cleanse and clear dullness.
 WHAT IT DOES
Cleanses and brightens skin.
 WHY IT'S PERFECT FOR YOU
Cleanse and clear away dullness with the power of pure lemon extract.
 HOW TO USE
Gently massage onto wet face while avoiding eye area. Rinse off with water. Use day and night as needed.
 CARE INSTRUCTIONS
Keep away from direct sunlight. Store at room temperature.
 INGREDIENTS
AQUA/WATER, GLYCERIN, MYRISTIC ACID, PAMITIC ACID, STEARIC ACID, GLYCERYL STEARATE, KAOLIN, BENZYL SALICYLATE, CITRUS MEDICA EXTRACT, LIMONENE, LINALOOL. METHYLISOTHIAZOLINONE, PEG-14M, TETRASODIUM EDTA, PARFUM/ FRAGRANCE (B45631/1)
Daytime Morning Regimen
STEP 1: REMOVE MAKEUP & IMPURITIES with the Garnier Vitamin C Micellar Water. Saturate a cotton pad with micellar water and gently wipe your face to remove dirt and excess oil.
STEP 2: CLEANSE your face with the Garnier Vitamin C Brightening Cleanser Foam OR Gel Cleanser Wash. Wet your face with water, apply a small amount of the cleanser, and massage in circular motions. Rinse thoroughly.
STEP 3: TREAT with the Garnier Vitamin C Booster Serum. Apply 3-4 drops of the serum all over your face in upward motion. Let it absorb fully before moving on to the next steps. This will help to fade dark spots in 3 days!
STEP 4: ENHANCE your skin with the Garnier Vitamin C Ampoule Serum. Apply a small amount of the ampoule serum on problem areas, or all over your face to fade hyperpigmentation, sunspots (pekas), melasma, and dark undereye circles.
STEP 5: MOISTURIZE with the Garnier Vitamin C Day Cream Moisturizer. Massage in upward circular motion all over your face, to lock in moisture and create a protective barrier on your skin.
STEP 6: PROTECT your skin from harmful UV rays with the Garnier Vitamin C UV Sunscreen. Apply a thin layer of sunscreen evenly on your face, at least 15 minutes before sun exposure. Reapply throughout the day for maximum sun protection.
Nighttime Evening Regimen
STEP 1: REMOVE MAKEUP & IMPURITIES with the Garnier Vitamin C Micellar Water. Saturate a cotton pad with micellar water and gently wipe your face to remove dirt and excess oil.
STEP 2: CLEANSE your face with the Garnier Vitamin C Brightening Cleanser Foam OR Gel Cleanser Wash. Wet your face with water, apply a small amount of the cleanser, and massage in circular motions. Rinse thoroughly.
STEP 3: TREAT with the Garnier 10% Pure Vitamin C Overnight Booster Serum. Apply 3-4 drops of the serum all over your face in upward motion to support overnight skin repair and recovery. all over your face in upward motion. Let it absorb fully before moving on to the next steps.
STEP 4: ENHANCE your skin with the Garnier Vitamin C Ampoule Serum. Apply a small amount of the ampoule serum on problem areas, or all over your face to fade hyperpigmentation, sunspots (pekas), melasma, and dark undereye circles.
STEP 5: REJUVENATE and nourish your skin with the Garnier Vitamin C Night Cream Moisturizer. Apply the night cream to lock in moisture for optimum repair and recovery especially during at night","Fragrance: 10 | Texture: 10 | Effectiveness: 10 | Wow ang gnda ng packaging, super secured tlga xa, slmat seller mabuti nlang hindi agad agad kinancel ng rider kz nung nkaraan kinancel nya kaagad. Thanks a lot seller at rider. Guys order na kau D2 legit ung items nila. Power!!!!! Sa uulitin po,, sna my sunblock din po kau n brand para sa Inyo din po Ako mka order soon.. ang saya saya ang gnda ng items as well packed pa tlagaa. Maraming slamat Lord happy shopping everyone. oorder pa Ako ulit soon ng ma♥️s💕💕💕💕💕💕❤️❤️❤️♥️♥️❤️❤️♥️♥️♥️❤️💕💕❤️🥰🥰😚🥰😘😘😘🥰🥰🥰🥰🥰🥰🥰🥰🥰🥰😍😍🥰😍😍😍😍😍😍😍🥰 marami. 😊😊☺️😄😆😄😆😄😆😄😆😄😆😄😙😙😄😊💯💯😆😉☺️😊☺️☺️😊😊♥️",ph-11134103-7r991-llyklti8d6dre9.jpg;ph-11134103-7r991-llyklti8ad4hf3.jpg;ph-11134103-7r98y-llykltj295e747.jpg;ph-11134103-7r98q-llyklti8smmn95.jpg,2
prod_03,"Cetaphil Gentle Skin Cleanser 59ml (For Sensitive Skin, Non-Drying Facial Wash, And Paraben Free)","Our best-selling gentle skin cleanser is clinically proven to actively hydrate while cleansing the skin, and defends against the five signs of skin sensitivity including dryness, irritation, roughness, toughness, and a weakened skin barrier
Our best-seller and fan favorite - a mild, non-irritating and soap-free formula that soothes skin as it cleanses. This award-winning cleanser is clinically proven to hydrate while cleansing, and helps to strengthen the skin&#39;s moisture barrier. It can be specifically used for everyday cleansing, and defends against the five signs of skin sensitivity - dryness, irritation, roughness, toughness, and weakened skin barrier. Non-comodogenic, fragrance-free, pH balanced, and dermatologically tested.
Cetaphil is the most prescribed skincare brand by dermatologists.
- Gentle, soap-free, non-irritating cleanser actively hydrates while cleansing
- Defends against the five signs of skin sensitivity, including dryness, irritation, roughness, tightness and weakened skin barrier
- Non-foaming cleanser can be used with or without water
- Suitable for all skin types, including dry and sensitive skin
- Dermatologist tested and clinically proven to be gentle on sensitive skin
- Fragrance free, hypoallergenic and non-comedogenic, so it won&#39;t irritate skin or clog pores
INGREDIENTS:
Aqua, Glycerin, Cetearyl Alcohol, Panthenol, Niacinamide, Pantolactone, Xanthan Gum, Sodium Cocoyl Isethionate, Sodium Benzoate, Citric Acid
Directions for Use:
With water: 
Apply cleanser and gentle massage into skin. Rinse.
Without water:
Apply a liberal amount of cleanser and gently massage into skin.
About the Brand:
Cetaphil is a gentle skincare brand that has been recommended by dermatologists for over 70 years, and is today used by millions of people with sensitive skin from all around the world. It offers a complete range of cleansers, moisturizers and sun protection ideal for face and body, providing gentle yet effective skincare formula to strengthen and protect even the most sensitive skin.
MOST PRESCRIBED SKINCARE BRAND
Cetaphil is the original sensitive cleanser recommended by dermatologists for over 70 years
CLINICALLY TESTED FOR SENSITIVE SKIN
Our soap-free, skin nourishing products will treat your skin without irritation and is hypoallergenic
DEFENDS AGAINST 5 SIGNS OF SENSITIVITY
Clinically proven to soothe, hydrate, and nourish sensitive skin",D kuh pa sya nasusubukan .but we'll Yung dilivered Naman sya is so fast. 3 days lang got the parcel,ph-11134103-7qukw-lj19spw8dwxy47.jpg,2
prod_08,Inplay S500 Wired RGB Gaming Headset With Mic Surround Sound Over Ear Headphone For PC Laptop,"Inplay Official Service Center Guranteed
Variation
Brand: Inplay
Model: S500
Driver Diameter: 50mm
Impedance: 32Ω@1KHZ
Sensitivity: 115-121db at 1KHZ 1mV
Frequency Response: 20hz-20khz
Light Effect: Colorful led light
Cable Length: 1.8m
Product Size:190*170*90mm
Product Weight: 228-248g
Warranty: 6 Months
Microphone Parameters
Sensitivity: -38-42dB@1KHz
Input mode: DC 3.5 plug
Signal to Noise Ratio: ≥60db
Frequency Response: 100Hz-8KHz","Best Feature: RGB | Product Quality: Good | Performance: Seems audible | I like it, the audio is pretty quiet which is fine by me since I usually can't hear if someone is calling me wearing headphones. The RGB is a nice touch too.",ph-11134103-7r98u-lnl6pl8q8e3t7f.jpg,2
prod_18,POND'S Acne Clear Pore Conditioning Toner with Salicylic Acid and Tea Tree Oil for Anti Pimple 100ml,"Pond’s Acne Clear Pore Conditioning Toner cares for pores to give you clearer skin that is smooth and refined up close. It has Salicylic Acid and Tea Tree Oil that deeply cleans and unclogs pores, helping to reduce pimples for clearer skin. It also has Pore Tightening Essence that conditions pores for smooth and refined skin.",Fragrance: smell good | Texture: waterlike texture | Effectiveness: effective for acne | Thanks seller for shipping it fast. Received it without leaks and good packaging. Thank you. Your products are all effective. Thanks for the free rexona motionsense ♥️🥰,ph-11134103-7r98o-lv6zdi3pi9045d.jpg;ph-11134103-7r98o-lv6zl6v6gidwf7.jpg;ph-11134103-7r98o-lv6zp6iaammsf5.jpg,2
prod_03,"Cetaphil Gentle Skin Cleanser 59ml (For Sensitive Skin, Non-Drying Facial Wash, And Paraben Free)","Our best-selling gentle skin cleanser is clinically proven to actively hydrate while cleansing the skin, and defends against the five signs of skin sensitivity including dryness, irritation, roughness, toughness, and a weakened skin barrier
Our best-seller and fan favorite - a mild, non-irritating and soap-free formula that soothes skin as it cleanses. This award-winning cleanser is clinically proven to hydrate while cleansing, and helps to strengthen the skin&#39;s moisture barrier. It can be specifically used for everyday cleansing, and defends against the five signs of skin sensitivity - dryness, irritation, roughness, toughness, and weakened skin barrier. Non-comodogenic, fragrance-free, pH balanced, and dermatologically tested.
Cetaphil is the most prescribed skincare brand by dermatologists.
- Gentle, soap-free, non-irritating cleanser actively hydrates while cleansing
- Defends against the five signs of skin sensitivity, including dryness, irritation, roughness, tightness and weakened skin barrier
- Non-foaming cleanser can be used with or without water
- Suitable for all skin types, including dry and sensitive skin
- Dermatologist tested and clinically proven to be gentle on sensitive skin
- Fragrance free, hypoallergenic and non-comedogenic, so it won&#39;t irritate skin or clog pores
INGREDIENTS:
Aqua, Glycerin, Cetearyl Alcohol, Panthenol, Niacinamide, Pantolactone, Xanthan Gum, Sodium Cocoyl Isethionate, Sodium Benzoate, Citric Acid
Directions for Use:
With water: 
Apply cleanser and gentle massage into skin. Rinse.
Without water:
Apply a liberal amount of cleanser and gently massage into skin.
About the Brand:
Cetaphil is a gentle skincare brand that has been recommended by dermatologists for over 70 years, and is today used by millions of people with sensitive skin from all around the world. It offers a complete range of cleansers, moisturizers and sun protection ideal for face and body, providing gentle yet effective skincare formula to strengthen and protect even the most sensitive skin.
MOST PRESCRIBED SKINCARE BRAND
Cetaphil is the original sensitive cleanser recommended by dermatologists for over 70 years
CLINICALLY TESTED FOR SENSITIVE SKIN
Our soap-free, skin nourishing products will treat your skin without irritation and is hypoallergenic
DEFENDS AGAINST 5 SIGNS OF SENSITIVITY
Clinically proven to soothe, hydrate, and nourish sensitive skin",Effectiveness: very effective sa sensitive skin ko | Texture: watery and creamy,ph-11134103-22090-m41b227sfzhv21.jpg,2
prod_01,CCL PH USB Wired Gaming Mouse High Configuration with Backlight for PC & Laptop X1,"💯 High Quality
💯 Brand New
Easy to operate, USB plug and play, no driver needed. Anti-skid and waterproof design. ABS material, laser-etched, non-slip design, splash proof and durable.
Rainbow Color Backlight effects: bringing cool gaming experience, in particular increase gaming keys backlit effect and easy type in the dark.
Quickly control each function, ergonomic design, comfortable to operate.
Button service life: 5 million times
DPI adjustment provides 800/1200/1600 gear shift control for different games.
The smooth 3D roller with anti-skid scale grain ensures you to operate comfortably.
The buttons structure adopt precursor type streamline design provides excellent click sense.
Ergonomic design: perfect size fits naturally in your hand and provides comfortable touch feeling.
Product size: 12.3cm x 6.8cm  x 3.8cm (approx.)
🖌 FREE Shipping
🖌 Cash on Delivery (COD) is available       
🖌 Order Today Ship ASAP     
DELIVERY PERIOD:  
🚚 2-4 days Metro Manila
🚚 3-7 days Provincial
  ⚠️ Please CHOOSE THE CORRECT variation so we can avoid mistakes.
⚠️ If the item you received is defective, please contact us immediately. 
💡 Please leave us a positive feedback with 5 STARS ⭐️ ⭐️ ⭐️ ⭐️ ⭐️ if you are satisfied with our product and service. Your feedback will be much appreciated.
💡 Please contact us immediately before leaving any negative feedbacks or open a dispute on Shopee.",Performance: very good . o | Best Feature: lights changing | Product Quality: very good | Good quality it's easy to use good is connected with laptop change mouse color .work very softely,ph-11134103-22090-iwoqx3x9ouhvd2.jpg,2
prod_04,Garnier Brightening Foam Facial Cleanser Skin care For Dark Spots Dull Skin Garnier Facial Wash 50ml,"WHAT IS IT
A gentle, easy to rinse foam with the power of Pure Lemon Extract to intensively cleanse and clear dullness.
 WHAT IT DOES
Cleanses and brightens skin.
 WHY IT'S PERFECT FOR YOU
Cleanse and clear away dullness with the power of pure lemon extract.
 HOW TO USE
Gently massage onto wet face while avoiding eye area. Rinse off with water. Use day and night as needed.
 CARE INSTRUCTIONS
Keep away from direct sunlight. Store at room temperature.
 INGREDIENTS
AQUA/WATER, GLYCERIN, MYRISTIC ACID, PAMITIC ACID, STEARIC ACID, GLYCERYL STEARATE, KAOLIN, BENZYL SALICYLATE, CITRUS MEDICA EXTRACT, LIMONENE, LINALOOL. METHYLISOTHIAZOLINONE, PEG-14M, TETRASODIUM EDTA, PARFUM/ FRAGRANCE (B45631/1)
Daytime Morning Regimen
STEP 1: REMOVE MAKEUP & IMPURITIES with the Garnier Vitamin C Micellar Water. Saturate a cotton pad with micellar water and gently wipe your face to remove dirt and excess oil.
STEP 2: CLEANSE your face with the Garnier Vitamin C Brightening Cleanser Foam OR Gel Cleanser Wash. Wet your face with water, apply a small amount of the cleanser, and massage in circular motions. Rinse thoroughly.
STEP 3: TREAT with the Garnier Vitamin C Booster Serum. Apply 3-4 drops of the serum all over your face in upward motion. Let it absorb fully before moving on to the next steps. This will help to fade dark spots in 3 days!
STEP 4: ENHANCE your skin with the Garnier Vitamin C Ampoule Serum. Apply a small amount of the ampoule serum on problem areas, or all over your face to fade hyperpigmentation, sunspots (pekas), melasma, and dark undereye circles.
STEP 5: MOISTURIZE with the Garnier Vitamin C Day Cream Moisturizer. Massage in upward circular motion all over your face, to lock in moisture and create a protective barrier on your skin.
STEP 6: PROTECT your skin from harmful UV rays with the Garnier Vitamin C UV Sunscreen. Apply a thin layer of sunscreen evenly on your face, at least 15 minutes before sun exposure. Reapply throughout the day for maximum sun protection.
Nighttime Evening Regimen
STEP 1: REMOVE MAKEUP & IMPURITIES with the Garnier Vitamin C Micellar Water. Saturate a cotton pad with micellar water and gently wipe your face to remove dirt and excess oil.
STEP 2: CLEANSE your face with the Garnier Vitamin C Brightening Cleanser Foam OR Gel Cleanser Wash. Wet your face with water, apply a small amount of the cleanser, and massage in circular motions. Rinse thoroughly.
STEP 3: TREAT with the Garnier 10% Pure Vitamin C Overnight Booster Serum. Apply 3-4 drops of the serum all over your face in upward motion to support overnight skin repair and recovery. all over your face in upward motion. Let it absorb fully before moving on to the next steps.
STEP 4: ENHANCE your skin with the Garnier Vitamin C Ampoule Serum. Apply a small amount of the ampoule serum on problem areas, or all over your face to fade hyperpigmentation, sunspots (pekas), melasma, and dark undereye circles.
STEP 5: REJUVENATE and nourish your skin with the Garnier Vitamin C Night Cream Moisturizer. Apply the night cream to lock in moisture for optimum repair and recovery especially during at night","Effectiveness: my breakout got more red ☹️ | Texture: eheudhsigw | Fragrance: lemon, parang dishwashing liquid na hindi hehe",ph-11134103-7r98p-lx51f318n1i9eb.jpg,0
prod_16,URBAN PIPE Fashionable Cargo Pants For Men 6 Pocket Drawstring Pant High Quality Bottoms 42917,"Discover the perfect blend of style and comfort with the URBAN PIPE Cargo Pants for Men. Designed for a modern urban look, these oversized pants feature multiple pockets and a versatile wide-leg design.
Functional Design: Equipped with 6 pockets for ample storage.
Stylish Fit: Oversized hip-hop style with wide-leg straight cut.
Adjustable Comfort: Drawstring waist for a customizable fit.
Add these trendy cargo pants to your wardrobe and elevate your casual outfits effortlessly!","The seller didn't send the right color.... next time check or review the order of your customer properly😡 kung di available ang color inform your customer,wag paladesisyun",ph-11134103-7ra0o-mbaprgy1fa2w39.webp.jpg,0
prod_12,[JSJK] autumn new biscuit shoes canvas shoes women's low top Korean fashion shoes#F110,"Upper; Nylon fly woven  artificial leather elastic band
Sole: rubbe, sole,
Heel: flat bottom, split heel, thick heel and thin heel
Shoes: Sandals, sports, leisure and slippers
Height: generally 2-3 inches, 3-5 inches
Suitable season: spring, summer, autumn and winter
Suitable places: gathering, attending, working, shopping and leisure sports
Year of production: 2020                           
Euro size for women:   35-36-37-38-39-40
Euro size for men：    39-40-41-42-43-44
Size  charm : ADD SIZE PAG MALAPAD PAA!
Women ： 22.5cm-size 35        men ： 24.5cm- size39
23cm-size36                  25cm-size40
23.5cm-size37                 26cm -size41
24cm-size 38                  26.5cm--size42
24.5cm-size39                 27.5cm-size 43
25cm-size40                   28cm-size44
All PRODUCT are ON HAND & READY TO SHIP 
✅EARN SHOPEE COINS 
✅CASH ON DELIVERY
 ✅PAY TODAY SHIP TOMORROW ENJOY FREE SHIPPING & CASH ON DELIVERY FOR A MINIMUM PURCHASE OF 500 PESOS ONLY
DELIVERY PERIOD: 4-10days 
MUST READ 
✔️ALL ITEMS ARE AVAILABLE UNLESS MARKED AS ""SOLD OUT""
 ✔️ The Free Size Item may not Perfectly Fit to Every One 
✔️WE ACCEPT RETURNS IF THE ITEM IS NOT YET WORN OR USED. 
BUYER WILL SHOULDER THE RETURN SHIPPING COST 
LIKE & FOLLOW US FOR UPDATES! 
FOR NOT MISSING ANY DISCOUNT！！！！ 
AFTER SALES SERVICE 
(1)If the item you received is defective, please contact us immediately.
(2) REMINDERS 
(3)(1)Please kindly leave us a positive feedback (5 stars) , if you are satisfied with our items. And you could share with your friends on Facebook, Twitter...Thanks 
(4)(2)Please contact us before leaving any negative feedback or open a dispute on Shopee. 
(5)(3)Please give us the opportunity to resolve any problem .
s",Appearance: maganda sya tignana | Colour: bet ko ung color | Material Quality: mukhang matibay ung pagkakagawa so goods naman siguro sa quality | Maganda sya suotin pero amoy talaga sya goma un lng ung sablay dto ok na sana ung amoy lng talaga diko pa alam kung matatanggal pag nilabahan ko.,ph-11134103-22080-belxz4s7lcgvc3.jpg,1
prod_11,ICON Webcam 2K/ 1080P/ 720P Full HD Video Call For PC Laptop With Microphone Home USB Video Webcam,"Name: ICON 1080X1920P Webcam 2K
8 million high-definition image sensor, effective resolution 1920*1080
Main control chip: Lingtong GP2247
Camera chip: F37
Camera physical pixels: 800W
Camera angle: 90 degrees
Microphone: built-in noise reduction microphone
Drive type: free drive (plug and play)
Interface type: USB 2.0 (built-in mark)
USB cable length: 140cm
Camera chip size: 1/4'' CMOS
---------------------------------------------------------------------------------------------------------------------------------------------------------
Name: ICON webcam 720P
5 million high-definition image sensor, effective resolution 1280*720
Main control chip: Lingtong GP2247
Camera chip: F37
Camera physical pixels: 500W
Camera angle: 90 degrees
Microphone: built-in noise reduction microphone
Drive type: free drive (plug and play)
Interface type: USB 2.0 (built-in mark)
USB cable length: 140cm
Camera chip size: 1/4'' CMOS
---------------------------------------------------------------------------------------------------------------------------------------------------------
Name: ICON webcam 1080P
5 million high-definition image sensor, effective resolution 1920X1080
Main control chip: Lingtong GP2247
Camera chip: F37
Camera physical pixels: 800W
Camera angle: 90 degrees
Microphone: built-in noise reduction microphone
Drive type: free drive (plug and play)
Interface type: USB 2.0 (built-in mark)
USB cable length: 140cm
Camera chip size: 1/4'' CMOS
warranty service
Replacement within 15 days: Within 15 days after the receipt of the product, if there is a product quality problem that is not artificially damaged, you can contact customer service and we will provide replacement services.
1 year warranty: From the date of receipt of the product, if there is a hardware failure problem under normal use, non-artificial damage, any natural disasters. Free warranty for one year.
Lifetime technical maintenance: After purchasing the product, you can enjoy free lifetime technical consulting services provided by engineers
About shipping: If there is a quality problem within 1 month of purchasing the product, the shipping will be borne by each other.
After one month to one year, the return shipping fee shall be borne by the customer.",Product Quality: satisfied | Best Feature: xoxo | Value For Money: good | 2k ung inorder ko pero pang 720 yung cam niya. Ok na din siguro but not too much satisfied tama mga naka purchase dito. Next time make it sure na ok yung product and wag nyo paasahin mga buyer. Thats all thanks,ph-11134103-820le-mmmmrt8v3yf83f.jpg,0
prod_12,[JSJK] autumn new biscuit shoes canvas shoes women's low top Korean fashion shoes#F110,"Upper; Nylon fly woven  artificial leather elastic band
Sole: rubbe, sole,
Heel: flat bottom, split heel, thick heel and thin heel
Shoes: Sandals, sports, leisure and slippers
Height: generally 2-3 inches, 3-5 inches
Suitable season: spring, summer, autumn and winter
Suitable places: gathering, attending, working, shopping and leisure sports
Year of production: 2020                           
Euro size for women:   35-36-37-38-39-40
Euro size for men：    39-40-41-42-43-44
Size  charm : ADD SIZE PAG MALAPAD PAA!
Women ： 22.5cm-size 35        men ： 24.5cm- size39
23cm-size36                  25cm-size40
23.5cm-size37                 26cm -size41
24cm-size 38                  26.5cm--size42
24.5cm-size39                 27.5cm-size 43
25cm-size40                   28cm-size44
All PRODUCT are ON HAND & READY TO SHIP 
✅EARN SHOPEE COINS 
✅CASH ON DELIVERY
 ✅PAY TODAY SHIP TOMORROW ENJOY FREE SHIPPING & CASH ON DELIVERY FOR A MINIMUM PURCHASE OF 500 PESOS ONLY
DELIVERY PERIOD: 4-10days 
MUST READ 
✔️ALL ITEMS ARE AVAILABLE UNLESS MARKED AS ""SOLD OUT""
 ✔️ The Free Size Item may not Perfectly Fit to Every One 
✔️WE ACCEPT RETURNS IF THE ITEM IS NOT YET WORN OR USED. 
BUYER WILL SHOULDER THE RETURN SHIPPING COST 
LIKE & FOLLOW US FOR UPDATES! 
FOR NOT MISSING ANY DISCOUNT！！！！ 
AFTER SALES SERVICE 
(1)If the item you received is defective, please contact us immediately.
(2) REMINDERS 
(3)(1)Please kindly leave us a positive feedback (5 stars) , if you are satisfied with our items. And you could share with your friends on Facebook, Twitter...Thanks 
(4)(2)Please contact us before leaving any negative feedback or open a dispute on Shopee. 
(5)(3)Please give us the opportunity to resolve any problem .
s","Next time check nyo muna maganda kaso kulang ung shoelace, walang sintas ung isa bibili pa tuloy ako ng bagong sintas. Nakakadismaya kayo!! 😒👎👎👎🙄",32dd99d76d09dafabc9d808b6015ee1e.jpg,0
prod_18,POND'S Acne Clear Pore Conditioning Toner with Salicylic Acid and Tea Tree Oil for Anti Pimple 100ml,"Pond’s Acne Clear Pore Conditioning Toner cares for pores to give you clearer skin that is smooth and refined up close. It has Salicylic Acid and Tea Tree Oil that deeply cleans and unclogs pores, helping to reduce pimples for clearer skin. It also has Pore Tightening Essence that conditions pores for smooth and refined skin.",Very fast delivery. Item was packed well and safe,ph-11134103-7rasa-m2p5a7pfsyyab3.jpg;ph-11134103-7rasm-m2p5a7qjrcan9a.jpg;ph-11134103-7ras9-m2p5a7p5tddr2b.jpg,2
prod_18,POND'S Acne Clear Pore Conditioning Toner with Salicylic Acid and Tea Tree Oil for Anti Pimple 100ml,"Pond’s Acne Clear Pore Conditioning Toner cares for pores to give you clearer skin that is smooth and refined up close. It has Salicylic Acid and Tea Tree Oil that deeply cleans and unclogs pores, helping to reduce pimples for clearer skin. It also has Pore Tightening Essence that conditions pores for smooth and refined skin.","Texture: water base, non-sticky | Fragrance: alcohol with perfume scent | Effectiveness: haven'tried yet | Ordered : 09 Sep Delivered : 12 Sep Nornal shipping & Delivery. Standard packaging with bubblewrap, bought with discount via Live selling/availed of free shipping voucher. PONDS is a known brand grabe katagal na sa Market 😊🤩1st time to try this toner sana effective sa sensitive skin ko . Thank you seller n rider. 🖐",ph-11134103-7r98s-m02rsgdcmnlw40.jpg;ph-11134103-7r98z-m02rsgdco26cff.jpg,2
prod_18,POND'S Acne Clear Pore Conditioning Toner with Salicylic Acid and Tea Tree Oil for Anti Pimple 100ml,"Pond’s Acne Clear Pore Conditioning Toner cares for pores to give you clearer skin that is smooth and refined up close. It has Salicylic Acid and Tea Tree Oil that deeply cleans and unclogs pores, helping to reduce pimples for clearer skin. It also has Pore Tightening Essence that conditions pores for smooth and refined skin.","Effectiveness: very good product | Fragrance: nice fragrance, not dull smell | Texture: 👍 good | Recommended! Well package. No damage or broken item/s. Will definitely order again. As always 😘",81ed5b2b61ab54bc274c79c19fe7fa86.jpg,2
prod_04,Garnier Brightening Foam Facial Cleanser Skin care For Dark Spots Dull Skin Garnier Facial Wash 50ml,"WHAT IS IT
A gentle, easy to rinse foam with the power of Pure Lemon Extract to intensively cleanse and clear dullness.
 WHAT IT DOES
Cleanses and brightens skin.
 WHY IT'S PERFECT FOR YOU
Cleanse and clear away dullness with the power of pure lemon extract.
 HOW TO USE
Gently massage onto wet face while avoiding eye area. Rinse off with water. Use day and night as needed.
 CARE INSTRUCTIONS
Keep away from direct sunlight. Store at room temperature.
 INGREDIENTS
AQUA/WATER, GLYCERIN, MYRISTIC ACID, PAMITIC ACID, STEARIC ACID, GLYCERYL STEARATE, KAOLIN, BENZYL SALICYLATE, CITRUS MEDICA EXTRACT, LIMONENE, LINALOOL. METHYLISOTHIAZOLINONE, PEG-14M, TETRASODIUM EDTA, PARFUM/ FRAGRANCE (B45631/1)
Daytime Morning Regimen
STEP 1: REMOVE MAKEUP & IMPURITIES with the Garnier Vitamin C Micellar Water. Saturate a cotton pad with micellar water and gently wipe your face to remove dirt and excess oil.
STEP 2: CLEANSE your face with the Garnier Vitamin C Brightening Cleanser Foam OR Gel Cleanser Wash. Wet your face with water, apply a small amount of the cleanser, and massage in circular motions. Rinse thoroughly.
STEP 3: TREAT with the Garnier Vitamin C Booster Serum. Apply 3-4 drops of the serum all over your face in upward motion. Let it absorb fully before moving on to the next steps. This will help to fade dark spots in 3 days!
STEP 4: ENHANCE your skin with the Garnier Vitamin C Ampoule Serum. Apply a small amount of the ampoule serum on problem areas, or all over your face to fade hyperpigmentation, sunspots (pekas), melasma, and dark undereye circles.
STEP 5: MOISTURIZE with the Garnier Vitamin C Day Cream Moisturizer. Massage in upward circular motion all over your face, to lock in moisture and create a protective barrier on your skin.
STEP 6: PROTECT your skin from harmful UV rays with the Garnier Vitamin C UV Sunscreen. Apply a thin layer of sunscreen evenly on your face, at least 15 minutes before sun exposure. Reapply throughout the day for maximum sun protection.
Nighttime Evening Regimen
STEP 1: REMOVE MAKEUP & IMPURITIES with the Garnier Vitamin C Micellar Water. Saturate a cotton pad with micellar water and gently wipe your face to remove dirt and excess oil.
STEP 2: CLEANSE your face with the Garnier Vitamin C Brightening Cleanser Foam OR Gel Cleanser Wash. Wet your face with water, apply a small amount of the cleanser, and massage in circular motions. Rinse thoroughly.
STEP 3: TREAT with the Garnier 10% Pure Vitamin C Overnight Booster Serum. Apply 3-4 drops of the serum all over your face in upward motion to support overnight skin repair and recovery. all over your face in upward motion. Let it absorb fully before moving on to the next steps.
STEP 4: ENHANCE your skin with the Garnier Vitamin C Ampoule Serum. Apply a small amount of the ampoule serum on problem areas, or all over your face to fade hyperpigmentation, sunspots (pekas), melasma, and dark undereye circles.
STEP 5: REJUVENATE and nourish your skin with the Garnier Vitamin C Night Cream Moisturizer. Apply the night cream to lock in moisture for optimum repair and recovery especially during at night",Texture: I haven't use it | Fragrance: I haven't use it | Effectiveness: I haven't use it | The item just arrived on time and it was well packed..This is my first time to order in your shop I hope it is legit.,ph-11134103-7rasi-m3j0mua16gai89.jpg,2
prod_07,Inplay H20 RGB Wired Headset RGB Light Gaming Headset Headphones With Microphone For Pc Laptop,"Inplay Official Service Center Guranteed
6 Months Warranty Period
_______________________________________________________________________________________________________
SPECIFICATION
Brand: INPLAY
Model: H20
Color: Black / White
Warranty: 6 Months
Brand: INPLAY
Model: H30
Color: Balck / White
Warranty: 6 Months
Variation
Brand: Inplay
Model: HG710
Color: Black / White
Driver Diameter: 50mm
Impedance: 30Ω
Sensitivity: 107-113db
Frequency Response: 20hz-20khz
Light Effect: Colorful led light
Cable Length: 1.8m
Product Size:200*190*85mm
Product Weight: 257-277g
Warranty: 6 Months
Brand: INPLAY
Model: S500
Color: Balck
Warranty: 6 Months",Performance: good | Product Quality: good | Best Feature: lights | the baby enjoyed the lights 😂😂😂 😂😂😂 😂😂😂 😂😂😂 😂😂😂 hope it lasts fine 🤞ok 🤞ok 🤞ok ok ok ok ok ok ok just fine guys enjoy the light,ph-11134103-7r98r-lz4rgrkk6xoe40.jpg;ph-11134103-7r98w-lz4rgrku6iredc.jpg;ph-11134103-7r98v-lz4rgrkulzb2c1.jpg;ph-11134103-7r98z-lz4rgrkk6xdm46.jpg,2
prod_08,Inplay S500 Wired RGB Gaming Headset With Mic Surround Sound Over Ear Headphone For PC Laptop,"Inplay Official Service Center Guranteed
Variation
Brand: Inplay
Model: S500
Driver Diameter: 50mm
Impedance: 32Ω@1KHZ
Sensitivity: 115-121db at 1KHZ 1mV
Frequency Response: 20hz-20khz
Light Effect: Colorful led light
Cable Length: 1.8m
Product Size:190*170*90mm
Product Weight: 228-248g
Warranty: 6 Months
Microphone Parameters
Sensitivity: -38-42dB@1KHz
Input mode: DC 3.5 plug
Signal to Noise Ratio: ≥60db
Frequency Response: 100Hz-8KHz",Performance: Decent at best | Product Quality: Decent | Best Feature: Simplicity,ph-11134103-7r98r-lwx14eb3fqld93.jpg,1
prod_02,Luxe Organix Whitening Repair Ultra Light Glow Cleanser 150ml,"Evens out skin tone, lighten scars and dark spots, brighten skin
LUXE ORGANIX WHITENING REPAIR GENTLE FOAM CLEANSER IS MADE WITH NIACINAMIDE AND LICORICE ROOT EXTRACT TO REDUCE APPEARANCE OF HYPERPGMENTATION. ENLARGED PORES AND EXCESS OIL. IT LIGHTENS SKIN AND EVENS OUT SKIN TONE LEAVING YOU WITH A FRESH AND NATURAL GLOW.
HOW TO USE: SQUEEZE A PEA SIZED AMOUNT ONTO HANDS, GENTLY MASSAGE INTO DAMP FACE IN CIRCULAR MOTIONS, AVOIDING THE EYE AREA. RINSE THROUGHLY WITH WATER.CAUTION: FOR EXTERNAL USE ONLY. AVOID CONTACT WITH EYES. CONDUCT A SKIN TEST FIRST. STOP USING AND CONSULT A DOCTOR IF SKIN BECOMES RED, SWOLLEN AND ITCHYDURING USE. KEEP OUT OF REACH OF CHILDREN. STORE AT ROOM TEMPERATURE.
INGREDIENTS: WATER, MYRISTIC ACID, GLYCERIN, POTASSIUM HYDROXIDE, PALMITIC ACID, STEARID ACID, LAURAMIDE DEA, SODIUM LAURETH SULFATE, COCAMIDOPROPYL BETAINE, GLYCERYL STEARATE, BENZYL GLYCOL, PEG-100 STEARATE, NIACINAMIDE, GLYCYRRHIZA GLABRA (LICORICE) ROOT EXTRACT, SODIUM CHLORIDE, BUTYLENE GLYCOL, 1,2- HEXANEDIOL, GLYCOL DISTEARATE, RASPBERRY KETONE, CARBOMER, DISODIUM EDTA, LAURIC ACID, ETHYLHEXYLGLYCERIN, CITRIC ACID, SODIUM CARBONATE, FRAGRANCE.",wkwkwkwkwwkwkkwwkw,ph-11134103-7rasl-m8s0f2hcvwvn23.webp.jpg,0
prod_13,High quality rubber shoes Black school shoes for boy and men's,"No in box
Welcome to the shop, our quality guarantee is cheap
EU  size                   36     37       38    39      40    41    42    43    44    45 
inner length (mm) 225  230   235   240   245   250  255  260  265  270
feet length (mm)  220  225  230  235   240   245    250   255   260  265
       width              8-8.5 /8.5/ 9/ 9-9.5 /9.5-10/10 /10-10.5/10.5/10.5-11/11
 NOTE: If your feet are wide and fat, please choose to place an order in one size larger
This shoe is made of rubber material and may be squeezed or deformed during transportation, but it does not affect wearing. You can soak the shoes in hot water for 5 minutes to restore them to their original shape.
happy shopping for you
✅EARN LOTS OF SHOPEE COINS
✅CASH ON DELIVERY
✅ON HAND AND READY TO SHIP
✅PAY TODAY SHIP TOMORROW
NOTE: WRONG PLACEMENT OF SHIPPING FEE WILL NOT BE PROCESS
DELIVERY PERIOD:
 1-2 days Metro Manila
 3-4 days Provincial
PLEASE READ CAREFULLY BEFORE PLACING AN ORDER/S ️
 ✔️ALL ITEMS ARE AVAILABLE UNLESS MARKED AS ""SOLD OUT""
✔CHOOSE THE CORRECT  IF THE ITEMS HAS DIFFERENT COLORS/PRINTS SO WE CAN AVOID MISTAKES
✔WE ACCEPT RETURNS IF THE ITEM IS NOT YET WORN OR USED. BUYER WILL SHOULDER THE RETURN SHIPPING COST
LIKE & FOLLOW US FOR UPDATES! 
HAPPY SHOPPING!",Appearance: good | Colour: fine | Material Quality: matibay | thanks seller. maganda nman yung item kaso hibdi kasya sa anak ko ang liit ng size 31 . secured at walang damages,ph-11134103-7r98t-ly2yfczfvthg39.jpg,1
prod_12,[JSJK] autumn new biscuit shoes canvas shoes women's low top Korean fashion shoes#F110,"Upper; Nylon fly woven  artificial leather elastic band
Sole: rubbe, sole,
Heel: flat bottom, split heel, thick heel and thin heel
Shoes: Sandals, sports, leisure and slippers
Height: generally 2-3 inches, 3-5 inches
Suitable season: spring, summer, autumn and winter
Suitable places: gathering, attending, working, shopping and leisure sports
Year of production: 2020                           
Euro size for women:   35-36-37-38-39-40
Euro size for men：    39-40-41-42-43-44
Size  charm : ADD SIZE PAG MALAPAD PAA!
Women ： 22.5cm-size 35        men ： 24.5cm- size39
23cm-size36                  25cm-size40
23.5cm-size37                 26cm -size41
24cm-size 38                  26.5cm--size42
24.5cm-size39                 27.5cm-size 43
25cm-size40                   28cm-size44
All PRODUCT are ON HAND & READY TO SHIP 
✅EARN SHOPEE COINS 
✅CASH ON DELIVERY
 ✅PAY TODAY SHIP TOMORROW ENJOY FREE SHIPPING & CASH ON DELIVERY FOR A MINIMUM PURCHASE OF 500 PESOS ONLY
DELIVERY PERIOD: 4-10days 
MUST READ 
✔️ALL ITEMS ARE AVAILABLE UNLESS MARKED AS ""SOLD OUT""
 ✔️ The Free Size Item may not Perfectly Fit to Every One 
✔️WE ACCEPT RETURNS IF THE ITEM IS NOT YET WORN OR USED. 
BUYER WILL SHOULDER THE RETURN SHIPPING COST 
LIKE & FOLLOW US FOR UPDATES! 
FOR NOT MISSING ANY DISCOUNT！！！！ 
AFTER SALES SERVICE 
(1)If the item you received is defective, please contact us immediately.
(2) REMINDERS 
(3)(1)Please kindly leave us a positive feedback (5 stars) , if you are satisfied with our items. And you could share with your friends on Facebook, Twitter...Thanks 
(4)(2)Please contact us before leaving any negative feedback or open a dispute on Shopee. 
(5)(3)Please give us the opportunity to resolve any problem .
s",Appearance: cool look | Colour: black & nude | Material Quality: nice quality | Thank you for delivering the right item. I like the design & its very affordable price.,ph-11134103-22110-4byz638r94jv48.jpg;ph-11134103-22110-jc2i5p8r94jv84.jpg;ph-11134103-22110-6byz638r94jv59.jpg;ph-11134103-22110-lc2i5p8r94jvc8.jpg,2
prod_12,[JSJK] autumn new biscuit shoes canvas shoes women's low top Korean fashion shoes#F110,"Upper; Nylon fly woven  artificial leather elastic band
Sole: rubbe, sole,
Heel: flat bottom, split heel, thick heel and thin heel
Shoes: Sandals, sports, leisure and slippers
Height: generally 2-3 inches, 3-5 inches
Suitable season: spring, summer, autumn and winter
Suitable places: gathering, attending, working, shopping and leisure sports
Year of production: 2020                           
Euro size for women:   35-36-37-38-39-40
Euro size for men：    39-40-41-42-43-44
Size  charm : ADD SIZE PAG MALAPAD PAA!
Women ： 22.5cm-size 35        men ： 24.5cm- size39
23cm-size36                  25cm-size40
23.5cm-size37                 26cm -size41
24cm-size 38                  26.5cm--size42
24.5cm-size39                 27.5cm-size 43
25cm-size40                   28cm-size44
All PRODUCT are ON HAND & READY TO SHIP 
✅EARN SHOPEE COINS 
✅CASH ON DELIVERY
 ✅PAY TODAY SHIP TOMORROW ENJOY FREE SHIPPING & CASH ON DELIVERY FOR A MINIMUM PURCHASE OF 500 PESOS ONLY
DELIVERY PERIOD: 4-10days 
MUST READ 
✔️ALL ITEMS ARE AVAILABLE UNLESS MARKED AS ""SOLD OUT""
 ✔️ The Free Size Item may not Perfectly Fit to Every One 
✔️WE ACCEPT RETURNS IF THE ITEM IS NOT YET WORN OR USED. 
BUYER WILL SHOULDER THE RETURN SHIPPING COST 
LIKE & FOLLOW US FOR UPDATES! 
FOR NOT MISSING ANY DISCOUNT！！！！ 
AFTER SALES SERVICE 
(1)If the item you received is defective, please contact us immediately.
(2) REMINDERS 
(3)(1)Please kindly leave us a positive feedback (5 stars) , if you are satisfied with our items. And you could share with your friends on Facebook, Twitter...Thanks 
(4)(2)Please contact us before leaving any negative feedback or open a dispute on Shopee. 
(5)(3)Please give us the opportunity to resolve any problem .
s","SABI NG SELLER REGULAR SIZES DAW EH 39 ANG PAA KO,SO INORDER KO SIZE 39 ANGLIIT GRABEH UNG DI KP LUMALAKAD RAMDAM MO NG SASAKIT UNG PAA MO. MALING MALI. 😒",740002976ffedc00ea6a4107b8ef33d8.jpg,0
prod_01,CCL PH USB Wired Gaming Mouse High Configuration with Backlight for PC & Laptop X1,"💯 High Quality
💯 Brand New
Easy to operate, USB plug and play, no driver needed. Anti-skid and waterproof design. ABS material, laser-etched, non-slip design, splash proof and durable.
Rainbow Color Backlight effects: bringing cool gaming experience, in particular increase gaming keys backlit effect and easy type in the dark.
Quickly control each function, ergonomic design, comfortable to operate.
Button service life: 5 million times
DPI adjustment provides 800/1200/1600 gear shift control for different games.
The smooth 3D roller with anti-skid scale grain ensures you to operate comfortably.
The buttons structure adopt precursor type streamline design provides excellent click sense.
Ergonomic design: perfect size fits naturally in your hand and provides comfortable touch feeling.
Product size: 12.3cm x 6.8cm  x 3.8cm (approx.)
🖌 FREE Shipping
🖌 Cash on Delivery (COD) is available       
🖌 Order Today Ship ASAP     
DELIVERY PERIOD:  
🚚 2-4 days Metro Manila
🚚 3-7 days Provincial
  ⚠️ Please CHOOSE THE CORRECT variation so we can avoid mistakes.
⚠️ If the item you received is defective, please contact us immediately. 
💡 Please leave us a positive feedback with 5 STARS ⭐️ ⭐️ ⭐️ ⭐️ ⭐️ if you are satisfied with our product and service. Your feedback will be much appreciated.
💡 Please contact us immediately before leaving any negative feedbacks or open a dispute on Shopee.","3 days lng gumana. Ang left click Hindi na nag fufunction,parang dumikit sa loob. Kaya bumili na lang ulit ako ng bagong mouse.",ph-11134103-7qul2-lf7xczbwlyxa15.jpg,0
prod_01,CCL PH USB Wired Gaming Mouse High Configuration with Backlight for PC & Laptop X1,"💯 High Quality
💯 Brand New
Easy to operate, USB plug and play, no driver needed. Anti-skid and waterproof design. ABS material, laser-etched, non-slip design, splash proof and durable.
Rainbow Color Backlight effects: bringing cool gaming experience, in particular increase gaming keys backlit effect and easy type in the dark.
Quickly control each function, ergonomic design, comfortable to operate.
Button service life: 5 million times
DPI adjustment provides 800/1200/1600 gear shift control for different games.
The smooth 3D roller with anti-skid scale grain ensures you to operate comfortably.
The buttons structure adopt precursor type streamline design provides excellent click sense.
Ergonomic design: perfect size fits naturally in your hand and provides comfortable touch feeling.
Product size: 12.3cm x 6.8cm  x 3.8cm (approx.)
🖌 FREE Shipping
🖌 Cash on Delivery (COD) is available       
🖌 Order Today Ship ASAP     
DELIVERY PERIOD:  
🚚 2-4 days Metro Manila
🚚 3-7 days Provincial
  ⚠️ Please CHOOSE THE CORRECT variation so we can avoid mistakes.
⚠️ If the item you received is defective, please contact us immediately. 
💡 Please leave us a positive feedback with 5 STARS ⭐️ ⭐️ ⭐️ ⭐️ ⭐️ if you are satisfied with our product and service. Your feedback will be much appreciated.
💡 Please contact us immediately before leaving any negative feedbacks or open a dispute on Shopee.","Performance: okay lg medyo lag ayaw mag click agad | Best Feature: maganda ang ilaw , unique | Product Quality: only good for not so important task , but if you are working on your PC with some documents and essential files it would be great to use expensive mouse | what you see is whatyou get mouse for kids use only",ph-11134103-7r98x-ly38s3x6yzq9b4.jpg,1
prod_11,ICON Webcam 2K/ 1080P/ 720P Full HD Video Call For PC Laptop With Microphone Home USB Video Webcam,"Name: ICON 1080X1920P Webcam 2K
8 million high-definition image sensor, effective resolution 1920*1080
Main control chip: Lingtong GP2247
Camera chip: F37
Camera physical pixels: 800W
Camera angle: 90 degrees
Microphone: built-in noise reduction microphone
Drive type: free drive (plug and play)
Interface type: USB 2.0 (built-in mark)
USB cable length: 140cm
Camera chip size: 1/4'' CMOS
---------------------------------------------------------------------------------------------------------------------------------------------------------
Name: ICON webcam 720P
5 million high-definition image sensor, effective resolution 1280*720
Main control chip: Lingtong GP2247
Camera chip: F37
Camera physical pixels: 500W
Camera angle: 90 degrees
Microphone: built-in noise reduction microphone
Drive type: free drive (plug and play)
Interface type: USB 2.0 (built-in mark)
USB cable length: 140cm
Camera chip size: 1/4'' CMOS
---------------------------------------------------------------------------------------------------------------------------------------------------------
Name: ICON webcam 1080P
5 million high-definition image sensor, effective resolution 1920X1080
Main control chip: Lingtong GP2247
Camera chip: F37
Camera physical pixels: 800W
Camera angle: 90 degrees
Microphone: built-in noise reduction microphone
Drive type: free drive (plug and play)
Interface type: USB 2.0 (built-in mark)
USB cable length: 140cm
Camera chip size: 1/4'' CMOS
warranty service
Replacement within 15 days: Within 15 days after the receipt of the product, if there is a product quality problem that is not artificially damaged, you can contact customer service and we will provide replacement services.
1 year warranty: From the date of receipt of the product, if there is a hardware failure problem under normal use, non-artificial damage, any natural disasters. Free warranty for one year.
Lifetime technical maintenance: After purchasing the product, you can enjoy free lifetime technical consulting services provided by engineers
About shipping: If there is a quality problem within 1 month of purchasing the product, the shipping will be borne by each other.
After one month to one year, the return shipping fee shall be borne by the customer.","Image Quality: average | akala ko ""HD full"" kagaya sa iba, pero iba't ibang model/box pala pinapadala nila. di ganon kalinaw ang camera, malabo kapag nagpic parang di 1080P",ph-11134103-7r991-m084pcbanev818.jpg,1
prod_14,2022 Chinese Collar Polo for Men Long/Short Sleeves Full Buttons Cotton Korean Shirt,"Color: White, Black, Cream, Navy Blue
Size: M, L, XL，XXL
Material: Cotton
Pattern: Plain
Fit Type: Regular Fit
Style: Casual, Fashion
Thickness: Regular
Length: Regular
Decorations: Buttons
Season: Summer
Collar: Chinese Collar",Colour: yung brown is parang kulay rust,ph-11134103-7r991-lowol4lhirf3b7.jpg,1
prod_02,Luxe Organix Whitening Repair Ultra Light Glow Cleanser 150ml,"Evens out skin tone, lighten scars and dark spots, brighten skin
LUXE ORGANIX WHITENING REPAIR GENTLE FOAM CLEANSER IS MADE WITH NIACINAMIDE AND LICORICE ROOT EXTRACT TO REDUCE APPEARANCE OF HYPERPGMENTATION. ENLARGED PORES AND EXCESS OIL. IT LIGHTENS SKIN AND EVENS OUT SKIN TONE LEAVING YOU WITH A FRESH AND NATURAL GLOW.
HOW TO USE: SQUEEZE A PEA SIZED AMOUNT ONTO HANDS, GENTLY MASSAGE INTO DAMP FACE IN CIRCULAR MOTIONS, AVOIDING THE EYE AREA. RINSE THROUGHLY WITH WATER.CAUTION: FOR EXTERNAL USE ONLY. AVOID CONTACT WITH EYES. CONDUCT A SKIN TEST FIRST. STOP USING AND CONSULT A DOCTOR IF SKIN BECOMES RED, SWOLLEN AND ITCHYDURING USE. KEEP OUT OF REACH OF CHILDREN. STORE AT ROOM TEMPERATURE.
INGREDIENTS: WATER, MYRISTIC ACID, GLYCERIN, POTASSIUM HYDROXIDE, PALMITIC ACID, STEARID ACID, LAURAMIDE DEA, SODIUM LAURETH SULFATE, COCAMIDOPROPYL BETAINE, GLYCERYL STEARATE, BENZYL GLYCOL, PEG-100 STEARATE, NIACINAMIDE, GLYCYRRHIZA GLABRA (LICORICE) ROOT EXTRACT, SODIUM CHLORIDE, BUTYLENE GLYCOL, 1,2- HEXANEDIOL, GLYCOL DISTEARATE, RASPBERRY KETONE, CARBOMER, DISODIUM EDTA, LAURIC ACID, ETHYLHEXYLGLYCERIN, CITRIC ACID, SODIUM CARBONATE, FRAGRANCE.",Okay naman,ph-11134103-7r98p-lr119l47n51ga7.jpg,1
prod_03,"Cetaphil Gentle Skin Cleanser 59ml (For Sensitive Skin, Non-Drying Facial Wash, And Paraben Free)","Our best-selling gentle skin cleanser is clinically proven to actively hydrate while cleansing the skin, and defends against the five signs of skin sensitivity including dryness, irritation, roughness, toughness, and a weakened skin barrier
Our best-seller and fan favorite - a mild, non-irritating and soap-free formula that soothes skin as it cleanses. This award-winning cleanser is clinically proven to hydrate while cleansing, and helps to strengthen the skin&#39;s moisture barrier. It can be specifically used for everyday cleansing, and defends against the five signs of skin sensitivity - dryness, irritation, roughness, toughness, and weakened skin barrier. Non-comodogenic, fragrance-free, pH balanced, and dermatologically tested.
Cetaphil is the most prescribed skincare brand by dermatologists.
- Gentle, soap-free, non-irritating cleanser actively hydrates while cleansing
- Defends against the five signs of skin sensitivity, including dryness, irritation, roughness, tightness and weakened skin barrier
- Non-foaming cleanser can be used with or without water
- Suitable for all skin types, including dry and sensitive skin
- Dermatologist tested and clinically proven to be gentle on sensitive skin
- Fragrance free, hypoallergenic and non-comedogenic, so it won&#39;t irritate skin or clog pores
INGREDIENTS:
Aqua, Glycerin, Cetearyl Alcohol, Panthenol, Niacinamide, Pantolactone, Xanthan Gum, Sodium Cocoyl Isethionate, Sodium Benzoate, Citric Acid
Directions for Use:
With water: 
Apply cleanser and gentle massage into skin. Rinse.
Without water:
Apply a liberal amount of cleanser and gently massage into skin.
About the Brand:
Cetaphil is a gentle skincare brand that has been recommended by dermatologists for over 70 years, and is today used by millions of people with sensitive skin from all around the world. It offers a complete range of cleansers, moisturizers and sun protection ideal for face and body, providing gentle yet effective skincare formula to strengthen and protect even the most sensitive skin.
MOST PRESCRIBED SKINCARE BRAND
Cetaphil is the original sensitive cleanser recommended by dermatologists for over 70 years
CLINICALLY TESTED FOR SENSITIVE SKIN
Our soap-free, skin nourishing products will treat your skin without irritation and is hypoallergenic
DEFENDS AGAINST 5 SIGNS OF SENSITIVITY
Clinically proven to soothe, hydrate, and nourish sensitive skin",Effectiveness: legit | Fragrance: legit | Texture: legitimately | I have been buying cetaphil for awhile now and every time i am surprised on how big or small the product is and this one is veeeerrryy small good thing I bought 2 pieces,ph-11134103-7r98z-m09luo7hdt9q60.jpg,1
prod_06,Baseus H19 Wired Earphones 6D Stereo Bass Headphone In-Ear 3.5mm Headset with MIC,"Hey~ Welcome to Baseus Flagship Official Store!!! Please read the product description clearly,choose u need.Most items have ready stocks! Enjoy~
 ❥Package:
1*H19 3.5mm wired earphone
❥Specifications:
Brand: Baseus
Length:1.2m
❥Feature:
1. Inclined in the ear design, comfortable to wear all day.
2. Φ 14 mm moving coil + PU composite diaphragm, 6 d sound quality,
3. Thin wire control design, sensitive keys, durable
4. Built-in HD microphone, high restoration degree,
5. TPE pattern wire, soft and anti-winding
6. Support all devices with 3.5mm interface","Performance: the music is very crisp and clear | Best Feature: the wires are ribbed | Product Quality: 8/10 | maybe because I shifted to earbuds last year or is it because the head doesn't sit well on my ears, but it doesn't affect the sound it's just that I am still getting used to the size, and because it don't have silicone its uncomfy when on ears for more than 2 hrs",ph-11134103-23020-ekvm6mg9k4mv2a.jpg,1
prod_06,Baseus H19 Wired Earphones 6D Stereo Bass Headphone In-Ear 3.5mm Headset with MIC,"Hey~ Welcome to Baseus Flagship Official Store!!! Please read the product description clearly,choose u need.Most items have ready stocks! Enjoy~
 ❥Package:
1*H19 3.5mm wired earphone
❥Specifications:
Brand: Baseus
Length:1.2m
❥Feature:
1. Inclined in the ear design, comfortable to wear all day.
2. Φ 14 mm moving coil + PU composite diaphragm, 6 d sound quality,
3. Thin wire control design, sensitive keys, durable
4. Built-in HD microphone, high restoration degree,
5. TPE pattern wire, soft and anti-winding
6. Support all devices with 3.5mm interface",Performance: Mahina bass sa music | Best Feature: Ok ik | Product Quality: Ok naman quality nya,919a9bc33bcb4bb9ccaedd3958d54dbe.jpg,1
prod_07,Inplay H20 RGB Wired Headset RGB Light Gaming Headset Headphones With Microphone For Pc Laptop,"Inplay Official Service Center Guranteed
6 Months Warranty Period
_______________________________________________________________________________________________________
SPECIFICATION
Brand: INPLAY
Model: H20
Color: Black / White
Warranty: 6 Months
Brand: INPLAY
Model: H30
Color: Balck / White
Warranty: 6 Months
Variation
Brand: Inplay
Model: HG710
Color: Black / White
Driver Diameter: 50mm
Impedance: 30Ω
Sensitivity: 107-113db
Frequency Response: 20hz-20khz
Light Effect: Colorful led light
Cable Length: 1.8m
Product Size:200*190*85mm
Product Weight: 257-277g
Warranty: 6 Months
Brand: INPLAY
Model: S500
Color: Balck
Warranty: 6 Months","Performance: working well | Best Feature: noise cancellinh mic | Malakas talaga siya. Medyo hindi na lang ako siguro ulit nasanay mag headphones pero maganda yung mic niya. Akala ko pwedeng ma-adjust yung parang headband kasi medj maliit yung ulo ko hahaha hindi pala. Mabait po yung nakausap ko sa store nila, sent pictures and answered my inquiries. Mabilis din yung deliver parang 2 days lang nandito na kaagad hahaha. Good for valorant if y'all wanna know. Magaan din sa ulo, hindi mabigat. Thank you po ulit",ph-11134103-7r98o-lsigdsf1m538b0.jpg,2
prod_01,CCL PH USB Wired Gaming Mouse High Configuration with Backlight for PC & Laptop X1,"💯 High Quality
💯 Brand New
Easy to operate, USB plug and play, no driver needed. Anti-skid and waterproof design. ABS material, laser-etched, non-slip design, splash proof and durable.
Rainbow Color Backlight effects: bringing cool gaming experience, in particular increase gaming keys backlit effect and easy type in the dark.
Quickly control each function, ergonomic design, comfortable to operate.
Button service life: 5 million times
DPI adjustment provides 800/1200/1600 gear shift control for different games.
The smooth 3D roller with anti-skid scale grain ensures you to operate comfortably.
The buttons structure adopt precursor type streamline design provides excellent click sense.
Ergonomic design: perfect size fits naturally in your hand and provides comfortable touch feeling.
Product size: 12.3cm x 6.8cm  x 3.8cm (approx.)
🖌 FREE Shipping
🖌 Cash on Delivery (COD) is available       
🖌 Order Today Ship ASAP     
DELIVERY PERIOD:  
🚚 2-4 days Metro Manila
🚚 3-7 days Provincial
  ⚠️ Please CHOOSE THE CORRECT variation so we can avoid mistakes.
⚠️ If the item you received is defective, please contact us immediately. 
💡 Please leave us a positive feedback with 5 STARS ⭐️ ⭐️ ⭐️ ⭐️ ⭐️ if you are satisfied with our product and service. Your feedback will be much appreciated.
💡 Please contact us immediately before leaving any negative feedbacks or open a dispute on Shopee.","Performance: Ang panget gamitin 😥 | Langston Hughes “I have discovered in life that there are ways of getting almost anywhere you want to go, if you really want to go.”",ph-11134103-7r98w-lrel8cy37uut51.jpg,0
prod_08,Inplay S500 Wired RGB Gaming Headset With Mic Surround Sound Over Ear Headphone For PC Laptop,"Inplay Official Service Center Guranteed
Variation
Brand: Inplay
Model: S500
Driver Diameter: 50mm
Impedance: 32Ω@1KHZ
Sensitivity: 115-121db at 1KHZ 1mV
Frequency Response: 20hz-20khz
Light Effect: Colorful led light
Cable Length: 1.8m
Product Size:190*170*90mm
Product Weight: 228-248g
Warranty: 6 Months
Microphone Parameters
Sensitivity: -38-42dB@1KHz
Input mode: DC 3.5 plug
Signal to Noise Ratio: ≥60db
Frequency Response: 100Hz-8KHz","Product Quality: mid | Performance: mid | It's far from my expectations, because it has low volume and a mid quality music But still useable for me when listening to music",ph-11134103-7r991-lmyjeg4wjenlfc.jpg;ph-11134103-7r98v-lmyjeg4wkt8156.jpg,2
prod_12,[JSJK] autumn new biscuit shoes canvas shoes women's low top Korean fashion shoes#F110,"Upper; Nylon fly woven  artificial leather elastic band
Sole: rubbe, sole,
Heel: flat bottom, split heel, thick heel and thin heel
Shoes: Sandals, sports, leisure and slippers
Height: generally 2-3 inches, 3-5 inches
Suitable season: spring, summer, autumn and winter
Suitable places: gathering, attending, working, shopping and leisure sports
Year of production: 2020                           
Euro size for women:   35-36-37-38-39-40
Euro size for men：    39-40-41-42-43-44
Size  charm : ADD SIZE PAG MALAPAD PAA!
Women ： 22.5cm-size 35        men ： 24.5cm- size39
23cm-size36                  25cm-size40
23.5cm-size37                 26cm -size41
24cm-size 38                  26.5cm--size42
24.5cm-size39                 27.5cm-size 43
25cm-size40                   28cm-size44
All PRODUCT are ON HAND & READY TO SHIP 
✅EARN SHOPEE COINS 
✅CASH ON DELIVERY
 ✅PAY TODAY SHIP TOMORROW ENJOY FREE SHIPPING & CASH ON DELIVERY FOR A MINIMUM PURCHASE OF 500 PESOS ONLY
DELIVERY PERIOD: 4-10days 
MUST READ 
✔️ALL ITEMS ARE AVAILABLE UNLESS MARKED AS ""SOLD OUT""
 ✔️ The Free Size Item may not Perfectly Fit to Every One 
✔️WE ACCEPT RETURNS IF THE ITEM IS NOT YET WORN OR USED. 
BUYER WILL SHOULDER THE RETURN SHIPPING COST 
LIKE & FOLLOW US FOR UPDATES! 
FOR NOT MISSING ANY DISCOUNT！！！！ 
AFTER SALES SERVICE 
(1)If the item you received is defective, please contact us immediately.
(2) REMINDERS 
(3)(1)Please kindly leave us a positive feedback (5 stars) , if you are satisfied with our items. And you could share with your friends on Facebook, Twitter...Thanks 
(4)(2)Please contact us before leaving any negative feedback or open a dispute on Shopee. 
(5)(3)Please give us the opportunity to resolve any problem .
s",Appearance: good | Colour: realistic | Material Quality: high | Reference 38 is my real size but theres an allowance that fit one finger.,ph-11134103-22080-v21sjfjfqcgv58.jpg;ph-11134103-22080-5byvy73fqcgvd8.jpg;ph-11134103-22080-vpjnit9fqcgvf9.jpg;ph-11134103-22080-syfz72dgqcgv12.jpg,2
prod_16,URBAN PIPE Fashionable Cargo Pants For Men 6 Pocket Drawstring Pant High Quality Bottoms 42917,"Discover the perfect blend of style and comfort with the URBAN PIPE Cargo Pants for Men. Designed for a modern urban look, these oversized pants feature multiple pockets and a versatile wide-leg design.
Functional Design: Equipped with 6 pockets for ample storage.
Stylish Fit: Oversized hip-hop style with wide-leg straight cut.
Adjustable Comfort: Drawstring waist for a customizable fit.
Add these trendy cargo pants to your wardrobe and elevate your casual outfits effortlessly!","Quality: The material is thin, quite disappointed about the product. It could have been more thicker. | Colour: The color of the item is correct.",ph-11134103-81ztp-meejim9llbt3be.jpg,1
prod_18,POND'S Acne Clear Pore Conditioning Toner with Salicylic Acid and Tea Tree Oil for Anti Pimple 100ml,"Pond’s Acne Clear Pore Conditioning Toner cares for pores to give you clearer skin that is smooth and refined up close. It has Salicylic Acid and Tea Tree Oil that deeply cleans and unclogs pores, helping to reduce pimples for clearer skin. It also has Pore Tightening Essence that conditions pores for smooth and refined skin.","Fragrance: not too strong | Effectiveness: very effective | Texture: light | This is a perfect branded and accessible facial cleanser and toner. If you are acne prone and want to get rid of the pimples, always consider using salysilic acid which this product has and tea tree oil.",ph-11134103-7r992-lo2c31hn2kyi29.jpg;ph-11134103-7r98u-lo2c31hn3ziyc5.jpg;ph-11134103-7r98t-lo2c31hn5e3e57.jpg,2
prod_09,Jeep EW011 TWS True Wireless Bluetooth Earphones HiFi Sound Noise Cancellation HD Calls Earbuds,"Specification:
Brand: Jeep
Model: JP EW011
Wireless version: V5.3
Speaker size: Φ13mm
Sensitivity:118±3dB
Impedance: 250
Frequency response:50HZ-20KHZ
Cell voltage: 3.7V
Music playing time:About 4H (80% volume)
Standby time:About 50H
Charging time:About 2H
Headphone battery capacity: 30mAh/3.7V
Charging compartment battery capacity: 300mAh/3.7V
Product size:61.5x25x45.5mm
What's in the box
2 x Bluetooth Earphones
1 x Charging Case
1 x Charging Cable
1 x User Manual","Product Quality: 8/10 | Best Feature: 8/10 | Performance: 6/10 | Product: Item Not as Described, Poor quality | Maganda na Sana pang regalo ko Kay papa, ehh kaso nga lang madali syang malowbat,😅 Wala pang kalahating Oras ay lowbat na kaagd, Pero sulit nadn kahit papano nagagamit lng pang relax hehe👌",ph-11134103-7rasc-m1ej4s174ik98a.jpg,0
prod_17,Baggy Jeans Korean Style Jeans pants for Men straight cut Men's denim pants for men wide leg pants comfortable pants,"🌴S(27/28) Waist 26.7"" Length 38.1"" Hips 40.1"" 150-160cm. 40-45kg.
🌴M(29/30) Waist 28.7"" Length 38.5"" Hips 41.7"" 160-165cm. 45-55kg.
🌴L(31) Waist 30.7"" Length 38.9"" Hips 43.3"" 165-170cm. 55-60kg.
🌴XL(32/33) Waist 32.6"" Length 39.3"" Hips 44.4"" 165-173cm. 60-65kg.
🌴XXL(34/36) Waist 34.6"" Length 39.7"" Hips 46"" 170-175cm. 65-70kg.
🌴XXXL(38) Waist 36.6"" Length 40.1"" Hips 47.6"" 170-175cm. 70-80kg.",Material Quality: nice quality | Appearance: so much appreciated | Colour: blue,ph-11134103-7ra0j-mdona3zyalii95@resize_w72_nl.webp.jpg,2
prod_13,High quality rubber shoes Black school shoes for boy and men's,"No in box
Welcome to the shop, our quality guarantee is cheap
EU  size                   36     37       38    39      40    41    42    43    44    45 
inner length (mm) 225  230   235   240   245   250  255  260  265  270
feet length (mm)  220  225  230  235   240   245    250   255   260  265
       width              8-8.5 /8.5/ 9/ 9-9.5 /9.5-10/10 /10-10.5/10.5/10.5-11/11
 NOTE: If your feet are wide and fat, please choose to place an order in one size larger
This shoe is made of rubber material and may be squeezed or deformed during transportation, but it does not affect wearing. You can soak the shoes in hot water for 5 minutes to restore them to their original shape.
happy shopping for you
✅EARN LOTS OF SHOPEE COINS
✅CASH ON DELIVERY
✅ON HAND AND READY TO SHIP
✅PAY TODAY SHIP TOMORROW
NOTE: WRONG PLACEMENT OF SHIPPING FEE WILL NOT BE PROCESS
DELIVERY PERIOD:
 1-2 days Metro Manila
 3-4 days Provincial
PLEASE READ CAREFULLY BEFORE PLACING AN ORDER/S ️
 ✔️ALL ITEMS ARE AVAILABLE UNLESS MARKED AS ""SOLD OUT""
✔CHOOSE THE CORRECT  IF THE ITEMS HAS DIFFERENT COLORS/PRINTS SO WE CAN AVOID MISTAKES
✔WE ACCEPT RETURNS IF THE ITEM IS NOT YET WORN OR USED. BUYER WILL SHOULDER THE RETURN SHIPPING COST
LIKE & FOLLOW US FOR UPDATES! 
HAPPY SHOPPING!",Appearance: 1/10 | Material Quality: 4/10 | Colour: 5/10 | ang thin nya sobrang payat as in sakit sa paa.. mahaba sya pero ang payat. approximately lalo sa dulo nasa half inch lang... kapag suot mo tusok ang tatamaan hahaha.. job well done seller kumita ka na may nadismaya ka pa,ph-11134103-7r98x-lpwxdmp50bej0d.jpg,0
prod_11,ICON Webcam 2K/ 1080P/ 720P Full HD Video Call For PC Laptop With Microphone Home USB Video Webcam,"Name: ICON 1080X1920P Webcam 2K
8 million high-definition image sensor, effective resolution 1920*1080
Main control chip: Lingtong GP2247
Camera chip: F37
Camera physical pixels: 800W
Camera angle: 90 degrees
Microphone: built-in noise reduction microphone
Drive type: free drive (plug and play)
Interface type: USB 2.0 (built-in mark)
USB cable length: 140cm
Camera chip size: 1/4'' CMOS
---------------------------------------------------------------------------------------------------------------------------------------------------------
Name: ICON webcam 720P
5 million high-definition image sensor, effective resolution 1280*720
Main control chip: Lingtong GP2247
Camera chip: F37
Camera physical pixels: 500W
Camera angle: 90 degrees
Microphone: built-in noise reduction microphone
Drive type: free drive (plug and play)
Interface type: USB 2.0 (built-in mark)
USB cable length: 140cm
Camera chip size: 1/4'' CMOS
---------------------------------------------------------------------------------------------------------------------------------------------------------
Name: ICON webcam 1080P
5 million high-definition image sensor, effective resolution 1920X1080
Main control chip: Lingtong GP2247
Camera chip: F37
Camera physical pixels: 800W
Camera angle: 90 degrees
Microphone: built-in noise reduction microphone
Drive type: free drive (plug and play)
Interface type: USB 2.0 (built-in mark)
USB cable length: 140cm
Camera chip size: 1/4'' CMOS
warranty service
Replacement within 15 days: Within 15 days after the receipt of the product, if there is a product quality problem that is not artificially damaged, you can contact customer service and we will provide replacement services.
1 year warranty: From the date of receipt of the product, if there is a hardware failure problem under normal use, non-artificial damage, any natural disasters. Free warranty for one year.
Lifetime technical maintenance: After purchasing the product, you can enjoy free lifetime technical consulting services provided by engineers
About shipping: If there is a quality problem within 1 month of purchasing the product, the shipping will be borne by each other.
After one month to one year, the return shipping fee shall be borne by the customer.",Best Feature: The price is the best feature. | Value For Money: Do not expect much with the price range. | Product Quality: It is tolerable.,ph-11134103-7r991-m084pcbanev818.jpg,1
prod_17,Baggy Jeans Korean Style Jeans pants for Men straight cut Men's denim pants for men wide leg pants comfortable pants,"🌴S(27/28) Waist 26.7"" Length 38.1"" Hips 40.1"" 150-160cm. 40-45kg.
🌴M(29/30) Waist 28.7"" Length 38.5"" Hips 41.7"" 160-165cm. 45-55kg.
🌴L(31) Waist 30.7"" Length 38.9"" Hips 43.3"" 165-170cm. 55-60kg.
🌴XL(32/33) Waist 32.6"" Length 39.3"" Hips 44.4"" 165-173cm. 60-65kg.
🌴XXL(34/36) Waist 34.6"" Length 39.7"" Hips 46"" 170-175cm. 65-70kg.
🌴XXXL(38) Waist 36.6"" Length 40.1"" Hips 47.6"" 170-175cm. 70-80kg.",Material Quality: 10 | Appearance: 8 | Colour: 10 | It was good until I saw it was sealed.,ph-11134103-7rasl-m9gwft1wvw370e.jpg,0
prod_03,"Cetaphil Gentle Skin Cleanser 59ml (For Sensitive Skin, Non-Drying Facial Wash, And Paraben Free)","Our best-selling gentle skin cleanser is clinically proven to actively hydrate while cleansing the skin, and defends against the five signs of skin sensitivity including dryness, irritation, roughness, toughness, and a weakened skin barrier
Our best-seller and fan favorite - a mild, non-irritating and soap-free formula that soothes skin as it cleanses. This award-winning cleanser is clinically proven to hydrate while cleansing, and helps to strengthen the skin&#39;s moisture barrier. It can be specifically used for everyday cleansing, and defends against the five signs of skin sensitivity - dryness, irritation, roughness, toughness, and weakened skin barrier. Non-comodogenic, fragrance-free, pH balanced, and dermatologically tested.
Cetaphil is the most prescribed skincare brand by dermatologists.
- Gentle, soap-free, non-irritating cleanser actively hydrates while cleansing
- Defends against the five signs of skin sensitivity, including dryness, irritation, roughness, tightness and weakened skin barrier
- Non-foaming cleanser can be used with or without water
- Suitable for all skin types, including dry and sensitive skin
- Dermatologist tested and clinically proven to be gentle on sensitive skin
- Fragrance free, hypoallergenic and non-comedogenic, so it won&#39;t irritate skin or clog pores
INGREDIENTS:
Aqua, Glycerin, Cetearyl Alcohol, Panthenol, Niacinamide, Pantolactone, Xanthan Gum, Sodium Cocoyl Isethionate, Sodium Benzoate, Citric Acid
Directions for Use:
With water: 
Apply cleanser and gentle massage into skin. Rinse.
Without water:
Apply a liberal amount of cleanser and gently massage into skin.
About the Brand:
Cetaphil is a gentle skincare brand that has been recommended by dermatologists for over 70 years, and is today used by millions of people with sensitive skin from all around the world. It offers a complete range of cleansers, moisturizers and sun protection ideal for face and body, providing gentle yet effective skincare formula to strengthen and protect even the most sensitive skin.
MOST PRESCRIBED SKINCARE BRAND
Cetaphil is the original sensitive cleanser recommended by dermatologists for over 70 years
CLINICALLY TESTED FOR SENSITIVE SKIN
Our soap-free, skin nourishing products will treat your skin without irritation and is hypoallergenic
DEFENDS AGAINST 5 SIGNS OF SENSITIVITY
Clinically proven to soothe, hydrate, and nourish sensitive skin","Fast shipping and ok din packaging✨✨✨ tbh medj nagexpect ako ng freebies kaso wala pero ok lungs. Sa ngayon 3 stars muna kasi di ko pa naman natatry but i'll try to edit it if ever magwork doe, sana talaga.",758090f8ba265c918d6bf3b7c58a9c2b.jpg,1
prod_07,Inplay H20 RGB Wired Headset RGB Light Gaming Headset Headphones With Microphone For Pc Laptop,"Inplay Official Service Center Guranteed
6 Months Warranty Period
_______________________________________________________________________________________________________
SPECIFICATION
Brand: INPLAY
Model: H20
Color: Black / White
Warranty: 6 Months
Brand: INPLAY
Model: H30
Color: Balck / White
Warranty: 6 Months
Variation
Brand: Inplay
Model: HG710
Color: Black / White
Driver Diameter: 50mm
Impedance: 30Ω
Sensitivity: 107-113db
Frequency Response: 20hz-20khz
Light Effect: Colorful led light
Cable Length: 1.8m
Product Size:200*190*85mm
Product Weight: 257-277g
Warranty: 6 Months
Brand: INPLAY
Model: S500
Color: Balck
Warranty: 6 Months",Product Quality: Good | Performance: Good | Good product for a price... I will order again if needed. Thanks seller!,ph-11134103-7rash-m9kzc946v24tf7.jpg;ph-11134103-7rasl-m9kzc93xjcel87.jpg;ph-11134103-7rasb-m9kzc9470o7yed.jpg,2
prod_03,"Cetaphil Gentle Skin Cleanser 59ml (For Sensitive Skin, Non-Drying Facial Wash, And Paraben Free)","Our best-selling gentle skin cleanser is clinically proven to actively hydrate while cleansing the skin, and defends against the five signs of skin sensitivity including dryness, irritation, roughness, toughness, and a weakened skin barrier
Our best-seller and fan favorite - a mild, non-irritating and soap-free formula that soothes skin as it cleanses. This award-winning cleanser is clinically proven to hydrate while cleansing, and helps to strengthen the skin&#39;s moisture barrier. It can be specifically used for everyday cleansing, and defends against the five signs of skin sensitivity - dryness, irritation, roughness, toughness, and weakened skin barrier. Non-comodogenic, fragrance-free, pH balanced, and dermatologically tested.
Cetaphil is the most prescribed skincare brand by dermatologists.
- Gentle, soap-free, non-irritating cleanser actively hydrates while cleansing
- Defends against the five signs of skin sensitivity, including dryness, irritation, roughness, tightness and weakened skin barrier
- Non-foaming cleanser can be used with or without water
- Suitable for all skin types, including dry and sensitive skin
- Dermatologist tested and clinically proven to be gentle on sensitive skin
- Fragrance free, hypoallergenic and non-comedogenic, so it won&#39;t irritate skin or clog pores
INGREDIENTS:
Aqua, Glycerin, Cetearyl Alcohol, Panthenol, Niacinamide, Pantolactone, Xanthan Gum, Sodium Cocoyl Isethionate, Sodium Benzoate, Citric Acid
Directions for Use:
With water: 
Apply cleanser and gentle massage into skin. Rinse.
Without water:
Apply a liberal amount of cleanser and gently massage into skin.
About the Brand:
Cetaphil is a gentle skincare brand that has been recommended by dermatologists for over 70 years, and is today used by millions of people with sensitive skin from all around the world. It offers a complete range of cleansers, moisturizers and sun protection ideal for face and body, providing gentle yet effective skincare formula to strengthen and protect even the most sensitive skin.
MOST PRESCRIBED SKINCARE BRAND
Cetaphil is the original sensitive cleanser recommended by dermatologists for over 70 years
CLINICALLY TESTED FOR SENSITIVE SKIN
Our soap-free, skin nourishing products will treat your skin without irritation and is hypoallergenic
DEFENDS AGAINST 5 SIGNS OF SENSITIVITY
Clinically proven to soothe, hydrate, and nourish sensitive skin",Cetaphil Gentle Skin Cleanser is indeed good for the skin it's just that this is too expensive for mee. I'm actually surprised with the size hahaha. Since it's a gentle cleanser it doesn't lather like an ordinary soap.,ph-11134103-7r98o-lkno5qdppely34.jpg;ph-11134103-7r98o-lkno5qdfpt86a4.jpg;ph-11134103-7r98o-lkno5qe9ol6p59.jpg,1
